num_qubits,clause_ratio,solution_probability,solution_count,theta_angle_count
6,3.500,0.200,2,22
6,3.500,0.200,2,12
6,3.500,0.200,2,15
6,3.500,0.200,5,40
6,3.500,0.200,3,31
6,3.500,0.200,7,27
6,3.500,0.200,4,26
6,3.500,0.200,5,29
6,3.500,0.200,5,44
6,3.500,0.200,1,25
6,3.500,0.200,1,15
6,3.500,0.200,4,17
6,3.500,0.200,6,27
6,3.500,0.200,1,63
6,3.500,0.200,2,33
6,3.500,0.200,1,63
6,3.500,0.200,2,14
6,3.500,0.200,4,37
6,3.500,0.200,1,30
6,3.500,0.200,4,35
6,3.500,0.200,4,27
6,3.500,0.200,2,21
6,3.500,0.200,1,33
6,3.500,0.200,2,34
6,3.500,0.200,4,21
6,3.500,0.200,4,36
6,3.500,0.200,2,40
6,3.500,0.200,6,35
6,3.500,0.200,4,24
6,3.500,0.200,5,48
6,3.500,0.200,3,30
6,3.500,0.200,5,30
6,3.500,0.200,2,13
6,3.500,0.200,1,19
6,3.500,0.200,3,24
6,3.500,0.200,2,12
6,3.500,0.200,4,46
6,3.500,0.200,6,39
6,3.500,0.200,5,50
6,3.500,0.200,4,50
6,3.500,0.200,9,38
6,3.500,0.200,3,16
6,3.500,0.200,1,15
6,3.500,0.200,3,21
6,3.500,0.200,1,18
6,3.500,0.200,3,33
6,3.500,0.200,1,25
6,3.500,0.200,1,17
6,3.500,0.200,3,48
6,3.500,0.200,3,23
6,3.500,0.200,3,29
6,3.500,0.200,4,39
6,3.500,0.200,2,11
6,3.500,0.200,1,38
6,3.500,0.200,2,17
6,3.500,0.200,1,25
6,3.500,0.200,3,30
6,3.500,0.200,1,22
6,3.500,0.200,5,18
6,3.500,0.200,4,31
6,3.500,0.200,2,48
6,3.500,0.200,5,31
6,3.500,0.200,4,31
6,3.500,0.200,4,9
6,3.500,0.200,2,25
6,3.500,0.200,1,13
6,3.500,0.200,1,19
6,3.500,0.200,2,12
6,3.500,0.200,7,33
6,3.500,0.200,6,39
6,3.500,0.200,1,11
6,3.500,0.200,4,24
6,3.500,0.200,5,48
6,3.500,0.200,1,48
6,3.500,0.200,1,23
6,3.500,0.200,4,18
6,3.500,0.200,6,59
6,3.500,0.200,1,22
6,3.500,0.200,3,19
6,3.500,0.200,4,22
6,3.500,0.200,2,32
6,3.500,0.200,2,21
6,3.500,0.200,2,17
6,3.500,0.200,6,42
6,3.500,0.200,3,37
6,3.500,0.200,5,51
6,3.500,0.200,4,25
6,3.500,0.200,6,41
6,3.500,0.200,11,31
6,3.500,0.200,5,47
6,3.500,0.200,4,18
6,3.500,0.200,3,49
6,3.500,0.200,2,44
6,3.500,0.200,2,18
6,3.500,0.200,2,42
6,3.500,0.200,1,25
6,3.500,0.200,1,29
6,3.500,0.200,3,32
6,3.500,0.200,2,39
6,3.500,0.200,2,32
6,3.500,0.200,4,25
6,3.500,0.200,1,48
6,3.500,0.200,3,25
6,3.500,0.200,2,11
6,3.500,0.200,2,17
6,3.500,0.200,4,10
6,3.500,0.200,1,16
6,3.500,0.200,4,33
6,3.500,0.200,7,22
6,3.500,0.200,4,24
6,3.500,0.200,5,26
6,3.500,0.200,1,22
6,3.500,0.200,2,35
6,3.500,0.200,1,16
6,3.500,0.200,3,20
6,3.500,0.200,2,25
6,3.500,0.200,1,21
6,3.500,0.200,5,30
6,3.500,0.200,4,37
6,3.500,0.200,3,19
6,3.500,0.200,2,16
6,3.500,0.200,5,26
6,3.500,0.200,4,27
6,3.500,0.200,1,19
6,3.500,0.200,2,33
6,3.500,0.200,1,38
6,3.500,0.200,1,16
6,3.500,0.200,3,27
6,3.500,0.200,4,35
6,3.500,0.200,9,36
6,3.500,0.200,3,31
6,3.500,0.200,7,39
6,3.500,0.200,1,15
6,3.500,0.200,3,30
6,3.500,0.200,6,18
6,3.500,0.200,5,29
6,3.500,0.200,4,24
6,3.500,0.200,4,20
6,3.500,0.200,1,17
6,3.500,0.200,5,40
6,3.500,0.200,1,37
6,3.500,0.200,5,20
6,3.500,0.200,3,37
6,3.500,0.200,3,32
6,3.500,0.200,6,24
6,3.500,0.200,1,19
6,3.500,0.200,2,39
6,3.500,0.200,6,36
6,3.500,0.200,8,32
6,3.500,0.200,1,14
6,3.500,0.200,5,50
6,3.500,0.200,2,25
6,3.500,0.200,3,16
6,3.500,0.200,6,21
6,3.500,0.200,6,10
6,3.500,0.200,3,34
6,3.500,0.200,1,63
6,3.500,0.200,4,32
6,3.500,0.200,2,43
6,3.500,0.200,6,34
6,3.500,0.200,4,41
6,3.500,0.200,4,41
6,3.500,0.200,3,63
6,3.500,0.200,5,35
6,3.500,0.200,1,15
6,3.500,0.200,3,30
6,3.500,0.200,2,13
6,3.500,0.200,7,48
6,3.500,0.200,5,31
6,3.500,0.200,4,25
6,3.500,0.200,2,21
6,3.500,0.200,4,31
6,3.500,0.200,6,49
6,3.500,0.200,3,32
6,3.500,0.200,1,15
6,3.500,0.200,8,37
6,3.500,0.200,1,37
6,3.500,0.200,2,13
6,3.500,0.200,2,41
6,3.500,0.200,2,43
6,3.500,0.200,2,14
6,3.500,0.200,3,17
6,3.500,0.200,8,46
6,3.500,0.200,5,21
6,3.500,0.200,4,23
6,3.500,0.200,4,10
6,3.500,0.200,2,44
6,3.500,0.200,5,30
6,3.500,0.200,2,19
6,3.500,0.200,1,21
6,3.500,0.200,2,25
6,3.500,0.200,4,38
6,3.500,0.200,1,15
6,3.500,0.200,3,17
6,3.500,0.200,8,23
6,3.500,0.200,2,17
6,3.500,0.200,6,38
6,3.500,0.200,6,34
6,3.500,0.200,4,29
6,3.500,0.200,1,29
6,3.500,0.200,11,37
6,3.500,0.200,1,26
6,3.500,0.200,3,56
6,3.500,0.200,3,34
6,3.500,0.200,2,21
6,3.500,0.200,7,37
6,3.500,0.200,6,39
6,3.500,0.200,4,33
6,3.500,0.200,6,12
6,3.500,0.200,2,22
6,3.500,0.200,8,36
6,3.500,0.200,4,11
6,3.500,0.200,3,34
6,3.500,0.200,8,43
6,3.500,0.200,5,42
6,3.500,0.200,4,39
6,3.500,0.200,3,25
6,3.500,0.200,4,34
6,3.500,0.200,4,36
6,3.500,0.200,1,21
6,3.500,0.200,4,33
6,3.500,0.200,2,11
6,3.500,0.200,2,17
6,3.500,0.200,1,21
6,3.500,0.200,3,26
6,3.500,0.200,6,18
6,3.500,0.200,5,35
6,3.500,0.200,2,12
6,3.500,0.200,6,22
6,3.500,0.200,3,33
6,3.500,0.200,5,19
6,3.500,0.200,4,17
6,3.500,0.200,3,29
6,3.500,0.200,4,22
6,3.500,0.200,2,13
6,3.500,0.200,2,17
6,3.500,0.200,5,30
6,3.500,0.200,3,44
6,3.500,0.200,7,38
6,3.500,0.200,5,63
6,3.500,0.200,3,19
6,3.500,0.200,7,38
6,3.500,0.200,3,16
6,3.500,0.200,3,55
6,3.500,0.200,3,31
6,3.500,0.200,7,37
6,3.500,0.200,2,15
6,3.500,0.200,9,27
6,3.500,0.200,4,13
6,3.500,0.200,5,40
6,3.500,0.200,5,30
6,3.500,0.200,1,12
6,3.500,0.200,4,15
6,3.500,0.200,8,27
6,3.500,0.200,5,18
6,3.500,0.200,3,17
6,3.500,0.200,2,32
6,3.500,0.200,8,43
6,3.500,0.200,4,38
6,3.500,0.200,2,18
6,3.500,0.200,3,37
6,3.500,0.200,4,40
6,3.500,0.200,4,35
6,3.500,0.200,2,11
6,3.500,0.200,6,26
6,3.500,0.200,5,26
6,3.500,0.200,4,29
6,3.500,0.200,4,28
6,3.500,0.200,2,56
6,3.500,0.200,5,43
6,3.500,0.200,5,31
6,3.500,0.200,3,18
6,3.500,0.200,1,30
6,3.500,0.200,4,32
6,3.500,0.200,4,25
6,3.500,0.500,6,22
6,3.500,0.500,4,14
6,3.500,0.500,5,40
6,3.500,0.500,3,25
6,3.500,0.500,4,61
6,3.500,0.500,3,17
6,3.500,0.500,6,38
6,3.500,0.500,8,19
6,3.500,0.500,3,31
6,3.500,0.500,1,33
6,3.500,0.500,2,39
6,3.500,0.500,4,57
6,3.500,0.500,3,34
6,3.500,0.500,2,41
6,3.500,0.500,3,19
6,3.500,0.500,1,22
6,3.500,0.500,2,21
6,3.500,0.500,3,21
6,3.500,0.500,4,39
6,3.500,0.500,3,30
6,3.500,0.500,8,52
6,3.500,0.500,2,22
6,3.500,0.500,3,30
6,3.500,0.500,7,40
6,3.500,0.500,1,21
6,3.500,0.500,2,15
6,3.500,0.500,2,25
6,3.500,0.500,3,30
6,3.500,0.500,3,38
6,3.500,0.500,3,25
6,3.500,0.500,1,14
6,3.500,0.500,2,10
6,3.500,0.500,3,48
6,3.500,0.500,7,34
6,3.500,0.500,3,23
6,3.500,0.500,1,17
6,3.500,0.500,4,29
6,3.500,0.500,8,20
6,3.500,0.500,5,24
6,3.500,0.500,2,33
6,3.500,0.500,5,34
6,3.500,0.500,2,31
6,3.500,0.500,2,56
6,3.500,0.500,4,32
6,3.500,0.500,6,38
6,3.500,0.500,2,31
6,3.500,0.500,1,12
6,3.500,0.500,7,38
6,3.500,0.500,1,23
6,3.500,0.500,9,36
6,3.500,0.500,4,36
6,3.500,0.500,2,41
6,3.500,0.500,5,31
6,3.500,0.500,7,39
6,3.500,0.500,3,48
6,3.500,0.500,3,47
6,3.500,0.500,1,14
6,3.500,0.500,3,25
6,3.500,0.500,4,35
6,3.500,0.500,1,22
6,3.500,0.500,2,27
6,3.500,0.500,1,18
6,3.500,0.500,2,18
6,3.500,0.500,2,21
6,3.500,0.500,1,38
6,3.500,0.500,7,35
6,3.500,0.500,3,18
6,3.500,0.500,1,29
6,3.500,0.500,2,19
6,3.500,0.500,3,45
6,3.500,0.500,2,22
6,3.500,0.500,1,30
6,3.500,0.500,5,38
6,3.500,0.500,2,42
6,3.500,0.500,4,30
6,3.500,0.500,4,63
6,3.500,0.500,2,18
6,3.500,0.500,3,35
6,3.500,0.500,4,17
6,3.500,0.500,1,29
6,3.500,0.500,2,11
6,3.500,0.500,1,13
6,3.500,0.500,1,15
6,3.500,0.500,4,27
6,3.500,0.500,6,26
6,3.500,0.500,3,31
6,3.500,0.500,2,17
6,3.500,0.500,2,18
6,3.500,0.500,2,17
6,3.500,0.500,5,37
6,3.500,0.500,4,18
6,3.500,0.500,2,17
6,3.500,0.500,2,15
6,3.500,0.500,2,15
6,3.500,0.500,2,25
6,3.500,0.500,3,28
6,3.500,0.500,5,29
6,3.500,0.500,5,24
6,3.500,0.500,6,34
6,3.500,0.500,3,38
6,3.500,0.500,3,29
6,3.500,0.500,6,36
6,3.500,0.500,2,18
6,3.500,0.500,1,25
6,3.500,0.500,5,24
6,3.500,0.500,4,32
6,3.500,0.500,2,15
6,3.500,0.500,9,50
6,3.500,0.500,3,15
6,3.500,0.500,4,20
6,3.500,0.500,3,46
6,3.500,0.500,10,36
6,3.500,0.500,6,44
6,3.500,0.500,2,30
6,3.500,0.500,4,27
6,3.500,0.500,6,22
6,3.500,0.500,2,56
6,3.500,0.500,3,26
6,3.500,0.500,3,16
6,3.500,0.500,3,30
6,3.500,0.500,1,23
6,3.500,0.500,11,38
6,3.500,0.500,3,21
6,3.500,0.500,4,35
6,3.500,0.500,6,27
6,3.500,0.500,6,28
6,3.500,0.500,2,18
6,3.500,0.500,2,29
6,3.500,0.500,7,28
6,3.500,0.500,3,30
6,3.500,0.500,4,42
6,3.500,0.500,5,46
6,3.500,0.500,7,29
6,3.500,0.500,5,27
6,3.500,0.500,6,33
6,3.500,0.500,4,36
6,3.500,0.500,2,17
6,3.500,0.500,4,35
6,3.500,0.500,2,25
6,3.500,0.500,4,11
6,3.500,0.500,3,31
6,3.500,0.500,2,18
6,3.500,0.500,3,32
6,3.500,0.500,5,26
6,3.500,0.500,3,48
6,3.500,0.500,5,27
6,3.500,0.500,4,44
6,3.500,0.500,3,30
6,3.500,0.500,1,38
6,3.500,0.500,5,32
6,3.500,0.500,2,22
6,3.500,0.500,3,36
6,3.500,0.500,5,28
6,3.500,0.500,1,23
6,3.500,0.500,1,29
6,3.500,0.500,4,22
6,3.500,0.500,2,20
6,3.500,0.500,5,36
6,3.500,0.500,5,30
6,3.500,0.500,2,24
6,3.500,0.500,1,48
6,3.500,0.500,3,21
6,3.500,0.500,6,36
6,3.500,0.500,3,31
6,3.500,0.500,5,38
6,3.500,0.500,5,42
6,3.500,0.500,5,31
6,3.500,0.500,1,37
6,3.500,0.500,3,34
6,3.500,0.500,4,14
6,3.500,0.500,2,25
6,3.500,0.500,7,22
6,3.500,0.500,1,21
6,3.500,0.500,4,25
6,3.500,0.500,3,17
6,3.500,0.500,3,23
6,3.500,0.500,7,38
6,3.500,0.500,2,27
6,3.500,0.500,1,25
6,3.500,0.500,5,25
6,3.500,0.500,2,35
6,3.500,0.500,6,52
6,3.500,0.500,4,25
6,3.500,0.500,2,15
6,3.500,0.500,4,18
6,3.500,0.500,2,14
6,3.500,0.500,4,15
6,3.500,0.500,5,46
6,3.500,0.500,4,35
6,3.500,0.500,7,56
6,3.500,0.500,8,38
6,3.500,0.500,2,11
6,3.500,0.500,1,15
6,3.500,0.500,5,45
6,3.500,0.500,3,22
6,3.500,0.500,4,10
6,3.500,0.500,6,32
6,3.500,0.500,4,33
6,3.500,0.500,1,22
6,3.500,0.500,4,24
6,3.500,0.500,1,23
6,3.500,0.500,2,14
6,3.500,0.500,3,33
6,3.500,0.500,1,16
6,3.500,0.500,3,33
6,3.500,0.500,4,23
6,3.500,0.500,2,21
6,3.500,0.500,2,17
6,3.500,0.500,1,17
6,3.500,0.500,2,10
6,3.500,0.500,3,15
6,3.500,0.500,1,25
6,3.500,0.500,6,27
6,3.500,0.500,8,21
6,3.500,0.500,3,37
6,3.500,0.500,6,16
6,3.500,0.500,8,18
6,3.500,0.500,5,38
6,3.500,0.500,2,31
6,3.500,0.500,7,24
6,3.500,0.500,1,23
6,3.500,0.500,5,31
6,3.500,0.500,6,35
6,3.500,0.500,4,23
6,3.500,0.500,2,15
6,3.500,0.500,6,31
6,3.500,0.500,5,29
6,3.500,0.500,2,15
6,3.500,0.500,3,37
6,3.500,0.500,2,12
6,3.500,0.500,3,23
6,3.500,0.500,4,13
6,3.500,0.500,4,16
6,3.500,0.500,4,40
6,3.500,0.500,4,21
6,3.500,0.500,2,10
6,3.500,0.500,2,22
6,3.500,0.500,3,34
6,3.500,0.500,1,37
6,3.500,0.500,9,44
6,3.500,0.500,3,28
6,3.500,0.500,2,21
6,3.500,0.500,2,33
6,3.500,0.500,1,63
6,3.500,0.500,1,19
6,3.500,0.500,6,34
6,3.500,0.500,4,29
6,3.500,0.500,1,19
6,3.500,0.500,4,9
6,3.500,0.500,1,15
6,3.500,0.500,6,26
6,3.500,0.500,2,17
6,3.500,0.500,1,17
6,3.500,0.500,1,17
6,3.500,0.500,4,27
6,3.500,0.500,5,37
6,3.500,0.500,2,10
6,3.500,0.500,4,29
6,3.500,0.500,1,15
6,3.500,0.500,3,14
6,3.500,0.500,1,21
6,3.500,0.500,3,38
6,3.500,0.500,2,22
6,3.500,0.500,1,25
6,3.500,0.500,7,45
6,3.500,0.500,2,43
6,3.500,0.500,3,14
6,3.500,0.500,6,25
6,3.500,0.500,5,57
6,3.500,0.500,2,21
6,3.500,0.500,2,21
6,3.500,0.500,2,21
6,3.500,0.500,2,14
6,3.500,0.500,6,29
6,3.500,0.500,2,13
6,3.500,0.500,1,11
6,3.500,0.500,3,38
6,3.500,0.750,6,41
6,3.500,0.750,1,26
6,3.500,0.750,2,19
6,3.500,0.750,3,36
6,3.500,0.750,5,32
6,3.500,0.750,4,46
6,3.500,0.750,4,52
6,3.500,0.750,3,41
6,3.500,0.750,5,63
6,3.500,0.750,2,10
6,3.500,0.750,5,28
6,3.500,0.750,4,24
6,3.500,0.750,8,38
6,3.500,0.750,4,32
6,3.500,0.750,1,48
6,3.500,0.750,7,49
6,3.500,0.750,5,30
6,3.500,0.750,4,53
6,3.500,0.750,1,19
6,3.500,0.750,5,36
6,3.500,0.750,4,10
6,3.500,0.750,4,16
6,3.500,0.750,3,25
6,3.500,0.750,4,19
6,3.500,0.750,3,63
6,3.500,0.750,8,35
6,3.500,0.750,4,31
6,3.500,0.750,4,38
6,3.500,0.750,6,31
6,3.500,0.750,1,23
6,3.500,0.750,2,28
6,3.500,0.750,2,20
6,3.500,0.750,2,20
6,3.500,0.750,1,25
6,3.500,0.750,3,37
6,3.500,0.750,6,19
6,3.500,0.750,4,20
6,3.500,0.750,1,15
6,3.500,0.750,2,25
6,3.500,0.750,4,13
6,3.500,0.750,2,16
6,3.500,0.750,2,17
6,3.500,0.750,4,9
6,3.500,0.750,5,27
6,3.500,0.750,4,35
6,3.500,0.750,5,56
6,3.500,0.750,3,30
6,3.500,0.750,2,32
6,3.500,0.750,3,17
6,3.500,0.750,1,21
6,3.500,0.750,4,36
6,3.500,0.750,4,22
6,3.500,0.750,2,22
6,3.500,0.750,2,29
6,3.500,0.750,2,46
6,3.500,0.750,7,51
6,3.500,0.750,3,63
6,3.500,0.750,1,17
6,3.500,0.750,5,38
6,3.500,0.750,3,30
6,3.500,0.750,8,9
6,3.500,0.750,2,18
6,3.500,0.750,1,22
6,3.500,0.750,1,15
6,3.500,0.750,3,25
6,3.500,0.750,1,33
6,3.500,0.750,3,30
6,3.500,0.750,2,32
6,3.500,0.750,3,25
6,3.500,0.750,4,26
6,3.500,0.750,2,58
6,3.500,0.750,5,15
6,3.500,0.750,4,38
6,3.500,0.750,3,48
6,3.500,0.750,3,20
6,3.500,0.750,3,36
6,3.500,0.750,3,21
6,3.500,0.750,2,22
6,3.500,0.750,2,13
6,3.500,0.750,3,31
6,3.500,0.750,9,55
6,3.500,0.750,4,36
6,3.500,0.750,4,22
6,3.500,0.750,5,29
6,3.500,0.750,4,17
6,3.500,0.750,3,24
6,3.500,0.750,3,39
6,3.500,0.750,4,23
6,3.500,0.750,3,56
6,3.500,0.750,2,21
6,3.500,0.750,2,35
6,3.500,0.750,2,22
6,3.500,0.750,3,30
6,3.500,0.750,2,25
6,3.500,0.750,5,16
6,3.500,0.750,1,22
6,3.500,0.750,1,63
6,3.500,0.750,5,40
6,3.500,0.750,1,63
6,3.500,0.750,11,37
6,3.500,0.750,2,27
6,3.500,0.750,3,36
6,3.500,0.750,2,17
6,3.500,0.750,1,38
6,3.500,0.750,1,37
6,3.500,0.750,4,18
6,3.500,0.750,5,23
6,3.500,0.750,4,33
6,3.500,0.750,6,12
6,3.500,0.750,5,38
6,3.500,0.750,5,40
6,3.500,0.750,9,31
6,3.500,0.750,3,15
6,3.500,0.750,4,24
6,3.500,0.750,4,40
6,3.500,0.750,4,26
6,3.500,0.750,1,13
6,3.500,0.750,3,27
6,3.500,0.750,6,23
6,3.500,0.750,6,22
6,3.500,0.750,4,36
6,3.500,0.750,5,40
6,3.500,0.750,4,35
6,3.500,0.750,9,42
6,3.500,0.750,3,19
6,3.500,0.750,4,34
6,3.500,0.750,5,29
6,3.500,0.750,1,37
6,3.500,0.750,1,12
6,3.500,0.750,5,48
6,3.500,0.750,3,59
6,3.500,0.750,2,22
6,3.500,0.750,4,35
6,3.500,0.750,2,22
6,3.500,0.750,2,32
6,3.500,0.750,4,25
6,3.500,0.750,6,12
6,3.500,0.750,2,13
6,3.500,0.750,6,26
6,3.500,0.750,6,55
6,3.500,0.750,4,46
6,3.500,0.750,4,48
6,3.500,0.750,5,24
6,3.500,0.750,5,33
6,3.500,0.750,4,37
6,3.500,0.750,2,25
6,3.500,0.750,3,26
6,3.500,0.750,4,17
6,3.500,0.750,4,29
6,3.500,0.750,5,35
6,3.500,0.750,3,21
6,3.500,0.750,3,19
6,3.500,0.750,3,21
6,3.500,0.750,3,17
6,3.500,0.750,4,48
6,3.500,0.750,3,29
6,3.500,0.750,1,29
6,3.500,0.750,4,15
6,3.500,0.750,3,50
6,3.500,0.750,4,10
6,3.500,0.750,2,31
6,3.500,0.750,5,54
6,3.500,0.750,3,33
6,3.500,0.750,2,11
6,3.500,0.750,1,11
6,3.500,0.750,5,43
6,3.500,0.750,2,39
6,3.500,0.750,3,30
6,3.500,0.750,2,38
6,3.500,0.750,3,27
6,3.500,0.750,2,15
6,3.500,0.750,2,23
6,3.500,0.750,1,23
6,3.500,0.750,2,19
6,3.500,0.750,1,14
6,3.500,0.750,2,18
6,3.500,0.750,2,21
6,3.500,0.750,4,36
6,3.500,0.750,2,14
6,3.500,0.750,5,37
6,3.500,0.750,3,40
6,3.500,0.750,3,19
6,3.500,0.750,3,33
6,3.500,0.750,5,42
6,3.500,0.750,5,37
6,3.500,0.750,2,54
6,3.500,0.750,2,18
6,3.500,0.750,5,35
6,3.500,0.750,2,14
6,3.500,0.750,3,59
6,3.500,0.750,1,17
6,3.500,0.750,2,18
6,3.500,0.750,6,33
6,3.500,0.750,3,26
6,3.500,0.750,6,18
6,3.500,0.750,2,22
6,3.500,0.750,7,38
6,3.500,0.750,1,29
6,3.500,0.750,7,26
6,3.500,0.750,2,11
6,3.500,0.750,1,21
6,3.500,0.750,4,39
6,3.500,0.750,4,37
6,3.500,0.750,4,47
6,3.500,0.750,6,34
6,3.500,0.750,4,27
6,3.500,0.750,3,33
6,3.500,0.750,2,61
6,3.500,0.750,1,21
6,3.500,0.750,4,37
6,3.500,0.750,2,15
6,3.500,0.750,3,28
6,3.500,0.750,1,23
6,3.500,0.750,2,23
6,3.500,0.750,1,63
6,3.500,0.750,2,14
6,3.500,0.750,2,15
6,3.500,0.750,4,26
6,3.500,0.750,9,39
6,3.500,0.750,6,57
6,3.500,0.750,2,41
6,3.500,0.750,9,56
6,3.500,0.750,2,17
6,3.500,0.750,1,11
6,3.500,0.750,4,45
6,3.500,0.750,4,17
6,3.500,0.750,2,24
6,3.500,0.750,3,31
6,3.500,0.750,4,41
6,3.500,0.750,1,25
6,3.500,0.750,4,21
6,3.500,0.750,4,17
6,3.500,0.750,4,24
6,3.500,0.750,4,30
6,3.500,0.750,3,25
6,3.500,0.750,3,14
6,3.500,0.750,5,63
6,3.500,0.750,4,38
6,3.500,0.750,4,28
6,3.500,0.750,2,16
6,3.500,0.750,1,30
6,3.500,0.750,3,38
6,3.500,0.750,2,29
6,3.500,0.750,4,27
6,3.500,0.750,3,52
6,3.500,0.750,4,23
6,3.500,0.750,1,21
6,3.500,0.750,4,24
6,3.500,0.750,4,13
6,3.500,0.750,4,38
6,3.500,0.750,4,24
6,3.500,0.750,2,17
6,3.500,0.750,2,41
6,3.500,0.750,3,52
6,3.500,0.750,5,35
6,3.500,0.750,4,25
6,3.500,0.750,3,21
6,3.500,0.750,3,18
6,3.500,0.750,2,22
6,3.500,0.750,4,17
6,3.500,0.750,2,26
6,3.500,0.750,2,42
6,3.500,0.750,2,11
6,3.500,0.750,2,21
6,3.500,0.750,2,18
6,3.500,0.750,2,15
6,3.500,0.750,7,32
6,3.500,0.750,3,29
6,3.500,0.750,6,35
6,3.500,0.750,3,41
6,3.500,0.750,2,17
6,3.500,0.750,4,47
6,3.500,0.750,4,14
6,3.500,0.900,2,11
6,3.500,0.900,6,37
6,3.500,0.900,3,37
6,3.500,0.900,6,41
6,3.500,0.900,2,22
6,3.500,0.900,1,11
6,3.500,0.900,1,48
6,3.500,0.900,2,29
6,3.500,0.900,3,16
6,3.500,0.900,3,43
6,3.500,0.900,2,36
6,3.500,0.900,6,16
6,3.500,0.900,4,38
6,3.500,0.900,5,42
6,3.500,0.900,2,13
6,3.500,0.900,4,42
6,3.500,0.900,2,34
6,3.500,0.900,4,26
6,3.500,0.900,5,34
6,3.500,0.900,3,45
6,3.500,0.900,3,26
6,3.500,0.900,7,47
6,3.500,0.900,3,13
6,3.500,0.900,1,17
6,3.500,0.900,5,60
6,3.500,0.900,1,22
6,3.500,0.900,1,19
6,3.500,0.900,2,32
6,3.500,0.900,4,42
6,3.500,0.900,2,32
6,3.500,0.900,1,15
6,3.500,0.900,5,24
6,3.500,0.900,3,22
6,3.500,0.900,2,31
6,3.500,0.900,3,13
6,3.500,0.900,4,27
6,3.500,0.900,2,12
6,3.500,0.900,3,14
6,3.500,0.900,1,17
6,3.500,0.900,4,33
6,3.500,0.900,7,38
6,3.500,0.900,3,33
6,3.500,0.900,8,37
6,3.500,0.900,5,26
6,3.500,0.900,1,41
6,3.500,0.900,1,22
6,3.500,0.900,3,31
6,3.500,0.900,2,60
6,3.500,0.900,9,48
6,3.500,0.900,3,39
6,3.500,0.900,3,18
6,3.500,0.900,5,58
6,3.500,0.900,2,27
6,3.500,0.900,4,32
6,3.500,0.900,3,34
6,3.500,0.900,2,25
6,3.500,0.900,3,29
6,3.500,0.900,4,33
6,3.500,0.900,2,17
6,3.500,0.900,3,35
6,3.500,0.900,3,41
6,3.500,0.900,4,27
6,3.500,0.900,7,26
6,3.500,0.900,4,50
6,3.500,0.900,4,55
6,3.500,0.900,3,19
6,3.500,0.900,4,41
6,3.500,0.900,1,29
6,3.500,0.900,3,21
6,3.500,0.900,4,34
6,3.500,0.900,3,43
6,3.500,0.900,5,48
6,3.500,0.900,2,10
6,3.500,0.900,1,25
6,3.500,0.900,2,41
6,3.500,0.900,2,32
6,3.500,0.900,4,9
6,3.500,0.900,1,41
6,3.500,0.900,1,15
6,3.500,0.900,3,63
6,3.500,0.900,2,14
6,3.500,0.900,4,37
6,3.500,0.900,3,37
6,3.500,0.900,5,18
6,3.500,0.900,5,50
6,3.500,0.900,3,41
6,3.500,0.900,5,55
6,3.500,0.900,4,38
6,3.500,0.900,4,30
6,3.500,0.900,5,43
6,3.500,0.900,2,12
6,3.500,0.900,4,23
6,3.500,0.900,3,23
6,3.500,0.900,3,31
6,3.500,0.900,5,18
6,3.500,0.900,6,41
6,3.500,0.900,4,21
6,3.500,0.900,8,31
6,3.500,0.900,5,34
6,3.500,0.900,2,17
6,3.500,0.900,3,15
6,3.500,0.900,2,25
6,3.500,0.900,6,39
6,3.500,0.900,2,33
6,3.500,0.900,7,23
6,3.500,0.900,2,12
6,3.500,0.900,5,47
6,3.500,0.900,9,49
6,3.500,0.900,5,22
6,3.500,0.900,1,19
6,3.500,0.900,5,33
6,3.500,0.900,3,50
6,3.500,0.900,5,30
6,3.500,0.900,2,22
6,3.500,0.900,2,61
6,3.500,0.900,2,36
6,3.500,0.900,6,37
6,3.500,0.900,4,39
6,3.500,0.900,8,45
6,3.500,0.900,2,18
6,3.500,0.900,3,36
6,3.500,0.900,2,12
6,3.500,0.900,1,17
6,3.500,0.900,2,35
6,3.500,0.900,3,31
6,3.500,0.900,4,44
6,3.500,0.900,1,16
6,3.500,0.900,5,46
6,3.500,0.900,3,51
6,3.500,0.900,1,16
6,3.500,0.900,4,49
6,3.500,0.900,4,33
6,3.500,0.900,4,16
6,3.500,0.900,4,18
6,3.500,0.900,6,32
6,3.500,0.900,6,42
6,3.500,0.900,5,22
6,3.500,0.900,5,55
6,3.500,0.900,1,63
6,3.500,0.900,2,21
6,3.500,0.900,3,48
6,3.500,0.900,4,33
6,3.500,0.900,2,12
6,3.500,0.900,1,11
6,3.500,0.900,2,20
6,3.500,0.900,4,49
6,3.500,0.900,3,40
6,3.500,0.900,3,20
6,3.500,0.900,1,11
6,3.500,0.900,1,25
6,3.500,0.900,2,29
6,3.500,0.900,2,18
6,3.500,0.900,5,48
6,3.500,0.900,2,42
6,3.500,0.900,2,21
6,3.500,0.900,6,35
6,3.500,0.900,1,63
6,3.500,0.900,6,29
6,3.500,0.900,6,28
6,3.500,0.900,7,45
6,3.500,0.900,3,48
6,3.500,0.900,1,22
6,3.500,0.900,2,15
6,3.500,0.900,1,11
6,3.500,0.900,3,20
6,3.500,0.900,3,27
6,3.500,0.900,2,15
6,3.500,0.900,6,17
6,3.500,0.900,5,39
6,3.500,0.900,1,15
6,3.500,0.900,3,28
6,3.500,0.900,4,27
6,3.500,0.900,2,41
6,3.500,0.900,4,29
6,3.500,0.900,1,22
6,3.500,0.900,2,26
6,3.500,0.900,1,63
6,3.500,0.900,3,56
6,3.500,0.900,10,37
6,3.500,0.900,2,42
6,3.500,0.900,3,30
6,3.500,0.900,1,17
6,3.500,0.900,3,33
6,3.500,0.900,2,32
6,3.500,0.900,2,32
6,3.500,0.900,5,31
6,3.500,0.900,7,43
6,3.500,0.900,4,23
6,3.500,0.900,3,33
6,3.500,0.900,6,31
6,3.500,0.900,3,47
6,3.500,0.900,2,18
6,3.500,0.900,7,40
6,3.500,0.900,3,24
6,3.500,0.900,4,33
6,3.500,0.900,3,33
6,3.500,0.900,1,19
6,3.500,0.900,3,12
6,3.500,0.900,5,50
6,3.500,0.900,5,20
6,3.500,0.900,4,10
6,3.500,0.900,5,20
6,3.500,0.900,2,34
6,3.500,0.900,3,15
6,3.500,0.900,4,17
6,3.500,0.900,5,39
6,3.500,0.900,2,32
6,3.500,0.900,1,23
6,3.500,0.900,4,27
6,3.500,0.900,2,45
6,3.500,0.900,3,33
6,3.500,0.900,5,53
6,3.500,0.900,2,21
6,3.500,0.900,5,29
6,3.500,0.900,1,26
6,3.500,0.900,3,52
6,3.500,0.900,3,15
6,3.500,0.900,2,39
6,3.500,0.900,6,39
6,3.500,0.900,5,37
6,3.500,0.900,3,33
6,3.500,0.900,9,29
6,3.500,0.900,3,52
6,3.500,0.900,1,37
6,3.500,0.900,5,28
6,3.500,0.900,2,22
6,3.500,0.900,5,29
6,3.500,0.900,6,36
6,3.500,0.900,4,40
6,3.500,0.900,2,10
6,3.500,0.900,6,22
6,3.500,0.900,1,63
6,3.500,0.900,3,45
6,3.500,0.900,2,56
6,3.500,0.900,5,32
6,3.500,0.900,5,26
6,3.500,0.900,5,36
6,3.500,0.900,2,13
6,3.500,0.900,4,29
6,3.500,0.900,6,34
6,3.500,0.900,4,18
6,3.500,0.900,5,28
6,3.500,0.900,5,28
6,3.500,0.900,4,22
6,3.500,0.900,4,41
6,3.500,0.900,3,26
6,3.500,0.900,1,15
6,3.500,0.900,7,30
6,3.500,0.900,2,17
6,3.500,0.900,2,19
6,3.500,0.900,2,59
6,3.500,0.900,4,45
6,3.500,0.900,5,45
6,3.500,0.900,3,23
6,3.500,0.900,1,13
6,3.500,0.900,3,30
6,3.500,0.900,4,11
6,3.500,0.900,3,57
6,3.500,0.900,6,39
6,3.500,0.900,4,47
6,3.500,0.900,4,10
6,3.500,0.900,3,32
6,3.500,0.900,3,38
6,3.500,0.900,2,21
6,3.500,0.900,4,13
6,3.500,0.900,3,31
6,3.500,0.900,1,25
6,3.500,0.900,2,15
6,3.500,0.900,1,21
6,3.500,0.900,6,17
6,3.500,0.900,3,19
6,3.500,0.900,3,26
6,3.500,0.900,3,36
6,3.500,0.900,4,38
6,3.500,0.900,5,43
6,3.500,0.900,2,17
6,3.500,0.900,2,29
6,3.500,0.900,5,45
6,3.500,0.900,4,21
6,3.500,0.900,4,18
6,3.500,0.900,1,41
6,3.500,0.900,6,29
6,3.500,0.900,3,26
6,3.500,0.900,2,12
6,3.500,0.900,4,37
6,3.500,0.950,5,44
6,3.500,0.950,3,20
6,3.500,0.950,4,35
6,3.500,0.950,2,25
6,3.500,0.950,3,28
6,3.500,0.950,1,25
6,3.500,0.950,3,37
6,3.500,0.950,6,31
6,3.500,0.950,2,15
6,3.500,0.950,4,19
6,3.500,0.950,8,44
6,3.500,0.950,3,48
6,3.500,0.950,3,26
6,3.500,0.950,5,41
6,3.500,0.950,5,29
6,3.500,0.950,2,17
6,3.500,0.950,2,15
6,3.500,0.950,6,32
6,3.500,0.950,3,38
6,3.500,0.950,3,51
6,3.500,0.950,1,23
6,3.500,0.950,3,33
6,3.500,0.950,3,55
6,3.500,0.950,5,24
6,3.500,0.950,4,47
6,3.500,0.950,5,44
6,3.500,0.950,2,21
6,3.500,0.950,2,15
6,3.500,0.950,4,41
6,3.500,0.950,2,22
6,3.500,0.950,2,28
6,3.500,0.950,3,19
6,3.500,0.950,3,29
6,3.500,0.950,2,17
6,3.500,0.950,2,13
6,3.500,0.950,4,22
6,3.500,0.950,1,41
6,3.500,0.950,1,38
6,3.500,0.950,2,21
6,3.500,0.950,4,38
6,3.500,0.950,4,48
6,3.500,0.950,2,16
6,3.500,0.950,2,23
6,3.500,0.950,1,21
6,3.500,0.950,5,36
6,3.500,0.950,2,38
6,3.500,0.950,1,21
6,3.500,0.950,3,41
6,3.500,0.950,6,28
6,3.500,0.950,4,29
6,3.500,0.950,6,49
6,3.500,0.950,1,19
6,3.500,0.950,1,48
6,3.500,0.950,3,37
6,3.500,0.950,5,36
6,3.500,0.950,4,57
6,3.500,0.950,1,26
6,3.500,0.950,4,13
6,3.500,0.950,4,16
6,3.500,0.950,3,49
6,3.500,0.950,4,31
6,3.500,0.950,2,13
6,3.500,0.950,5,19
6,3.500,0.950,1,29
6,3.500,0.950,4,24
6,3.500,0.950,3,43
6,3.500,0.950,5,24
6,3.500,0.950,3,32
6,3.500,0.950,1,22
6,3.500,0.950,2,25
6,3.500,0.950,4,55
6,3.500,0.950,4,16
6,3.500,0.950,3,37
6,3.500,0.950,3,19
6,3.500,0.950,5,29
6,3.500,0.950,5,17
6,3.500,0.950,4,16
6,3.500,0.950,3,23
6,3.500,0.950,5,46
6,3.500,0.950,4,37
6,3.500,0.950,1,30
6,3.500,0.950,1,21
6,3.500,0.950,4,54
6,3.500,0.950,2,11
6,3.500,0.950,3,25
6,3.500,0.950,6,26
6,3.500,0.950,2,12
6,3.500,0.950,3,30
6,3.500,0.950,1,63
6,3.500,0.950,4,31
6,3.500,0.950,3,24
6,3.500,0.950,5,41
6,3.500,0.950,1,48
6,3.500,0.950,6,31
6,3.500,0.950,4,15
6,3.500,0.950,1,33
6,3.500,0.950,3,38
6,3.500,0.950,2,12
6,3.500,0.950,4,51
6,3.500,0.950,5,38
6,3.500,0.950,4,9
6,3.500,0.950,4,25
6,3.500,0.950,2,23
6,3.500,0.950,4,38
6,3.500,0.950,2,13
6,3.500,0.950,4,42
6,3.500,0.950,1,16
6,3.500,0.950,5,29
6,3.500,0.950,4,13
6,3.500,0.950,4,30
6,3.500,0.950,6,26
6,3.500,0.950,3,27
6,3.500,0.950,5,44
6,3.500,0.950,10,32
6,3.500,0.950,2,30
6,3.500,0.950,1,26
6,3.500,0.950,1,15
6,3.500,0.950,3,34
6,3.500,0.950,3,44
6,3.500,0.950,1,21
6,3.500,0.950,2,25
6,3.500,0.950,7,42
6,3.500,0.950,6,38
6,3.500,0.950,2,58
6,3.500,0.950,4,13
6,3.500,0.950,6,28
6,3.500,0.950,1,21
6,3.500,0.950,3,24
6,3.500,0.950,1,17
6,3.500,0.950,9,23
6,3.500,0.950,2,10
6,3.500,0.950,8,32
6,3.500,0.950,1,21
6,3.500,0.950,4,54
6,3.500,0.950,1,15
6,3.500,0.950,1,15
6,3.500,0.950,6,34
6,3.500,0.950,8,31
6,3.500,0.950,3,32
6,3.500,0.950,1,41
6,3.500,0.950,4,37
6,3.500,0.950,6,36
6,3.500,0.950,5,33
6,3.500,0.950,3,38
6,3.500,0.950,2,17
6,3.500,0.950,4,22
6,3.500,0.950,3,25
6,3.500,0.950,2,22
6,3.500,0.950,5,48
6,3.500,0.950,3,18
6,3.500,0.950,9,37
6,3.500,0.950,4,37
6,3.500,0.950,3,21
6,3.500,0.950,3,27
6,3.500,0.950,1,13
6,3.500,0.950,4,33
6,3.500,0.950,4,39
6,3.500,0.950,3,24
6,3.500,0.950,7,28
6,3.500,0.950,5,24
6,3.500,0.950,2,25
6,3.500,0.950,2,21
6,3.500,0.950,4,9
6,3.500,0.950,1,11
6,3.500,0.950,6,21
6,3.500,0.950,5,24
6,3.500,0.950,3,23
6,3.500,0.950,4,38
6,3.500,0.950,3,35
6,3.500,0.950,2,21
6,3.500,0.950,3,19
6,3.500,0.950,3,37
6,3.500,0.950,5,38
6,3.500,0.950,7,33
6,3.500,0.950,3,38
6,3.500,0.950,3,25
6,3.500,0.950,3,37
6,3.500,0.950,3,21
6,3.500,0.950,2,39
6,3.500,0.950,1,17
6,3.500,0.950,4,33
6,3.500,0.950,5,63
6,3.500,0.950,2,41
6,3.500,0.950,2,25
6,3.500,0.950,4,34
6,3.500,0.950,1,23
6,3.500,0.950,3,31
6,3.500,0.950,2,12
6,3.500,0.950,4,63
6,3.500,0.950,6,14
6,3.500,0.950,1,11
6,3.500,0.950,3,30
6,3.500,0.950,1,12
6,3.500,0.950,3,29
6,3.500,0.950,4,37
6,3.500,0.950,2,35
6,3.500,0.950,3,43
6,3.500,0.950,2,41
6,3.500,0.950,5,28
6,3.500,0.950,5,44
6,3.500,0.950,3,37
6,3.500,0.950,5,17
6,3.500,0.950,4,30
6,3.500,0.950,5,23
6,3.500,0.950,5,41
6,3.500,0.950,2,10
6,3.500,0.950,2,13
6,3.500,0.950,3,28
6,3.500,0.950,3,56
6,3.500,0.950,2,15
6,3.500,0.950,3,23
6,3.500,0.950,4,59
6,3.500,0.950,3,24
6,3.500,0.950,3,31
6,3.500,0.950,1,15
6,3.500,0.950,6,31
6,3.500,0.950,2,11
6,3.500,0.950,6,34
6,3.500,0.950,6,10
6,3.500,0.950,1,15
6,3.500,0.950,7,37
6,3.500,0.950,4,30
6,3.500,0.950,2,17
6,3.500,0.950,1,37
6,3.500,0.950,6,23
6,3.500,0.950,3,22
6,3.500,0.950,1,21
6,3.500,0.950,6,20
6,3.500,0.950,5,22
6,3.500,0.950,9,35
6,3.500,0.950,4,23
6,3.500,0.950,4,29
6,3.500,0.950,4,24
6,3.500,0.950,1,22
6,3.500,0.950,2,12
6,3.500,0.950,2,17
6,3.500,0.950,2,41
6,3.500,0.950,5,30
6,3.500,0.950,4,44
6,3.500,0.950,3,29
6,3.500,0.950,7,48
6,3.500,0.950,3,34
6,3.500,0.950,2,18
6,3.500,0.950,2,29
6,3.500,0.950,1,41
6,3.500,0.950,4,29
6,3.500,0.950,2,21
6,3.500,0.950,1,22
6,3.500,0.950,2,25
6,3.500,0.950,2,17
6,3.500,0.950,5,29
6,3.500,0.950,1,11
6,3.500,0.950,3,25
6,3.500,0.950,2,17
6,3.500,0.950,2,25
6,3.500,0.950,3,42
6,3.500,0.950,3,21
6,3.500,0.950,1,15
6,3.500,0.950,4,34
6,3.500,0.950,2,32
6,3.500,0.950,7,31
6,3.500,0.950,4,22
6,3.500,0.950,1,30
6,3.500,0.950,2,22
6,3.500,0.950,4,23
6,3.500,0.950,2,21
6,3.500,0.950,2,25
6,3.500,0.950,5,47
6,3.500,0.950,5,25
6,3.500,0.950,3,33
6,3.500,0.950,6,33
6,3.500,0.950,6,18
6,3.500,0.950,3,25
6,3.500,0.950,2,48
6,3.500,0.950,4,20
6,3.500,0.950,3,21
6,3.500,1.000,3,6
6,3.500,1.000,2,3
6,3.500,1.000,4,6
6,3.500,1.000,3,7
6,3.500,1.000,4,7
6,3.500,1.000,3,3
6,3.500,1.000,4,4
6,3.500,1.000,3,7
6,3.500,1.000,2,8
6,3.500,1.000,4,6
6,3.500,1.000,2,4
6,3.500,1.000,8,13
6,3.500,1.000,4,8
6,3.500,1.000,6,16
6,3.500,1.000,1,4
6,3.500,1.000,6,8
6,3.500,1.000,2,4
6,3.500,1.000,5,6
6,3.500,1.000,6,9
6,3.500,1.000,3,7
6,3.500,1.000,6,15
6,3.500,1.000,3,8
6,3.500,1.000,2,5
6,3.500,1.000,2,4
6,3.500,1.000,4,7
6,3.500,1.000,7,11
6,3.500,1.000,5,10
6,3.500,1.000,5,9
6,3.500,1.000,2,7
6,3.500,1.000,6,9
6,3.500,1.000,3,7
6,3.500,1.000,3,8
6,3.500,1.000,1,1
6,3.500,1.000,4,10
6,3.500,1.000,4,6
6,3.500,1.000,2,5
6,3.500,1.000,1,3
6,3.500,1.000,2,5
6,3.500,1.000,4,6
6,3.500,1.000,4,6
6,3.500,1.000,1,3
6,3.500,1.000,5,12
6,3.500,1.000,4,11
6,3.500,1.000,9,16
6,3.500,1.000,7,8
6,3.500,1.000,3,5
6,3.500,1.000,2,5
6,3.500,1.000,3,7
6,3.500,1.000,6,8
6,3.500,1.000,2,8
6,3.500,1.000,3,5
6,3.500,1.000,3,4
6,3.500,1.000,2,5
6,3.500,1.000,4,5
6,3.500,1.000,3,5
6,3.500,1.000,6,13
6,3.500,1.000,2,7
6,3.500,1.000,2,5
6,3.500,1.000,2,6
6,3.500,1.000,2,5
6,3.500,1.000,4,7
6,3.500,1.000,1,2
6,3.500,1.000,3,6
6,3.500,1.000,2,6
6,3.500,1.000,2,3
6,3.500,1.000,2,4
6,3.500,1.000,3,7
6,3.500,1.000,8,12
6,3.500,1.000,3,4
6,3.500,1.000,1,3
6,3.500,1.000,2,5
6,3.500,1.000,3,7
6,3.500,1.000,7,9
6,3.500,1.000,2,6
6,3.500,1.000,7,13
6,3.500,1.000,3,8
6,3.500,1.000,6,7
6,3.500,1.000,6,9
6,3.500,1.000,4,11
6,3.500,1.000,5,7
6,3.500,1.000,2,4
6,3.500,1.000,4,5
6,3.500,1.000,6,15
6,3.500,1.000,1,3
6,3.500,1.000,2,5
6,3.500,1.000,1,4
6,3.500,1.000,3,4
6,3.500,1.000,2,7
6,3.500,1.000,2,3
6,3.500,1.000,3,4
6,3.500,1.000,1,5
6,3.500,1.000,4,11
6,3.500,1.000,1,3
6,3.500,1.000,6,10
6,3.500,1.000,4,4
6,3.500,1.000,3,7
6,3.500,1.000,2,7
6,3.500,1.000,1,3
6,3.500,1.000,4,7
6,3.500,1.000,3,8
6,3.500,1.000,5,11
6,3.500,1.000,1,1
6,3.500,1.000,2,4
6,3.500,1.000,3,6
6,3.500,1.000,3,3
6,3.500,1.000,5,12
6,3.500,1.000,3,7
6,3.500,1.000,3,7
6,3.500,1.000,5,11
6,3.500,1.000,2,5
6,3.500,1.000,1,2
6,3.500,1.000,2,7
6,3.500,1.000,4,7
6,3.500,1.000,8,14
6,3.500,1.000,4,8
6,3.500,1.000,4,7
6,3.500,1.000,3,6
6,3.500,1.000,2,6
6,3.500,1.000,3,9
6,3.500,1.000,5,8
6,3.500,1.000,4,5
6,3.500,1.000,1,3
6,3.500,1.000,2,9
6,3.500,1.000,6,14
6,3.500,1.000,8,15
6,3.500,1.000,5,11
6,3.500,1.000,3,9
6,3.500,1.000,2,3
6,3.500,1.000,2,4
6,3.500,1.000,2,5
6,3.500,1.000,2,3
6,3.500,1.000,3,7
6,3.500,1.000,1,2
6,3.500,1.000,2,5
6,3.500,1.000,1,3
6,3.500,1.000,2,7
6,3.500,1.000,3,5
6,3.500,1.000,2,3
6,3.500,1.000,3,7
6,3.500,1.000,3,8
6,3.500,1.000,4,8
6,3.500,1.000,2,5
6,3.500,1.000,5,13
6,3.500,1.000,2,8
6,3.500,1.000,1,3
6,3.500,1.000,1,4
6,3.500,1.000,2,6
6,3.500,1.000,3,7
6,3.500,1.000,4,7
6,3.500,1.000,3,5
6,3.500,1.000,3,7
6,3.500,1.000,4,4
6,3.500,1.000,3,10
6,3.500,1.000,1,2
6,3.500,1.000,3,4
6,3.500,1.000,3,9
6,3.500,1.000,1,2
6,3.500,1.000,3,5
6,3.500,1.000,7,10
6,3.500,1.000,1,2
6,3.500,1.000,2,4
6,3.500,1.000,7,13
6,3.500,1.000,4,6
6,3.500,1.000,6,11
6,3.500,1.000,6,12
6,3.500,1.000,5,5
6,3.500,1.000,6,12
6,3.500,1.000,3,6
6,3.500,1.000,1,1
6,3.500,1.000,2,6
6,3.500,1.000,1,1
6,3.500,1.000,4,6
6,3.500,1.000,3,8
6,3.500,1.000,2,7
6,3.500,1.000,3,7
6,3.500,1.000,3,10
6,3.500,1.000,6,13
6,3.500,1.000,6,8
6,3.500,1.000,4,8
6,3.500,1.000,1,3
6,3.500,1.000,6,11
6,3.500,1.000,2,7
6,3.500,1.000,1,4
6,3.500,1.000,4,8
6,3.500,1.000,1,3
6,3.500,1.000,3,4
6,3.500,1.000,5,5
6,3.500,1.000,6,6
6,3.500,1.000,2,6
6,3.500,1.000,9,18
6,3.500,1.000,3,8
6,3.500,1.000,2,4
6,3.500,1.000,3,5
6,3.500,1.000,3,5
6,3.500,1.000,2,2
6,3.500,1.000,2,5
6,3.500,1.000,6,11
6,3.500,1.000,2,2
6,3.500,1.000,1,3
6,3.500,1.000,2,5
6,3.500,1.000,9,8
6,3.500,1.000,5,10
6,3.500,1.000,9,10
6,3.500,1.000,3,6
6,3.500,1.000,3,9
6,3.500,1.000,3,8
6,3.500,1.000,3,8
6,3.500,1.000,2,4
6,3.500,1.000,2,2
6,3.500,1.000,3,6
6,3.500,1.000,4,10
6,3.500,1.000,3,6
6,3.500,1.000,2,6
6,3.500,1.000,8,9
6,3.500,1.000,2,5
6,3.500,1.000,4,8
6,3.500,1.000,1,3
6,3.500,1.000,4,7
6,3.500,1.000,1,3
6,3.500,1.000,4,8
6,3.500,1.000,3,6
6,3.500,1.000,3,4
6,3.500,1.000,5,8
6,3.500,1.000,5,10
6,3.500,1.000,1,5
6,3.500,1.000,2,4
6,3.500,1.000,3,6
6,3.500,1.000,1,2
6,3.500,1.000,3,6
6,3.500,1.000,3,10
6,3.500,1.000,2,5
6,3.500,1.000,4,5
6,3.500,1.000,4,7
6,3.500,1.000,3,6
6,3.500,1.000,4,7
6,3.500,1.000,2,3
6,3.500,1.000,2,2
6,3.500,1.000,2,7
6,3.500,1.000,3,9
6,3.500,1.000,1,4
6,3.500,1.000,3,11
6,3.500,1.000,3,6
6,3.500,1.000,4,7
6,3.500,1.000,3,6
6,3.500,1.000,3,4
6,3.500,1.000,3,5
6,3.500,1.000,1,3
6,3.500,1.000,2,5
6,3.500,1.000,2,5
6,3.500,1.000,3,7
6,3.500,1.000,1,4
6,3.500,1.000,2,4
6,3.500,1.000,3,9
6,3.500,1.000,2,5
6,3.500,1.000,5,10
6,3.500,1.000,3,5
6,3.500,1.000,1,2
6,3.500,1.000,4,3
6,3.500,1.000,4,12
6,3.500,1.000,3,4
6,3.500,1.000,2,7
6,3.500,1.000,2,3
6,3.500,1.000,2,3
6,3.500,1.000,2,6
6,3.500,1.000,4,8
6,3.500,1.000,4,11
6,3.500,1.000,3,3
6,3.500,1.000,2,3
6,3.500,1.000,4,5
6,3.500,1.000,3,4
6,3.500,1.000,2,6
6,3.500,1.000,2,7
6,3.500,1.000,4,2
6,3.500,1.000,5,8
6,3.500,1.000,4,9
7,3.500,0.200,5,31
7,3.500,0.200,4,22
7,3.500,0.200,6,62
7,3.500,0.200,2,24
7,3.500,0.200,6,32
7,3.500,0.200,3,63
7,3.500,0.200,3,47
7,3.500,0.200,1,26
7,3.500,0.200,1,14
7,3.500,0.200,5,67
7,3.500,0.200,3,63
7,3.500,0.200,5,49
7,3.500,0.200,9,72
7,3.500,0.200,2,43
7,3.500,0.200,5,47
7,3.500,0.200,8,35
7,3.500,0.200,3,54
7,3.500,0.200,4,52
7,3.500,0.200,1,54
7,3.500,0.200,3,46
7,3.500,0.200,3,53
7,3.500,0.200,6,87
7,3.500,0.200,7,84
7,3.500,0.200,1,19
7,3.500,0.200,6,62
7,3.500,0.200,2,40
7,3.500,0.200,8,59
7,3.500,0.200,12,39
7,3.500,0.200,12,55
7,3.500,0.200,3,31
7,3.500,0.200,8,32
7,3.500,0.200,3,25
7,3.500,0.200,6,78
7,3.500,0.200,6,73
7,3.500,0.200,3,43
7,3.500,0.200,3,36
7,3.500,0.200,2,13
7,3.500,0.200,9,48
7,3.500,0.200,6,35
7,3.500,0.200,4,42
7,3.500,0.200,3,49
7,3.500,0.200,2,34
7,3.500,0.200,4,19
7,3.500,0.200,1,39
7,3.500,0.200,8,48
7,3.500,0.200,3,35
7,3.500,0.200,3,29
7,3.500,0.200,1,32
7,3.500,0.200,4,34
7,3.500,0.200,2,37
7,3.500,0.200,3,31
7,3.500,0.200,5,48
7,3.500,0.200,9,81
7,3.500,0.200,1,18
7,3.500,0.200,2,18
7,3.500,0.200,2,49
7,3.500,0.200,7,61
7,3.500,0.200,3,61
7,3.500,0.200,3,37
7,3.500,0.200,3,28
7,3.500,0.200,6,74
7,3.500,0.200,3,32
7,3.500,0.200,3,46
7,3.500,0.200,8,71
7,3.500,0.200,6,38
7,3.500,0.200,4,56
7,3.500,0.200,14,76
7,3.500,0.200,2,46
7,3.500,0.200,3,40
7,3.500,0.200,6,41
7,3.500,0.200,4,47
7,3.500,0.200,1,20
7,3.500,0.200,11,52
7,3.500,0.200,3,40
7,3.500,0.200,2,22
7,3.500,0.200,2,32
7,3.500,0.200,4,55
7,3.500,0.200,3,45
7,3.500,0.200,2,23
7,3.500,0.200,2,34
7,3.500,0.200,1,22
7,3.500,0.200,5,33
7,3.500,0.200,2,18
7,3.500,0.200,6,76
7,3.500,0.200,1,46
7,3.500,0.200,5,51
7,3.500,0.200,1,27
7,3.500,0.200,1,26
7,3.500,0.200,9,89
7,3.500,0.200,4,86
7,3.500,0.200,3,30
7,3.500,0.200,4,22
7,3.500,0.200,3,59
7,3.500,0.200,4,37
7,3.500,0.200,2,49
7,3.500,0.200,3,26
7,3.500,0.200,4,56
7,3.500,0.200,6,54
7,3.500,0.200,2,22
7,3.500,0.200,5,46
7,3.500,0.200,5,45
7,3.500,0.200,1,42
7,3.500,0.200,6,47
7,3.500,0.200,7,50
7,3.500,0.200,2,24
7,3.500,0.200,14,48
7,3.500,0.200,2,75
7,3.500,0.200,8,80
7,3.500,0.200,5,80
7,3.500,0.200,1,38
7,3.500,0.200,3,45
7,3.500,0.200,10,83
7,3.500,0.200,1,30
7,3.500,0.200,3,17
7,3.500,0.200,1,31
7,3.500,0.200,4,79
7,3.500,0.200,2,26
7,3.500,0.200,1,34
7,3.500,0.200,5,62
7,3.500,0.200,1,20
7,3.500,0.200,4,44
7,3.500,0.200,3,50
7,3.500,0.200,4,22
7,3.500,0.200,3,28
7,3.500,0.200,2,36
7,3.500,0.200,3,46
7,3.500,0.200,1,74
7,3.500,0.200,2,27
7,3.500,0.200,2,42
7,3.500,0.200,10,42
7,3.500,0.200,1,24
7,3.500,0.200,3,70
7,3.500,0.200,5,56
7,3.500,0.200,3,28
7,3.500,0.200,2,54
7,3.500,0.200,1,18
7,3.500,0.200,3,42
7,3.500,0.200,7,53
7,3.500,0.200,5,30
7,3.500,0.200,2,38
7,3.500,0.200,2,18
7,3.500,0.200,5,66
7,3.500,0.200,3,76
7,3.500,0.200,8,100
7,3.500,0.200,6,34
7,3.500,0.200,1,39
7,3.500,0.200,4,69
7,3.500,0.200,4,16
7,3.500,0.200,4,84
7,3.500,0.200,11,66
7,3.500,0.200,2,34
7,3.500,0.200,11,127
7,3.500,0.200,3,42
7,3.500,0.200,4,69
7,3.500,0.200,6,28
7,3.500,0.200,4,41
7,3.500,0.200,4,75
7,3.500,0.200,7,62
7,3.500,0.200,4,112
7,3.500,0.200,1,50
7,3.500,0.200,5,31
7,3.500,0.200,1,40
7,3.500,0.200,7,42
7,3.500,0.200,3,43
7,3.500,0.200,4,58
7,3.500,0.200,4,26
7,3.500,0.200,5,29
7,3.500,0.200,3,26
7,3.500,0.200,1,20
7,3.500,0.200,13,33
7,3.500,0.200,2,27
7,3.500,0.200,7,41
7,3.500,0.200,4,52
7,3.500,0.200,2,23
7,3.500,0.200,2,33
7,3.500,0.200,3,81
7,3.500,0.200,8,63
7,3.500,0.200,3,31
7,3.500,0.200,3,65
7,3.500,0.200,1,42
7,3.500,0.200,2,58
7,3.500,0.200,4,55
7,3.500,0.200,7,64
7,3.500,0.200,3,29
7,3.500,0.200,8,28
7,3.500,0.200,3,27
7,3.500,0.200,5,38
7,3.500,0.200,1,38
7,3.500,0.200,2,12
7,3.500,0.200,4,39
7,3.500,0.200,5,67
7,3.500,0.200,2,31
7,3.500,0.200,6,56
7,3.500,0.200,8,72
7,3.500,0.200,1,55
7,3.500,0.200,2,16
7,3.500,0.200,1,127
7,3.500,0.200,5,42
7,3.500,0.200,6,66
7,3.500,0.200,1,31
7,3.500,0.200,5,72
7,3.500,0.200,2,49
7,3.500,0.200,4,30
7,3.500,0.200,3,96
7,3.500,0.200,4,81
7,3.500,0.200,7,91
7,3.500,0.200,3,63
7,3.500,0.200,2,22
7,3.500,0.200,3,40
7,3.500,0.200,1,32
7,3.500,0.200,1,31
7,3.500,0.200,5,73
7,3.500,0.200,5,89
7,3.500,0.200,4,42
7,3.500,0.200,3,48
7,3.500,0.200,3,31
7,3.500,0.200,1,21
7,3.500,0.200,4,56
7,3.500,0.200,1,16
7,3.500,0.200,1,20
7,3.500,0.200,4,58
7,3.500,0.200,7,42
7,3.500,0.200,1,81
7,3.500,0.200,4,46
7,3.500,0.200,8,53
7,3.500,0.200,17,52
7,3.500,0.200,5,33
7,3.500,0.200,3,30
7,3.500,0.200,8,82
7,3.500,0.200,5,85
7,3.500,0.200,6,81
7,3.500,0.200,2,49
7,3.500,0.200,4,24
7,3.500,0.200,5,81
7,3.500,0.200,3,65
7,3.500,0.200,3,60
7,3.500,0.200,3,32
7,3.500,0.200,9,55
7,3.500,0.200,1,71
7,3.500,0.200,7,58
7,3.500,0.200,2,26
7,3.500,0.200,1,21
7,3.500,0.200,9,32
7,3.500,0.200,7,35
7,3.500,0.200,3,96
7,3.500,0.200,1,27
7,3.500,0.200,4,38
7,3.500,0.200,3,50
7,3.500,0.200,3,43
7,3.500,0.200,3,49
7,3.500,0.200,5,58
7,3.500,0.200,2,31
7,3.500,0.200,4,22
7,3.500,0.200,3,66
7,3.500,0.200,1,39
7,3.500,0.200,4,88
7,3.500,0.200,6,76
7,3.500,0.200,7,33
7,3.500,0.200,5,58
7,3.500,0.200,3,50
7,3.500,0.200,5,17
7,3.500,0.200,4,37
7,3.500,0.200,7,29
7,3.500,0.200,3,49
7,3.500,0.200,8,27
7,3.500,0.200,7,41
7,3.500,0.200,5,32
7,3.500,0.200,9,34
7,3.500,0.200,8,18
7,3.500,0.200,2,26
7,3.500,0.200,3,36
7,3.500,0.200,6,77
7,3.500,0.200,8,67
7,3.500,0.200,6,22
7,3.500,0.200,3,74
7,3.500,0.200,3,38
7,3.500,0.200,4,49
7,3.500,0.200,4,80
7,3.500,0.200,4,32
7,3.500,0.200,2,23
7,3.500,0.200,4,24
7,3.500,0.200,4,46
7,3.500,0.200,7,53
7,3.500,0.500,3,70
7,3.500,0.500,5,36
7,3.500,0.500,3,67
7,3.500,0.500,10,46
7,3.500,0.500,9,43
7,3.500,0.500,4,25
7,3.500,0.500,4,80
7,3.500,0.500,1,43
7,3.500,0.500,10,69
7,3.500,0.500,2,18
7,3.500,0.500,5,30
7,3.500,0.500,5,79
7,3.500,0.500,5,58
7,3.500,0.500,2,30
7,3.500,0.500,2,39
7,3.500,0.500,5,78
7,3.500,0.500,7,85
7,3.500,0.500,12,45
7,3.500,0.500,6,85
7,3.500,0.500,4,11
7,3.500,0.500,4,39
7,3.500,0.500,5,29
7,3.500,0.500,3,63
7,3.500,0.500,6,106
7,3.500,0.500,2,74
7,3.500,0.500,3,38
7,3.500,0.500,12,78
7,3.500,0.500,4,47
7,3.500,0.500,3,65
7,3.500,0.500,3,57
7,3.500,0.500,2,35
7,3.500,0.500,5,50
7,3.500,0.500,2,31
7,3.500,0.500,3,89
7,3.500,0.500,4,26
7,3.500,0.500,3,64
7,3.500,0.500,1,54
7,3.500,0.500,5,22
7,3.500,0.500,5,66
7,3.500,0.500,14,37
7,3.500,0.500,6,70
7,3.500,0.500,2,39
7,3.500,0.500,3,96
7,3.500,0.500,8,62
7,3.500,0.500,4,22
7,3.500,0.500,4,18
7,3.500,0.500,2,16
7,3.500,0.500,3,48
7,3.500,0.500,3,32
7,3.500,0.500,2,23
7,3.500,0.500,1,38
7,3.500,0.500,3,55
7,3.500,0.500,7,59
7,3.500,0.500,3,112
7,3.500,0.500,8,45
7,3.500,0.500,7,26
7,3.500,0.500,3,45
7,3.500,0.500,7,97
7,3.500,0.500,6,69
7,3.500,0.500,5,25
7,3.500,0.500,4,54
7,3.500,0.500,3,55
7,3.500,0.500,7,60
7,3.500,0.500,2,92
7,3.500,0.500,6,59
7,3.500,0.500,3,36
7,3.500,0.500,3,45
7,3.500,0.500,12,62
7,3.500,0.500,4,27
7,3.500,0.500,1,24
7,3.500,0.500,3,31
7,3.500,0.500,2,44
7,3.500,0.500,2,92
7,3.500,0.500,12,83
7,3.500,0.500,6,67
7,3.500,0.500,9,80
7,3.500,0.500,7,54
7,3.500,0.500,2,22
7,3.500,0.500,3,43
7,3.500,0.500,2,42
7,3.500,0.500,2,38
7,3.500,0.500,2,20
7,3.500,0.500,1,96
7,3.500,0.500,6,62
7,3.500,0.500,3,50
7,3.500,0.500,3,31
7,3.500,0.500,5,20
7,3.500,0.500,3,38
7,3.500,0.500,2,34
7,3.500,0.500,6,71
7,3.500,0.500,1,22
7,3.500,0.500,6,68
7,3.500,0.500,5,41
7,3.500,0.500,1,24
7,3.500,0.500,6,36
7,3.500,0.500,5,31
7,3.500,0.500,2,22
7,3.500,0.500,6,41
7,3.500,0.500,6,37
7,3.500,0.500,5,89
7,3.500,0.500,2,39
7,3.500,0.500,5,119
7,3.500,0.500,6,68
7,3.500,0.500,3,22
7,3.500,0.500,1,54
7,3.500,0.500,2,78
7,3.500,0.500,1,26
7,3.500,0.500,2,31
7,3.500,0.500,4,33
7,3.500,0.500,2,13
7,3.500,0.500,1,70
7,3.500,0.500,4,50
7,3.500,0.500,6,96
7,3.500,0.500,4,28
7,3.500,0.500,5,51
7,3.500,0.500,4,52
7,3.500,0.500,4,43
7,3.500,0.500,1,38
7,3.500,0.500,8,80
7,3.500,0.500,3,42
7,3.500,0.500,2,22
7,3.500,0.500,1,18
7,3.500,0.500,4,23
7,3.500,0.500,7,57
7,3.500,0.500,3,62
7,3.500,0.500,8,40
7,3.500,0.500,4,86
7,3.500,0.500,2,45
7,3.500,0.500,9,95
7,3.500,0.500,2,19
7,3.500,0.500,2,15
7,3.500,0.500,2,44
7,3.500,0.500,7,70
7,3.500,0.500,1,31
7,3.500,0.500,1,24
7,3.500,0.500,4,65
7,3.500,0.500,8,36
7,3.500,0.500,7,39
7,3.500,0.500,5,41
7,3.500,0.500,6,67
7,3.500,0.500,10,41
7,3.500,0.500,1,38
7,3.500,0.500,7,80
7,3.500,0.500,5,65
7,3.500,0.500,3,37
7,3.500,0.500,3,48
7,3.500,0.500,8,82
7,3.500,0.500,5,47
7,3.500,0.500,6,40
7,3.500,0.500,6,69
7,3.500,0.500,3,57
7,3.500,0.500,2,34
7,3.500,0.500,9,91
7,3.500,0.500,5,73
7,3.500,0.500,6,53
7,3.500,0.500,6,54
7,3.500,0.500,6,27
7,3.500,0.500,7,72
7,3.500,0.500,5,127
7,3.500,0.500,1,35
7,3.500,0.500,3,36
7,3.500,0.500,2,22
7,3.500,0.500,10,62
7,3.500,0.500,7,90
7,3.500,0.500,1,46
7,3.500,0.500,3,56
7,3.500,0.500,2,51
7,3.500,0.500,2,38
7,3.500,0.500,4,61
7,3.500,0.500,2,21
7,3.500,0.500,3,55
7,3.500,0.500,1,70
7,3.500,0.500,4,49
7,3.500,0.500,4,39
7,3.500,0.500,4,42
7,3.500,0.500,7,99
7,3.500,0.500,7,77
7,3.500,0.500,5,74
7,3.500,0.500,2,15
7,3.500,0.500,6,81
7,3.500,0.500,3,63
7,3.500,0.500,3,51
7,3.500,0.500,1,19
7,3.500,0.500,3,43
7,3.500,0.500,1,31
7,3.500,0.500,2,22
7,3.500,0.500,3,32
7,3.500,0.500,3,93
7,3.500,0.500,1,38
7,3.500,0.500,5,25
7,3.500,0.500,2,52
7,3.500,0.500,7,50
7,3.500,0.500,6,62
7,3.500,0.500,6,53
7,3.500,0.500,2,64
7,3.500,0.500,3,54
7,3.500,0.500,5,66
7,3.500,0.500,7,95
7,3.500,0.500,9,68
7,3.500,0.500,4,37
7,3.500,0.500,1,24
7,3.500,0.500,9,65
7,3.500,0.500,5,36
7,3.500,0.500,5,55
7,3.500,0.500,2,28
7,3.500,0.500,2,54
7,3.500,0.500,8,22
7,3.500,0.500,1,42
7,3.500,0.500,3,45
7,3.500,0.500,3,47
7,3.500,0.500,4,73
7,3.500,0.500,6,66
7,3.500,0.500,5,31
7,3.500,0.500,9,49
7,3.500,0.500,3,74
7,3.500,0.500,3,46
7,3.500,0.500,2,38
7,3.500,0.500,5,92
7,3.500,0.500,1,24
7,3.500,0.500,3,47
7,3.500,0.500,3,17
7,3.500,0.500,2,54
7,3.500,0.500,3,27
7,3.500,0.500,4,22
7,3.500,0.500,8,108
7,3.500,0.500,1,30
7,3.500,0.500,6,40
7,3.500,0.500,4,39
7,3.500,0.500,6,32
7,3.500,0.500,6,68
7,3.500,0.500,3,69
7,3.500,0.500,4,65
7,3.500,0.500,4,89
7,3.500,0.500,1,70
7,3.500,0.500,2,59
7,3.500,0.500,3,35
7,3.500,0.500,8,76
7,3.500,0.500,4,38
7,3.500,0.500,5,54
7,3.500,0.500,3,46
7,3.500,0.500,1,26
7,3.500,0.500,2,60
7,3.500,0.500,1,31
7,3.500,0.500,5,28
7,3.500,0.500,6,41
7,3.500,0.500,2,49
7,3.500,0.500,6,56
7,3.500,0.500,2,14
7,3.500,0.500,2,49
7,3.500,0.500,5,27
7,3.500,0.500,3,87
7,3.500,0.500,3,32
7,3.500,0.500,5,23
7,3.500,0.500,16,75
7,3.500,0.500,3,63
7,3.500,0.500,2,74
7,3.500,0.500,5,53
7,3.500,0.500,2,18
7,3.500,0.500,1,40
7,3.500,0.500,6,22
7,3.500,0.500,4,41
7,3.500,0.500,6,38
7,3.500,0.500,5,81
7,3.500,0.500,4,40
7,3.500,0.500,6,27
7,3.500,0.500,9,40
7,3.500,0.500,5,74
7,3.500,0.500,4,71
7,3.500,0.500,1,24
7,3.500,0.500,3,26
7,3.500,0.500,2,42
7,3.500,0.500,3,29
7,3.500,0.500,8,28
7,3.500,0.750,1,39
7,3.500,0.750,3,31
7,3.500,0.750,5,77
7,3.500,0.750,1,46
7,3.500,0.750,4,40
7,3.500,0.750,5,46
7,3.500,0.750,4,65
7,3.500,0.750,3,74
7,3.500,0.750,2,69
7,3.500,0.750,3,54
7,3.500,0.750,3,75
7,3.500,0.750,3,31
7,3.500,0.750,12,42
7,3.500,0.750,6,58
7,3.500,0.750,4,34
7,3.500,0.750,3,38
7,3.500,0.750,4,77
7,3.500,0.750,3,28
7,3.500,0.750,1,40
7,3.500,0.750,1,32
7,3.500,0.750,6,33
7,3.500,0.750,3,85
7,3.500,0.750,8,54
7,3.500,0.750,2,39
7,3.500,0.750,2,26
7,3.500,0.750,4,43
7,3.500,0.750,2,30
7,3.500,0.750,1,20
7,3.500,0.750,3,52
7,3.500,0.750,1,31
7,3.500,0.750,1,65
7,3.500,0.750,2,44
7,3.500,0.750,3,86
7,3.500,0.750,6,40
7,3.500,0.750,4,59
7,3.500,0.750,1,46
7,3.500,0.750,1,13
7,3.500,0.750,6,52
7,3.500,0.750,2,34
7,3.500,0.750,1,24
7,3.500,0.750,5,52
7,3.500,0.750,5,66
7,3.500,0.750,8,22
7,3.500,0.750,3,35
7,3.500,0.750,1,32
7,3.500,0.750,4,39
7,3.500,0.750,2,16
7,3.500,0.750,1,40
7,3.500,0.750,5,85
7,3.500,0.750,2,42
7,3.500,0.750,4,46
7,3.500,0.750,7,65
7,3.500,0.750,3,29
7,3.500,0.750,2,25
7,3.500,0.750,1,42
7,3.500,0.750,2,34
7,3.500,0.750,5,58
7,3.500,0.750,6,45
7,3.500,0.750,6,28
7,3.500,0.750,2,51
7,3.500,0.750,6,102
7,3.500,0.750,12,26
7,3.500,0.750,3,57
7,3.500,0.750,4,39
7,3.500,0.750,2,24
7,3.500,0.750,8,55
7,3.500,0.750,4,60
7,3.500,0.750,11,37
7,3.500,0.750,3,59
7,3.500,0.750,7,63
7,3.500,0.750,3,48
7,3.500,0.750,7,18
7,3.500,0.750,3,45
7,3.500,0.750,1,31
7,3.500,0.750,4,26
7,3.500,0.750,1,24
7,3.500,0.750,1,96
7,3.500,0.750,4,50
7,3.500,0.750,4,19
7,3.500,0.750,5,27
7,3.500,0.750,3,25
7,3.500,0.750,4,14
7,3.500,0.750,2,60
7,3.500,0.750,3,55
7,3.500,0.750,9,35
7,3.500,0.750,4,37
7,3.500,0.750,4,40
7,3.500,0.750,5,96
7,3.500,0.750,2,12
7,3.500,0.750,6,32
7,3.500,0.750,3,73
7,3.500,0.750,4,54
7,3.500,0.750,1,20
7,3.500,0.750,1,35
7,3.500,0.750,5,50
7,3.500,0.750,2,27
7,3.500,0.750,5,65
7,3.500,0.750,2,30
7,3.500,0.750,7,59
7,3.500,0.750,1,58
7,3.500,0.750,6,56
7,3.500,0.750,3,48
7,3.500,0.750,2,112
7,3.500,0.750,6,27
7,3.500,0.750,6,78
7,3.500,0.750,3,30
7,3.500,0.750,1,38
7,3.500,0.750,1,81
7,3.500,0.750,7,73
7,3.500,0.750,5,31
7,3.500,0.750,5,70
7,3.500,0.750,1,14
7,3.500,0.750,8,70
7,3.500,0.750,1,32
7,3.500,0.750,3,13
7,3.500,0.750,8,32
7,3.500,0.750,1,20
7,3.500,0.750,10,85
7,3.500,0.750,6,34
7,3.500,0.750,3,43
7,3.500,0.750,2,42
7,3.500,0.750,1,35
7,3.500,0.750,3,34
7,3.500,0.750,8,53
7,3.500,0.750,4,29
7,3.500,0.750,4,24
7,3.500,0.750,4,40
7,3.500,0.750,3,58
7,3.500,0.750,4,46
7,3.500,0.750,8,41
7,3.500,0.750,2,42
7,3.500,0.750,2,54
7,3.500,0.750,3,31
7,3.500,0.750,1,38
7,3.500,0.750,11,61
7,3.500,0.750,4,82
7,3.500,0.750,3,22
7,3.500,0.750,2,72
7,3.500,0.750,4,89
7,3.500,0.750,5,72
7,3.500,0.750,2,50
7,3.500,0.750,6,45
7,3.500,0.750,6,82
7,3.500,0.750,4,50
7,3.500,0.750,2,66
7,3.500,0.750,6,40
7,3.500,0.750,3,32
7,3.500,0.750,5,76
7,3.500,0.750,4,53
7,3.500,0.750,1,22
7,3.500,0.750,2,24
7,3.500,0.750,3,50
7,3.500,0.750,4,47
7,3.500,0.750,1,32
7,3.500,0.750,2,22
7,3.500,0.750,1,50
7,3.500,0.750,4,122
7,3.500,0.750,6,48
7,3.500,0.750,3,58
7,3.500,0.750,5,61
7,3.500,0.750,4,38
7,3.500,0.750,2,40
7,3.500,0.750,4,36
7,3.500,0.750,11,70
7,3.500,0.750,2,13
7,3.500,0.750,4,24
7,3.500,0.750,8,65
7,3.500,0.750,3,42
7,3.500,0.750,2,38
7,3.500,0.750,2,42
7,3.500,0.750,1,24
7,3.500,0.750,6,51
7,3.500,0.750,7,34
7,3.500,0.750,7,37
7,3.500,0.750,1,28
7,3.500,0.750,3,19
7,3.500,0.750,2,59
7,3.500,0.750,5,48
7,3.500,0.750,4,121
7,3.500,0.750,6,45
7,3.500,0.750,4,38
7,3.500,0.750,1,20
7,3.500,0.750,3,45
7,3.500,0.750,1,17
7,3.500,0.750,1,43
7,3.500,0.750,8,60
7,3.500,0.750,5,30
7,3.500,0.750,1,39
7,3.500,0.750,4,27
7,3.500,0.750,5,70
7,3.500,0.750,3,101
7,3.500,0.750,3,41
7,3.500,0.750,4,53
7,3.500,0.750,3,33
7,3.500,0.750,5,76
7,3.500,0.750,3,89
7,3.500,0.750,3,127
7,3.500,0.750,1,21
7,3.500,0.750,3,46
7,3.500,0.750,9,58
7,3.500,0.750,4,39
7,3.500,0.750,3,64
7,3.500,0.750,10,47
7,3.500,0.750,4,18
7,3.500,0.750,1,43
7,3.500,0.750,2,44
7,3.500,0.750,1,70
7,3.500,0.750,2,112
7,3.500,0.750,2,22
7,3.500,0.750,4,88
7,3.500,0.750,7,39
7,3.500,0.750,6,42
7,3.500,0.750,5,50
7,3.500,0.750,12,49
7,3.500,0.750,3,25
7,3.500,0.750,1,32
7,3.500,0.750,3,53
7,3.500,0.750,6,51
7,3.500,0.750,6,30
7,3.500,0.750,3,32
7,3.500,0.750,1,23
7,3.500,0.750,4,54
7,3.500,0.750,3,19
7,3.500,0.750,8,35
7,3.500,0.750,5,48
7,3.500,0.750,5,32
7,3.500,0.750,4,66
7,3.500,0.750,2,46
7,3.500,0.750,2,49
7,3.500,0.750,2,23
7,3.500,0.750,3,120
7,3.500,0.750,3,39
7,3.500,0.750,9,28
7,3.500,0.750,3,50
7,3.500,0.750,6,53
7,3.500,0.750,3,40
7,3.500,0.750,1,54
7,3.500,0.750,1,17
7,3.500,0.750,4,69
7,3.500,0.750,2,73
7,3.500,0.750,4,58
7,3.500,0.750,1,22
7,3.500,0.750,8,58
7,3.500,0.750,2,38
7,3.500,0.750,1,46
7,3.500,0.750,5,57
7,3.500,0.750,4,47
7,3.500,0.750,1,74
7,3.500,0.750,4,24
7,3.500,0.750,4,33
7,3.500,0.750,3,26
7,3.500,0.750,2,59
7,3.500,0.750,4,50
7,3.500,0.750,6,55
7,3.500,0.750,2,14
7,3.500,0.750,5,45
7,3.500,0.750,3,31
7,3.500,0.750,3,25
7,3.500,0.750,11,73
7,3.500,0.750,6,26
7,3.500,0.750,4,55
7,3.500,0.750,6,20
7,3.500,0.750,3,43
7,3.500,0.750,3,25
7,3.500,0.750,5,57
7,3.500,0.750,4,73
7,3.500,0.750,1,30
7,3.500,0.750,5,82
7,3.500,0.750,2,39
7,3.500,0.750,5,38
7,3.500,0.750,5,88
7,3.500,0.750,3,125
7,3.500,0.750,2,36
7,3.500,0.750,5,39
7,3.500,0.900,1,18
7,3.500,0.900,5,23
7,3.500,0.900,4,35
7,3.500,0.900,9,59
7,3.500,0.900,3,26
7,3.500,0.900,7,61
7,3.500,0.900,7,65
7,3.500,0.900,3,82
7,3.500,0.900,5,64
7,3.500,0.900,7,50
7,3.500,0.900,5,50
7,3.500,0.900,7,57
7,3.500,0.900,2,42
7,3.500,0.900,4,38
7,3.500,0.900,11,61
7,3.500,0.900,6,54
7,3.500,0.900,3,31
7,3.500,0.900,10,69
7,3.500,0.900,6,44
7,3.500,0.900,2,24
7,3.500,0.900,8,64
7,3.500,0.900,5,41
7,3.500,0.900,1,20
7,3.500,0.900,5,24
7,3.500,0.900,4,36
7,3.500,0.900,5,127
7,3.500,0.900,1,25
7,3.500,0.900,2,76
7,3.500,0.900,2,41
7,3.500,0.900,6,78
7,3.500,0.900,6,76
7,3.500,0.900,4,43
7,3.500,0.900,2,34
7,3.500,0.900,3,54
7,3.500,0.900,3,46
7,3.500,0.900,6,50
7,3.500,0.900,3,65
7,3.500,0.900,8,57
7,3.500,0.900,1,22
7,3.500,0.900,3,79
7,3.500,0.900,8,88
7,3.500,0.900,4,46
7,3.500,0.900,1,30
7,3.500,0.900,2,27
7,3.500,0.900,6,93
7,3.500,0.900,6,61
7,3.500,0.900,1,71
7,3.500,0.900,2,23
7,3.500,0.900,3,51
7,3.500,0.900,1,18
7,3.500,0.900,8,69
7,3.500,0.900,7,24
7,3.500,0.900,2,58
7,3.500,0.900,3,91
7,3.500,0.900,5,40
7,3.500,0.900,8,59
7,3.500,0.900,2,16
7,3.500,0.900,8,56
7,3.500,0.900,1,96
7,3.500,0.900,6,104
7,3.500,0.900,2,22
7,3.500,0.900,6,103
7,3.500,0.900,3,75
7,3.500,0.900,3,56
7,3.500,0.900,7,50
7,3.500,0.900,2,23
7,3.500,0.900,2,16
7,3.500,0.900,1,54
7,3.500,0.900,4,41
7,3.500,0.900,7,58
7,3.500,0.900,2,15
7,3.500,0.900,11,66
7,3.500,0.900,12,41
7,3.500,0.900,1,39
7,3.500,0.900,3,50
7,3.500,0.900,6,24
7,3.500,0.900,10,63
7,3.500,0.900,1,23
7,3.500,0.900,1,26
7,3.500,0.900,8,54
7,3.500,0.900,2,48
7,3.500,0.900,5,78
7,3.500,0.900,4,51
7,3.500,0.900,4,41
7,3.500,0.900,3,27
7,3.500,0.900,2,45
7,3.500,0.900,16,31
7,3.500,0.900,6,15
7,3.500,0.900,9,73
7,3.500,0.900,3,34
7,3.500,0.900,5,89
7,3.500,0.900,12,51
7,3.500,0.900,4,31
7,3.500,0.900,3,54
7,3.500,0.900,5,54
7,3.500,0.900,4,26
7,3.500,0.900,10,23
7,3.500,0.900,6,51
7,3.500,0.900,1,43
7,3.500,0.900,1,24
7,3.500,0.900,3,25
7,3.500,0.900,3,30
7,3.500,0.900,4,27
7,3.500,0.900,9,70
7,3.500,0.900,1,32
7,3.500,0.900,1,46
7,3.500,0.900,6,83
7,3.500,0.900,1,70
7,3.500,0.900,8,30
7,3.500,0.900,2,81
7,3.500,0.900,4,69
7,3.500,0.900,4,50
7,3.500,0.900,7,58
7,3.500,0.900,1,34
7,3.500,0.900,6,48
7,3.500,0.900,3,96
7,3.500,0.900,1,54
7,3.500,0.900,5,54
7,3.500,0.900,3,29
7,3.500,0.900,8,83
7,3.500,0.900,5,50
7,3.500,0.900,2,16
7,3.500,0.900,5,86
7,3.500,0.900,4,34
7,3.500,0.900,3,46
7,3.500,0.900,6,51
7,3.500,0.900,5,42
7,3.500,0.900,3,46
7,3.500,0.900,7,48
7,3.500,0.900,3,28
7,3.500,0.900,3,83
7,3.500,0.900,3,25
7,3.500,0.900,4,30
7,3.500,0.900,1,39
7,3.500,0.900,1,28
7,3.500,0.900,4,12
7,3.500,0.900,3,43
7,3.500,0.900,5,90
7,3.500,0.900,1,30
7,3.500,0.900,2,22
7,3.500,0.900,6,45
7,3.500,0.900,6,69
7,3.500,0.900,6,28
7,3.500,0.900,5,38
7,3.500,0.900,5,22
7,3.500,0.900,2,59
7,3.500,0.900,4,12
7,3.500,0.900,1,40
7,3.500,0.900,11,37
7,3.500,0.900,7,54
7,3.500,0.900,6,42
7,3.500,0.900,5,40
7,3.500,0.900,3,103
7,3.500,0.900,2,35
7,3.500,0.900,5,42
7,3.500,0.900,3,28
7,3.500,0.900,1,20
7,3.500,0.900,2,48
7,3.500,0.900,3,33
7,3.500,0.900,5,44
7,3.500,0.900,5,64
7,3.500,0.900,8,28
7,3.500,0.900,10,75
7,3.500,0.900,1,46
7,3.500,0.900,2,87
7,3.500,0.900,4,72
7,3.500,0.900,8,54
7,3.500,0.900,3,52
7,3.500,0.900,6,111
7,3.500,0.900,4,42
7,3.500,0.900,2,22
7,3.500,0.900,3,65
7,3.500,0.900,4,71
7,3.500,0.900,4,77
7,3.500,0.900,6,77
7,3.500,0.900,1,17
7,3.500,0.900,4,28
7,3.500,0.900,3,31
7,3.500,0.900,2,46
7,3.500,0.900,4,44
7,3.500,0.900,2,30
7,3.500,0.900,2,60
7,3.500,0.900,3,36
7,3.500,0.900,5,37
7,3.500,0.900,1,17
7,3.500,0.900,4,20
7,3.500,0.900,4,38
7,3.500,0.900,4,55
7,3.500,0.900,1,25
7,3.500,0.900,3,33
7,3.500,0.900,3,43
7,3.500,0.900,2,26
7,3.500,0.900,2,19
7,3.500,0.900,2,34
7,3.500,0.900,10,42
7,3.500,0.900,7,90
7,3.500,0.900,4,31
7,3.500,0.900,3,53
7,3.500,0.900,1,54
7,3.500,0.900,7,56
7,3.500,0.900,1,46
7,3.500,0.900,6,38
7,3.500,0.900,3,26
7,3.500,0.900,3,22
7,3.500,0.900,6,32
7,3.500,0.900,6,57
7,3.500,0.900,5,23
7,3.500,0.900,2,18
7,3.500,0.900,9,41
7,3.500,0.900,4,45
7,3.500,0.900,2,38
7,3.500,0.900,7,59
7,3.500,0.900,5,18
7,3.500,0.900,4,61
7,3.500,0.900,7,65
7,3.500,0.900,7,66
7,3.500,0.900,6,31
7,3.500,0.900,7,28
7,3.500,0.900,5,35
7,3.500,0.900,8,53
7,3.500,0.900,3,48
7,3.500,0.900,4,43
7,3.500,0.900,7,50
7,3.500,0.900,2,38
7,3.500,0.900,7,52
7,3.500,0.900,10,41
7,3.500,0.900,4,26
7,3.500,0.900,4,22
7,3.500,0.900,4,89
7,3.500,0.900,2,50
7,3.500,0.900,3,66
7,3.500,0.900,4,78
7,3.500,0.900,2,79
7,3.500,0.900,3,63
7,3.500,0.900,3,77
7,3.500,0.900,2,20
7,3.500,0.900,5,34
7,3.500,0.900,2,38
7,3.500,0.900,2,44
7,3.500,0.900,8,44
7,3.500,0.900,6,20
7,3.500,0.900,7,108
7,3.500,0.900,4,37
7,3.500,0.900,7,49
7,3.500,0.900,7,63
7,3.500,0.900,1,13
7,3.500,0.900,4,40
7,3.500,0.900,2,39
7,3.500,0.900,3,85
7,3.500,0.900,4,44
7,3.500,0.900,3,68
7,3.500,0.900,5,59
7,3.500,0.900,2,17
7,3.500,0.900,4,72
7,3.500,0.900,5,45
7,3.500,0.900,3,70
7,3.500,0.900,4,35
7,3.500,0.900,3,49
7,3.500,0.900,6,91
7,3.500,0.900,1,34
7,3.500,0.900,6,31
7,3.500,0.900,7,49
7,3.500,0.900,2,39
7,3.500,0.900,2,30
7,3.500,0.900,2,16
7,3.500,0.900,4,45
7,3.500,0.900,6,57
7,3.500,0.900,4,47
7,3.500,0.900,4,34
7,3.500,0.900,2,33
7,3.500,0.900,3,55
7,3.500,0.900,2,26
7,3.500,0.900,8,45
7,3.500,0.900,5,62
7,3.500,0.900,2,62
7,3.500,0.900,8,27
7,3.500,0.900,8,63
7,3.500,0.900,2,24
7,3.500,0.900,3,43
7,3.500,0.900,4,65
7,3.500,0.900,2,40
7,3.500,0.950,7,35
7,3.500,0.950,2,12
7,3.500,0.950,3,62
7,3.500,0.950,4,17
7,3.500,0.950,12,72
7,3.500,0.950,5,53
7,3.500,0.950,6,25
7,3.500,0.950,6,36
7,3.500,0.950,6,66
7,3.500,0.950,10,68
7,3.500,0.950,1,13
7,3.500,0.950,5,42
7,3.500,0.950,4,61
7,3.500,0.950,5,43
7,3.500,0.950,1,30
7,3.500,0.950,14,51
7,3.500,0.950,1,24
7,3.500,0.950,5,56
7,3.500,0.950,6,43
7,3.500,0.950,5,54
7,3.500,0.950,7,37
7,3.500,0.950,2,18
7,3.500,0.950,2,17
7,3.500,0.950,6,36
7,3.500,0.950,2,93
7,3.500,0.950,6,46
7,3.500,0.950,3,52
7,3.500,0.950,2,22
7,3.500,0.950,4,30
7,3.500,0.950,7,26
7,3.500,0.950,4,47
7,3.500,0.950,3,46
7,3.500,0.950,1,25
7,3.500,0.950,7,36
7,3.500,0.950,6,62
7,3.500,0.950,5,47
7,3.500,0.950,3,39
7,3.500,0.950,1,31
7,3.500,0.950,3,33
7,3.500,0.950,6,51
7,3.500,0.950,1,70
7,3.500,0.950,1,31
7,3.500,0.950,8,56
7,3.500,0.950,8,49
7,3.500,0.950,5,60
7,3.500,0.950,5,69
7,3.500,0.950,2,23
7,3.500,0.950,7,52
7,3.500,0.950,3,26
7,3.500,0.950,2,43
7,3.500,0.950,2,48
7,3.500,0.950,1,18
7,3.500,0.950,3,71
7,3.500,0.950,2,47
7,3.500,0.950,1,127
7,3.500,0.950,5,61
7,3.500,0.950,4,22
7,3.500,0.950,2,42
7,3.500,0.950,2,14
7,3.500,0.950,3,60
7,3.500,0.950,2,32
7,3.500,0.950,10,100
7,3.500,0.950,2,20
7,3.500,0.950,1,31
7,3.500,0.950,7,69
7,3.500,0.950,6,54
7,3.500,0.950,2,13
7,3.500,0.950,7,31
7,3.500,0.950,5,37
7,3.500,0.950,1,32
7,3.500,0.950,7,89
7,3.500,0.950,3,42
7,3.500,0.950,1,17
7,3.500,0.950,5,76
7,3.500,0.950,1,47
7,3.500,0.950,6,21
7,3.500,0.950,6,21
7,3.500,0.950,2,55
7,3.500,0.950,4,46
7,3.500,0.950,6,59
7,3.500,0.950,1,39
7,3.500,0.950,3,15
7,3.500,0.950,1,34
7,3.500,0.950,3,32
7,3.500,0.950,4,98
7,3.500,0.950,1,50
7,3.500,0.950,5,36
7,3.500,0.950,2,29
7,3.500,0.950,5,52
7,3.500,0.950,7,57
7,3.500,0.950,1,18
7,3.500,0.950,2,20
7,3.500,0.950,4,24
7,3.500,0.950,3,46
7,3.500,0.950,6,44
7,3.500,0.950,6,23
7,3.500,0.950,5,46
7,3.500,0.950,9,64
7,3.500,0.950,1,71
7,3.500,0.950,2,59
7,3.500,0.950,5,46
7,3.500,0.950,4,45
7,3.500,0.950,6,24
7,3.500,0.950,3,57
7,3.500,0.950,9,66
7,3.500,0.950,5,34
7,3.500,0.950,4,25
7,3.500,0.950,2,46
7,3.500,0.950,6,57
7,3.500,0.950,4,63
7,3.500,0.950,6,62
7,3.500,0.950,10,82
7,3.500,0.950,1,74
7,3.500,0.950,7,35
7,3.500,0.950,3,18
7,3.500,0.950,3,19
7,3.500,0.950,1,18
7,3.500,0.950,4,87
7,3.500,0.950,5,115
7,3.500,0.950,4,100
7,3.500,0.950,3,45
7,3.500,0.950,2,38
7,3.500,0.950,4,13
7,3.500,0.950,7,49
7,3.500,0.950,1,24
7,3.500,0.950,7,38
7,3.500,0.950,4,40
7,3.500,0.950,2,42
7,3.500,0.950,4,33
7,3.500,0.950,6,34
7,3.500,0.950,4,73
7,3.500,0.950,4,41
7,3.500,0.950,5,53
7,3.500,0.950,2,43
7,3.500,0.950,4,32
7,3.500,0.950,11,81
7,3.500,0.950,7,52
7,3.500,0.950,5,60
7,3.500,0.950,1,26
7,3.500,0.950,3,89
7,3.500,0.950,7,112
7,3.500,0.950,1,26
7,3.500,0.950,4,34
7,3.500,0.950,4,46
7,3.500,0.950,2,20
7,3.500,0.950,4,32
7,3.500,0.950,3,33
7,3.500,0.950,2,16
7,3.500,0.950,3,53
7,3.500,0.950,4,48
7,3.500,0.950,4,33
7,3.500,0.950,1,70
7,3.500,0.950,3,46
7,3.500,0.950,5,62
7,3.500,0.950,6,32
7,3.500,0.950,7,53
7,3.500,0.950,2,100
7,3.500,0.950,5,37
7,3.500,0.950,4,12
7,3.500,0.950,1,26
7,3.500,0.950,3,61
7,3.500,0.950,2,23
7,3.500,0.950,3,38
7,3.500,0.950,2,47
7,3.500,0.950,6,75
7,3.500,0.950,1,15
7,3.500,0.950,4,69
7,3.500,0.950,2,58
7,3.500,0.950,7,61
7,3.500,0.950,4,52
7,3.500,0.950,2,80
7,3.500,0.950,4,22
7,3.500,0.950,4,16
7,3.500,0.950,5,94
7,3.500,0.950,7,57
7,3.500,0.950,3,27
7,3.500,0.950,2,39
7,3.500,0.950,5,50
7,3.500,0.950,7,37
7,3.500,0.950,1,27
7,3.500,0.950,5,29
7,3.500,0.950,7,55
7,3.500,0.950,3,70
7,3.500,0.950,5,46
7,3.500,0.950,1,32
7,3.500,0.950,4,29
7,3.500,0.950,5,53
7,3.500,0.950,4,58
7,3.500,0.950,5,67
7,3.500,0.950,3,22
7,3.500,0.950,4,90
7,3.500,0.950,11,84
7,3.500,0.950,2,112
7,3.500,0.950,1,25
7,3.500,0.950,7,42
7,3.500,0.950,2,20
7,3.500,0.950,3,46
7,3.500,0.950,3,63
7,3.500,0.950,4,100
7,3.500,0.950,3,21
7,3.500,0.950,4,42
7,3.500,0.950,1,27
7,3.500,0.950,1,18
7,3.500,0.950,5,43
7,3.500,0.950,7,73
7,3.500,0.950,2,16
7,3.500,0.950,4,46
7,3.500,0.950,5,79
7,3.500,0.950,2,26
7,3.500,0.950,2,46
7,3.500,0.950,4,70
7,3.500,0.950,4,28
7,3.500,0.950,4,55
7,3.500,0.950,5,103
7,3.500,0.950,5,71
7,3.500,0.950,3,97
7,3.500,0.950,2,24
7,3.500,0.950,2,16
7,3.500,0.950,3,43
7,3.500,0.950,2,24
7,3.500,0.950,4,44
7,3.500,0.950,4,14
7,3.500,0.950,2,82
7,3.500,0.950,2,46
7,3.500,0.950,4,47
7,3.500,0.950,2,42
7,3.500,0.950,10,85
7,3.500,0.950,2,55
7,3.500,0.950,3,28
7,3.500,0.950,1,55
7,3.500,0.950,5,27
7,3.500,0.950,8,44
7,3.500,0.950,3,34
7,3.500,0.950,6,44
7,3.500,0.950,1,54
7,3.500,0.950,5,34
7,3.500,0.950,3,22
7,3.500,0.950,4,32
7,3.500,0.950,6,56
7,3.500,0.950,5,61
7,3.500,0.950,3,73
7,3.500,0.950,10,52
7,3.500,0.950,4,11
7,3.500,0.950,9,112
7,3.500,0.950,4,50
7,3.500,0.950,4,34
7,3.500,0.950,4,22
7,3.500,0.950,3,40
7,3.500,0.950,5,65
7,3.500,0.950,5,54
7,3.500,0.950,5,63
7,3.500,0.950,2,34
7,3.500,0.950,3,67
7,3.500,0.950,4,24
7,3.500,0.950,3,22
7,3.500,0.950,2,18
7,3.500,0.950,1,30
7,3.500,0.950,3,54
7,3.500,0.950,1,32
7,3.500,0.950,5,46
7,3.500,0.950,4,37
7,3.500,0.950,1,96
7,3.500,0.950,5,51
7,3.500,0.950,1,70
7,3.500,0.950,1,24
7,3.500,0.950,2,49
7,3.500,0.950,7,45
7,3.500,0.950,4,30
7,3.500,0.950,1,19
7,3.500,0.950,2,27
7,3.500,0.950,6,63
7,3.500,0.950,1,27
7,3.500,0.950,1,20
7,3.500,0.950,5,47
7,3.500,0.950,2,58
7,3.500,1.000,6,14
7,3.500,1.000,1,5
7,3.500,1.000,1,3
7,3.500,1.000,1,4
7,3.500,1.000,2,4
7,3.500,1.000,9,17
7,3.500,1.000,3,10
7,3.500,1.000,7,15
7,3.500,1.000,4,7
7,3.500,1.000,7,10
7,3.500,1.000,5,11
7,3.500,1.000,2,3
7,3.500,1.000,8,12
7,3.500,1.000,7,15
7,3.500,1.000,2,8
7,3.500,1.000,1,1
7,3.500,1.000,3,8
7,3.500,1.000,3,6
7,3.500,1.000,3,8
7,3.500,1.000,5,9
7,3.500,1.000,5,14
7,3.500,1.000,10,15
7,3.500,1.000,9,21
7,3.500,1.000,5,12
7,3.500,1.000,4,8
7,3.500,1.000,5,11
7,3.500,1.000,4,10
7,3.500,1.000,4,5
7,3.500,1.000,4,7
7,3.500,1.000,5,14
7,3.500,1.000,2,7
7,3.500,1.000,6,16
7,3.500,1.000,4,11
7,3.500,1.000,4,7
7,3.500,1.000,4,8
7,3.500,1.000,2,4
7,3.500,1.000,6,11
7,3.500,1.000,10,22
7,3.500,1.000,6,16
7,3.500,1.000,5,14
7,3.500,1.000,1,2
7,3.500,1.000,6,9
7,3.500,1.000,1,3
7,3.500,1.000,8,14
7,3.500,1.000,1,3
7,3.500,1.000,5,8
7,3.500,1.000,1,3
7,3.500,1.000,6,14
7,3.500,1.000,9,14
7,3.500,1.000,2,2
7,3.500,1.000,2,7
7,3.500,1.000,4,5
7,3.500,1.000,4,12
7,3.500,1.000,4,10
7,3.500,1.000,7,5
7,3.500,1.000,2,3
7,3.500,1.000,1,5
7,3.500,1.000,2,3
7,3.500,1.000,2,2
7,3.500,1.000,1,1
7,3.500,1.000,7,15
7,3.500,1.000,2,5
7,3.500,1.000,1,6
7,3.500,1.000,2,6
7,3.500,1.000,4,12
7,3.500,1.000,4,5
7,3.500,1.000,2,4
7,3.500,1.000,7,15
7,3.500,1.000,3,2
7,3.500,1.000,6,12
7,3.500,1.000,1,2
7,3.500,1.000,4,4
7,3.500,1.000,8,12
7,3.500,1.000,1,4
7,3.500,1.000,4,12
7,3.500,1.000,3,5
7,3.500,1.000,5,8
7,3.500,1.000,5,11
7,3.500,1.000,3,6
7,3.500,1.000,2,4
7,3.500,1.000,7,12
7,3.500,1.000,3,13
7,3.500,1.000,4,10
7,3.500,1.000,4,8
7,3.500,1.000,3,9
7,3.500,1.000,1,4
7,3.500,1.000,2,3
7,3.500,1.000,6,10
7,3.500,1.000,2,7
7,3.500,1.000,4,11
7,3.500,1.000,5,7
7,3.500,1.000,4,13
7,3.500,1.000,5,14
7,3.500,1.000,14,25
7,3.500,1.000,3,7
7,3.500,1.000,1,4
7,3.500,1.000,6,8
7,3.500,1.000,15,18
7,3.500,1.000,3,5
7,3.500,1.000,7,13
7,3.500,1.000,4,9
7,3.500,1.000,6,9
7,3.500,1.000,5,8
7,3.500,1.000,6,17
7,3.500,1.000,4,9
7,3.500,1.000,3,8
7,3.500,1.000,2,7
7,3.500,1.000,2,3
7,3.500,1.000,3,11
7,3.500,1.000,6,16
7,3.500,1.000,1,5
7,3.500,1.000,2,4
7,3.500,1.000,8,8
7,3.500,1.000,7,16
7,3.500,1.000,10,10
7,3.500,1.000,2,5
7,3.500,1.000,6,10
7,3.500,1.000,5,6
7,3.500,1.000,1,4
7,3.500,1.000,1,2
7,3.500,1.000,2,6
7,3.500,1.000,1,4
7,3.500,1.000,2,4
7,3.500,1.000,4,8
7,3.500,1.000,1,4
7,3.500,1.000,6,14
7,3.500,1.000,1,1
7,3.500,1.000,1,3
7,3.500,1.000,1,2
7,3.500,1.000,4,13
7,3.500,1.000,3,4
7,3.500,1.000,2,5
7,3.500,1.000,2,8
7,3.500,1.000,3,6
7,3.500,1.000,4,10
7,3.500,1.000,4,10
7,3.500,1.000,1,4
7,3.500,1.000,3,9
7,3.500,1.000,3,7
7,3.500,1.000,5,9
7,3.500,1.000,2,10
7,3.500,1.000,3,4
7,3.500,1.000,10,16
7,3.500,1.000,2,2
7,3.500,1.000,8,14
7,3.500,1.000,1,2
7,3.500,1.000,2,6
7,3.500,1.000,1,4
7,3.500,1.000,5,8
7,3.500,1.000,5,15
7,3.500,1.000,4,9
7,3.500,1.000,2,4
7,3.500,1.000,7,12
7,3.500,1.000,3,7
7,3.500,1.000,1,3
7,3.500,1.000,3,6
7,3.500,1.000,11,15
7,3.500,1.000,13,18
7,3.500,1.000,3,6
7,3.500,1.000,5,13
7,3.500,1.000,6,5
7,3.500,1.000,5,13
7,3.500,1.000,12,18
7,3.500,1.000,4,14
7,3.500,1.000,9,22
7,3.500,1.000,8,18
7,3.500,1.000,1,4
7,3.500,1.000,2,2
7,3.500,1.000,4,3
7,3.500,1.000,5,11
7,3.500,1.000,2,6
7,3.500,1.000,2,4
7,3.500,1.000,2,4
7,3.500,1.000,3,5
7,3.500,1.000,1,3
7,3.500,1.000,2,2
7,3.500,1.000,1,2
7,3.500,1.000,5,13
7,3.500,1.000,2,5
7,3.500,1.000,3,5
7,3.500,1.000,7,15
7,3.500,1.000,5,11
7,3.500,1.000,1,4
7,3.500,1.000,11,15
7,3.500,1.000,4,8
7,3.500,1.000,3,5
7,3.500,1.000,1,4
7,3.500,1.000,11,19
7,3.500,1.000,1,3
7,3.500,1.000,1,2
7,3.500,1.000,5,12
7,3.500,1.000,3,11
7,3.500,1.000,5,11
7,3.500,1.000,4,5
7,3.500,1.000,1,3
7,3.500,1.000,10,19
7,3.500,1.000,7,13
7,3.500,1.000,8,19
7,3.500,1.000,3,6
7,3.500,1.000,5,7
7,3.500,1.000,3,3
7,3.500,1.000,1,5
7,3.500,1.000,2,6
7,3.500,1.000,2,6
7,3.500,1.000,3,6
7,3.500,1.000,4,9
7,3.500,1.000,1,6
7,3.500,1.000,2,6
7,3.500,1.000,3,7
7,3.500,1.000,3,10
7,3.500,1.000,5,11
7,3.500,1.000,4,11
7,3.500,1.000,6,12
7,3.500,1.000,1,6
7,3.500,1.000,3,6
7,3.500,1.000,4,9
7,3.500,1.000,7,11
7,3.500,1.000,7,15
7,3.500,1.000,5,11
7,3.500,1.000,6,9
7,3.500,1.000,4,9
7,3.500,1.000,2,2
7,3.500,1.000,4,10
7,3.500,1.000,3,5
7,3.500,1.000,6,10
7,3.500,1.000,9,11
7,3.500,1.000,1,2
7,3.500,1.000,1,4
7,3.500,1.000,2,5
7,3.500,1.000,2,7
7,3.500,1.000,4,9
7,3.500,1.000,6,10
7,3.500,1.000,1,5
7,3.500,1.000,1,4
7,3.500,1.000,2,7
7,3.500,1.000,2,4
7,3.500,1.000,6,13
7,3.500,1.000,2,5
7,3.500,1.000,10,14
7,3.500,1.000,4,9
7,3.500,1.000,1,3
7,3.500,1.000,5,9
7,3.500,1.000,8,16
7,3.500,1.000,7,16
7,3.500,1.000,5,11
7,3.500,1.000,6,16
7,3.500,1.000,2,8
7,3.500,1.000,1,4
7,3.500,1.000,7,16
7,3.500,1.000,5,12
7,3.500,1.000,3,5
7,3.500,1.000,9,16
7,3.500,1.000,5,12
7,3.500,1.000,7,12
7,3.500,1.000,3,5
7,3.500,1.000,4,14
7,3.500,1.000,4,6
7,3.500,1.000,1,3
7,3.500,1.000,8,21
7,3.500,1.000,7,13
7,3.500,1.000,2,4
7,3.500,1.000,5,14
7,3.500,1.000,1,4
7,3.500,1.000,3,9
7,3.500,1.000,5,12
7,3.500,1.000,9,19
7,3.500,1.000,1,1
7,3.500,1.000,6,6
7,3.500,1.000,8,18
7,3.500,1.000,4,10
7,3.500,1.000,1,6
7,3.500,1.000,3,10
7,3.500,1.000,3,8
7,3.500,1.000,3,11
7,3.500,1.000,3,4
7,3.500,1.000,6,15
7,3.500,1.000,12,16
7,3.500,1.000,1,4
7,3.500,1.000,3,7
7,3.500,1.000,4,11
7,3.500,1.000,10,18
7,3.500,1.000,7,10
7,3.500,1.000,1,3
7,3.500,1.000,6,11
7,3.500,1.000,3,8
8,3.500,0.200,6,134
8,3.500,0.200,4,30
8,3.500,0.200,3,160
8,3.500,0.200,2,39
8,3.500,0.200,10,90
8,3.500,0.200,11,59
8,3.500,0.200,2,79
8,3.500,0.200,10,196
8,3.500,0.200,12,73
8,3.500,0.200,2,43
8,3.500,0.200,9,87
8,3.500,0.200,5,53
8,3.500,0.200,5,43
8,3.500,0.200,1,114
8,3.500,0.200,8,39
8,3.500,0.200,2,59
8,3.500,0.200,6,122
8,3.500,0.200,16,102
8,3.500,0.200,2,27
8,3.500,0.200,2,32
8,3.500,0.200,15,64
8,3.500,0.200,5,49
8,3.500,0.200,7,56
8,3.500,0.200,9,51
8,3.500,0.200,3,123
8,3.500,0.200,2,45
8,3.500,0.200,2,71
8,3.500,0.200,5,77
8,3.500,0.200,5,179
8,3.500,0.200,4,111
8,3.500,0.200,7,126
8,3.500,0.200,6,123
8,3.500,0.200,3,40
8,3.500,0.200,5,40
8,3.500,0.200,4,65
8,3.500,0.200,6,132
8,3.500,0.200,3,56
8,3.500,0.200,3,51
8,3.500,0.200,8,48
8,3.500,0.200,4,124
8,3.500,0.200,5,99
8,3.500,0.200,2,121
8,3.500,0.200,3,59
8,3.500,0.200,4,111
8,3.500,0.200,3,29
8,3.500,0.200,4,66
8,3.500,0.200,2,22
8,3.500,0.200,2,23
8,3.500,0.200,4,113
8,3.500,0.200,3,55
8,3.500,0.200,11,58
8,3.500,0.200,8,146
8,3.500,0.200,1,26
8,3.500,0.200,6,73
8,3.500,0.200,9,85
8,3.500,0.200,10,248
8,3.500,0.200,6,75
8,3.500,0.200,5,108
8,3.500,0.200,14,164
8,3.500,0.200,5,102
8,3.500,0.200,1,57
8,3.500,0.200,1,33
8,3.500,0.200,11,72
8,3.500,0.200,5,99
8,3.500,0.200,4,56
8,3.500,0.200,10,198
8,3.500,0.200,3,40
8,3.500,0.200,10,155
8,3.500,0.200,2,81
8,3.500,0.200,3,59
8,3.500,0.200,8,100
8,3.500,0.200,8,52
8,3.500,0.200,7,129
8,3.500,0.200,3,78
8,3.500,0.200,1,18
8,3.500,0.200,4,28
8,3.500,0.200,5,117
8,3.500,0.200,3,73
8,3.500,0.200,8,79
8,3.500,0.200,1,36
8,3.500,0.200,12,123
8,3.500,0.200,2,71
8,3.500,0.200,1,31
8,3.500,0.200,2,48
8,3.500,0.200,1,82
8,3.500,0.200,5,107
8,3.500,0.200,4,90
8,3.500,0.200,3,78
8,3.500,0.200,9,67
8,3.500,0.200,3,98
8,3.500,0.200,8,66
8,3.500,0.200,3,31
8,3.500,0.200,3,52
8,3.500,0.200,10,79
8,3.500,0.200,1,107
8,3.500,0.200,5,71
8,3.500,0.200,10,77
8,3.500,0.200,1,98
8,3.500,0.200,1,104
8,3.500,0.200,4,49
8,3.500,0.200,2,56
8,3.500,0.200,10,34
8,3.500,0.200,5,80
8,3.500,0.200,6,27
8,3.500,0.200,5,129
8,3.500,0.200,9,113
8,3.500,0.200,3,117
8,3.500,0.200,12,55
8,3.500,0.200,5,97
8,3.500,0.200,6,62
8,3.500,0.200,1,76
8,3.500,0.200,11,52
8,3.500,0.200,3,96
8,3.500,0.200,5,43
8,3.500,0.200,14,167
8,3.500,0.200,4,31
8,3.500,0.200,4,63
8,3.500,0.200,8,34
8,3.500,0.200,2,82
8,3.500,0.200,5,110
8,3.500,0.200,1,32
8,3.500,0.200,4,91
8,3.500,0.200,5,152
8,3.500,0.200,3,64
8,3.500,0.200,6,86
8,3.500,0.200,11,52
8,3.500,0.200,2,33
8,3.500,0.200,3,71
8,3.500,0.200,12,205
8,3.500,0.200,12,120
8,3.500,0.200,4,32
8,3.500,0.200,1,43
8,3.500,0.200,8,98
8,3.500,0.200,2,25
8,3.500,0.200,1,76
8,3.500,0.200,7,109
8,3.500,0.200,2,115
8,3.500,0.200,7,89
8,3.500,0.200,2,43
8,3.500,0.200,2,23
8,3.500,0.200,3,62
8,3.500,0.200,7,61
8,3.500,0.200,3,35
8,3.500,0.200,6,63
8,3.500,0.200,6,51
8,3.500,0.200,4,18
8,3.500,0.200,1,20
8,3.500,0.200,5,82
8,3.500,0.200,8,79
8,3.500,0.200,4,171
8,3.500,0.200,7,131
8,3.500,0.200,7,62
8,3.500,0.200,13,83
8,3.500,0.200,9,87
8,3.500,0.200,3,83
8,3.500,0.200,5,35
8,3.500,0.200,9,107
8,3.500,0.200,8,145
8,3.500,0.200,3,28
8,3.500,0.200,8,52
8,3.500,0.200,7,94
8,3.500,0.200,9,73
8,3.500,0.200,7,42
8,3.500,0.200,2,19
8,3.500,0.200,1,87
8,3.500,0.200,4,17
8,3.500,0.200,7,59
8,3.500,0.200,5,62
8,3.500,0.200,10,95
8,3.500,0.200,15,106
8,3.500,0.200,14,57
8,3.500,0.200,6,148
8,3.500,0.200,15,91
8,3.500,0.200,10,79
8,3.500,0.200,2,21
8,3.500,0.200,3,29
8,3.500,0.200,1,17
8,3.500,0.200,9,48
8,3.500,0.200,7,119
8,3.500,0.200,8,78
8,3.500,0.200,3,59
8,3.500,0.200,4,43
8,3.500,0.200,3,47
8,3.500,0.200,17,116
8,3.500,0.200,12,66
8,3.500,0.200,4,16
8,3.500,0.200,12,55
8,3.500,0.200,8,163
8,3.500,0.200,6,38
8,3.500,0.200,5,114
8,3.500,0.200,15,119
8,3.500,0.200,4,118
8,3.500,0.200,1,135
8,3.500,0.200,4,91
8,3.500,0.200,4,36
8,3.500,0.200,3,79
8,3.500,0.200,2,56
8,3.500,0.200,1,41
8,3.500,0.200,2,44
8,3.500,0.200,2,71
8,3.500,0.200,6,57
8,3.500,0.200,3,51
8,3.500,0.200,3,87
8,3.500,0.200,4,52
8,3.500,0.200,5,93
8,3.500,0.200,4,91
8,3.500,0.200,1,19
8,3.500,0.200,17,120
8,3.500,0.200,2,16
8,3.500,0.200,4,79
8,3.500,0.200,1,28
8,3.500,0.200,6,46
8,3.500,0.200,4,34
8,3.500,0.200,4,44
8,3.500,0.200,5,27
8,3.500,0.200,3,43
8,3.500,0.200,8,85
8,3.500,0.200,2,65
8,3.500,0.200,8,56
8,3.500,0.200,2,91
8,3.500,0.200,6,90
8,3.500,0.200,7,80
8,3.500,0.200,4,103
8,3.500,0.200,6,63
8,3.500,0.200,3,60
8,3.500,0.200,9,145
8,3.500,0.200,2,27
8,3.500,0.200,1,67
8,3.500,0.200,2,27
8,3.500,0.200,4,39
8,3.500,0.200,5,37
8,3.500,0.200,3,96
8,3.500,0.200,7,112
8,3.500,0.200,4,55
8,3.500,0.200,4,102
8,3.500,0.200,4,65
8,3.500,0.200,2,29
8,3.500,0.200,6,58
8,3.500,0.200,4,51
8,3.500,0.200,2,22
8,3.500,0.200,3,66
8,3.500,0.200,4,146
8,3.500,0.200,5,49
8,3.500,0.200,19,116
8,3.500,0.200,8,49
8,3.500,0.200,6,168
8,3.500,0.200,15,76
8,3.500,0.200,4,135
8,3.500,0.200,2,51
8,3.500,0.200,6,121
8,3.500,0.200,5,118
8,3.500,0.200,9,121
8,3.500,0.200,7,64
8,3.500,0.200,10,39
8,3.500,0.200,5,150
8,3.500,0.200,4,82
8,3.500,0.200,12,93
8,3.500,0.200,5,56
8,3.500,0.200,6,196
8,3.500,0.200,9,66
8,3.500,0.200,2,17
8,3.500,0.200,6,92
8,3.500,0.200,6,85
8,3.500,0.200,3,116
8,3.500,0.200,4,47
8,3.500,0.200,9,61
8,3.500,0.200,2,83
8,3.500,0.200,4,29
8,3.500,0.200,13,63
8,3.500,0.200,3,45
8,3.500,0.200,2,75
8,3.500,0.200,12,100
8,3.500,0.200,10,53
8,3.500,0.200,2,108
8,3.500,0.200,3,170
8,3.500,0.200,6,38
8,3.500,0.200,6,133
8,3.500,0.200,9,122
8,3.500,0.200,6,33
8,3.500,0.500,2,33
8,3.500,0.500,3,45
8,3.500,0.500,16,97
8,3.500,0.500,1,26
8,3.500,0.500,8,139
8,3.500,0.500,17,102
8,3.500,0.500,6,41
8,3.500,0.500,7,62
8,3.500,0.500,1,39
8,3.500,0.500,6,86
8,3.500,0.500,2,17
8,3.500,0.500,1,71
8,3.500,0.500,7,84
8,3.500,0.500,4,82
8,3.500,0.500,6,96
8,3.500,0.500,3,51
8,3.500,0.500,4,64
8,3.500,0.500,6,109
8,3.500,0.500,7,129
8,3.500,0.500,2,23
8,3.500,0.500,5,86
8,3.500,0.500,11,46
8,3.500,0.500,5,106
8,3.500,0.500,10,108
8,3.500,0.500,3,49
8,3.500,0.500,5,103
8,3.500,0.500,5,90
8,3.500,0.500,8,59
8,3.500,0.500,5,89
8,3.500,0.500,3,161
8,3.500,0.500,10,126
8,3.500,0.500,3,38
8,3.500,0.500,3,52
8,3.500,0.500,6,77
8,3.500,0.500,6,201
8,3.500,0.500,5,104
8,3.500,0.500,11,58
8,3.500,0.500,1,255
8,3.500,0.500,5,124
8,3.500,0.500,6,41
8,3.500,0.500,3,45
8,3.500,0.500,6,61
8,3.500,0.500,7,96
8,3.500,0.500,2,20
8,3.500,0.500,2,19
8,3.500,0.500,6,69
8,3.500,0.500,4,47
8,3.500,0.500,6,36
8,3.500,0.500,7,105
8,3.500,0.500,6,253
8,3.500,0.500,17,98
8,3.500,0.500,2,51
8,3.500,0.500,4,166
8,3.500,0.500,7,73
8,3.500,0.500,7,96
8,3.500,0.500,5,32
8,3.500,0.500,11,90
8,3.500,0.500,6,23
8,3.500,0.500,6,75
8,3.500,0.500,2,19
8,3.500,0.500,3,113
8,3.500,0.500,5,59
8,3.500,0.500,5,122
8,3.500,0.500,7,77
8,3.500,0.500,1,16
8,3.500,0.500,13,73
8,3.500,0.500,4,34
8,3.500,0.500,7,48
8,3.500,0.500,13,146
8,3.500,0.500,4,75
8,3.500,0.500,12,111
8,3.500,0.500,13,88
8,3.500,0.500,5,140
8,3.500,0.500,2,41
8,3.500,0.500,3,58
8,3.500,0.500,12,23
8,3.500,0.500,5,90
8,3.500,0.500,3,54
8,3.500,0.500,2,53
8,3.500,0.500,3,88
8,3.500,0.500,9,87
8,3.500,0.500,1,43
8,3.500,0.500,1,22
8,3.500,0.500,3,78
8,3.500,0.500,4,201
8,3.500,0.500,8,128
8,3.500,0.500,6,63
8,3.500,0.500,4,20
8,3.500,0.500,1,31
8,3.500,0.500,2,31
8,3.500,0.500,6,24
8,3.500,0.500,3,94
8,3.500,0.500,7,136
8,3.500,0.500,6,110
8,3.500,0.500,5,30
8,3.500,0.500,1,23
8,3.500,0.500,1,76
8,3.500,0.500,5,54
8,3.500,0.500,3,70
8,3.500,0.500,1,27
8,3.500,0.500,7,74
8,3.500,0.500,11,103
8,3.500,0.500,9,46
8,3.500,0.500,7,110
8,3.500,0.500,10,99
8,3.500,0.500,3,140
8,3.500,0.500,4,121
8,3.500,0.500,5,50
8,3.500,0.500,3,90
8,3.500,0.500,17,66
8,3.500,0.500,2,39
8,3.500,0.500,2,35
8,3.500,0.500,4,16
8,3.500,0.500,4,58
8,3.500,0.500,3,183
8,3.500,0.500,2,43
8,3.500,0.500,1,27
8,3.500,0.500,14,76
8,3.500,0.500,6,40
8,3.500,0.500,2,79
8,3.500,0.500,5,68
8,3.500,0.500,15,192
8,3.500,0.500,4,53
8,3.500,0.500,10,55
8,3.500,0.500,6,98
8,3.500,0.500,3,123
8,3.500,0.500,6,124
8,3.500,0.500,10,121
8,3.500,0.500,4,60
8,3.500,0.500,11,31
8,3.500,0.500,9,109
8,3.500,0.500,4,19
8,3.500,0.500,3,127
8,3.500,0.500,1,79
8,3.500,0.500,5,60
8,3.500,0.500,2,108
8,3.500,0.500,7,122
8,3.500,0.500,11,79
8,3.500,0.500,6,47
8,3.500,0.500,3,62
8,3.500,0.500,4,32
8,3.500,0.500,7,94
8,3.500,0.500,9,60
8,3.500,0.500,6,25
8,3.500,0.500,13,89
8,3.500,0.500,7,46
8,3.500,0.500,10,107
8,3.500,0.500,4,17
8,3.500,0.500,10,61
8,3.500,0.500,7,76
8,3.500,0.500,5,111
8,3.500,0.500,9,141
8,3.500,0.500,2,27
8,3.500,0.500,2,43
8,3.500,0.500,8,75
8,3.500,0.500,11,181
8,3.500,0.500,12,96
8,3.500,0.500,5,160
8,3.500,0.500,2,17
8,3.500,0.500,7,83
8,3.500,0.500,2,55
8,3.500,0.500,6,112
8,3.500,0.500,6,39
8,3.500,0.500,9,127
8,3.500,0.500,1,59
8,3.500,0.500,7,95
8,3.500,0.500,1,71
8,3.500,0.500,7,107
8,3.500,0.500,3,43
8,3.500,0.500,4,79
8,3.500,0.500,1,40
8,3.500,0.500,2,55
8,3.500,0.500,15,81
8,3.500,0.500,20,76
8,3.500,0.500,13,31
8,3.500,0.500,11,134
8,3.500,0.500,9,104
8,3.500,0.500,1,16
8,3.500,0.500,5,104
8,3.500,0.500,6,55
8,3.500,0.500,5,145
8,3.500,0.500,13,53
8,3.500,0.500,1,107
8,3.500,0.500,3,63
8,3.500,0.500,5,69
8,3.500,0.500,1,103
8,3.500,0.500,5,77
8,3.500,0.500,4,17
8,3.500,0.500,3,75
8,3.500,0.500,2,51
8,3.500,0.500,4,105
8,3.500,0.500,6,88
8,3.500,0.500,7,27
8,3.500,0.500,5,76
8,3.500,0.500,1,27
8,3.500,0.500,1,30
8,3.500,0.500,10,68
8,3.500,0.500,4,82
8,3.500,0.500,6,96
8,3.500,0.500,11,70
8,3.500,0.500,6,135
8,3.500,0.500,7,117
8,3.500,0.500,7,57
8,3.500,0.500,10,67
8,3.500,0.500,7,80
8,3.500,0.500,3,76
8,3.500,0.500,4,37
8,3.500,0.500,6,80
8,3.500,0.500,12,77
8,3.500,0.500,5,86
8,3.500,0.500,8,36
8,3.500,0.500,4,43
8,3.500,0.500,2,117
8,3.500,0.500,3,69
8,3.500,0.500,1,29
8,3.500,0.500,8,21
8,3.500,0.500,8,60
8,3.500,0.500,11,61
8,3.500,0.500,2,50
8,3.500,0.500,8,126
8,3.500,0.500,8,91
8,3.500,0.500,1,27
8,3.500,0.500,5,113
8,3.500,0.500,5,56
8,3.500,0.500,9,110
8,3.500,0.500,9,62
8,3.500,0.500,3,122
8,3.500,0.500,5,57
8,3.500,0.500,10,155
8,3.500,0.500,4,74
8,3.500,0.500,5,86
8,3.500,0.500,10,85
8,3.500,0.500,1,22
8,3.500,0.500,2,55
8,3.500,0.500,6,50
8,3.500,0.500,9,85
8,3.500,0.500,8,42
8,3.500,0.500,10,146
8,3.500,0.500,7,66
8,3.500,0.500,5,70
8,3.500,0.500,7,72
8,3.500,0.500,2,48
8,3.500,0.500,5,36
8,3.500,0.500,7,140
8,3.500,0.500,4,51
8,3.500,0.500,6,61
8,3.500,0.500,7,28
8,3.500,0.500,7,73
8,3.500,0.500,2,25
8,3.500,0.500,7,45
8,3.500,0.500,4,63
8,3.500,0.500,5,35
8,3.500,0.500,8,36
8,3.500,0.500,1,26
8,3.500,0.500,11,57
8,3.500,0.500,3,88
8,3.500,0.500,1,136
8,3.500,0.500,5,36
8,3.500,0.500,9,139
8,3.500,0.500,5,84
8,3.500,0.500,3,78
8,3.500,0.500,12,50
8,3.500,0.500,4,113
8,3.500,0.500,1,43
8,3.500,0.500,9,92
8,3.500,0.500,4,36
8,3.500,0.500,6,161
8,3.500,0.500,7,73
8,3.500,0.500,4,62
8,3.500,0.500,2,158
8,3.500,0.500,11,107
8,3.500,0.500,5,27
8,3.500,0.500,1,51
8,3.500,0.500,3,51
8,3.500,0.500,11,97
8,3.500,0.500,11,192
8,3.500,0.500,10,67
8,3.500,0.500,4,47
8,3.500,0.500,5,81
8,3.500,0.500,6,82
8,3.500,0.500,5,50
8,3.500,0.500,2,37
8,3.500,0.500,3,111
8,3.500,0.500,2,36
8,3.500,0.500,7,61
8,3.500,0.500,5,87
8,3.500,0.500,7,152
8,3.500,0.500,2,82
8,3.500,0.500,2,55
8,3.500,0.500,8,170
8,3.500,0.500,7,42
8,3.500,0.750,7,69
8,3.500,0.750,2,39
8,3.500,0.750,10,58
8,3.500,0.750,13,75
8,3.500,0.750,7,45
8,3.500,0.750,8,107
8,3.500,0.750,12,90
8,3.500,0.750,8,128
8,3.500,0.750,6,106
8,3.500,0.750,4,104
8,3.500,0.750,5,56
8,3.500,0.750,10,48
8,3.500,0.750,4,83
8,3.500,0.750,2,128
8,3.500,0.750,6,78
8,3.500,0.750,8,74
8,3.500,0.750,10,66
8,3.500,0.750,4,53
8,3.500,0.750,4,62
8,3.500,0.750,2,57
8,3.500,0.750,5,40
8,3.500,0.750,13,82
8,3.500,0.750,13,66
8,3.500,0.750,4,41
8,3.500,0.750,2,19
8,3.500,0.750,2,51
8,3.500,0.750,1,75
8,3.500,0.750,2,19
8,3.500,0.750,2,47
8,3.500,0.750,8,81
8,3.500,0.750,9,95
8,3.500,0.750,9,200
8,3.500,0.750,3,26
8,3.500,0.750,2,25
8,3.500,0.750,4,134
8,3.500,0.750,7,106
8,3.500,0.750,5,84
8,3.500,0.750,7,73
8,3.500,0.750,7,97
8,3.500,0.750,3,100
8,3.500,0.750,2,35
8,3.500,0.750,3,52
8,3.500,0.750,17,80
8,3.500,0.750,2,25
8,3.500,0.750,13,58
8,3.500,0.750,6,72
8,3.500,0.750,12,71
8,3.500,0.750,6,127
8,3.500,0.750,3,149
8,3.500,0.750,8,42
8,3.500,0.750,5,57
8,3.500,0.750,7,98
8,3.500,0.750,10,118
8,3.500,0.750,7,92
8,3.500,0.750,3,103
8,3.500,0.750,2,77
8,3.500,0.750,2,31
8,3.500,0.750,8,127
8,3.500,0.750,3,50
8,3.500,0.750,8,55
8,3.500,0.750,2,99
8,3.500,0.750,4,121
8,3.500,0.750,6,39
8,3.500,0.750,2,48
8,3.500,0.750,3,57
8,3.500,0.750,9,64
8,3.500,0.750,2,26
8,3.500,0.750,13,93
8,3.500,0.750,2,34
8,3.500,0.750,5,83
8,3.500,0.750,4,31
8,3.500,0.750,7,69
8,3.500,0.750,11,53
8,3.500,0.750,7,64
8,3.500,0.750,3,56
8,3.500,0.750,10,115
8,3.500,0.750,2,78
8,3.500,0.750,3,68
8,3.500,0.750,3,33
8,3.500,0.750,11,75
8,3.500,0.750,10,78
8,3.500,0.750,9,120
8,3.500,0.750,6,102
8,3.500,0.750,5,58
8,3.500,0.750,3,90
8,3.500,0.750,2,75
8,3.500,0.750,8,75
8,3.500,0.750,1,49
8,3.500,0.750,3,122
8,3.500,0.750,7,113
8,3.500,0.750,10,169
8,3.500,0.750,4,49
8,3.500,0.750,9,90
8,3.500,0.750,7,144
8,3.500,0.750,2,59
8,3.500,0.750,5,72
8,3.500,0.750,2,23
8,3.500,0.750,13,111
8,3.500,0.750,11,85
8,3.500,0.750,4,114
8,3.500,0.750,4,77
8,3.500,0.750,4,83
8,3.500,0.750,21,177
8,3.500,0.750,16,103
8,3.500,0.750,5,98
8,3.500,0.750,8,46
8,3.500,0.750,10,59
8,3.500,0.750,7,133
8,3.500,0.750,9,92
8,3.500,0.750,5,64
8,3.500,0.750,2,72
8,3.500,0.750,8,63
8,3.500,0.750,9,88
8,3.500,0.750,4,140
8,3.500,0.750,12,34
8,3.500,0.750,4,95
8,3.500,0.750,10,89
8,3.500,0.750,11,99
8,3.500,0.750,3,104
8,3.500,0.750,11,87
8,3.500,0.750,6,72
8,3.500,0.750,4,39
8,3.500,0.750,3,127
8,3.500,0.750,15,87
8,3.500,0.750,1,40
8,3.500,0.750,10,134
8,3.500,0.750,3,25
8,3.500,0.750,2,51
8,3.500,0.750,17,128
8,3.500,0.750,8,43
8,3.500,0.750,4,46
8,3.500,0.750,1,23
8,3.500,0.750,3,100
8,3.500,0.750,5,91
8,3.500,0.750,4,32
8,3.500,0.750,4,118
8,3.500,0.750,8,83
8,3.500,0.750,1,146
8,3.500,0.750,10,38
8,3.500,0.750,8,132
8,3.500,0.750,9,182
8,3.500,0.750,7,63
8,3.500,0.750,2,27
8,3.500,0.750,11,58
8,3.500,0.750,3,40
8,3.500,0.750,13,141
8,3.500,0.750,13,110
8,3.500,0.750,3,45
8,3.500,0.750,6,120
8,3.500,0.750,4,35
8,3.500,0.750,6,45
8,3.500,0.750,13,167
8,3.500,0.750,6,52
8,3.500,0.750,6,32
8,3.500,0.750,9,134
8,3.500,0.750,3,110
8,3.500,0.750,2,48
8,3.500,0.750,4,29
8,3.500,0.750,1,98
8,3.500,0.750,4,75
8,3.500,0.750,2,111
8,3.500,0.750,9,82
8,3.500,0.750,7,118
8,3.500,0.750,7,47
8,3.500,0.750,1,19
8,3.500,0.750,8,131
8,3.500,0.750,5,54
8,3.500,0.750,7,152
8,3.500,0.750,6,102
8,3.500,0.750,5,194
8,3.500,0.750,5,87
8,3.500,0.750,3,51
8,3.500,0.750,1,21
8,3.500,0.750,6,30
8,3.500,0.750,5,28
8,3.500,0.750,2,57
8,3.500,0.750,6,35
8,3.500,0.750,6,46
8,3.500,0.750,4,155
8,3.500,0.750,3,87
8,3.500,0.750,4,78
8,3.500,0.750,2,81
8,3.500,0.750,8,132
8,3.500,0.750,6,39
8,3.500,0.750,13,69
8,3.500,0.750,3,57
8,3.500,0.750,11,117
8,3.500,0.750,8,167
8,3.500,0.750,1,88
8,3.500,0.750,10,52
8,3.500,0.750,4,56
8,3.500,0.750,4,50
8,3.500,0.750,6,227
8,3.500,0.750,9,94
8,3.500,0.750,7,36
8,3.500,0.750,1,22
8,3.500,0.750,4,176
8,3.500,0.750,5,83
8,3.500,0.750,11,61
8,3.500,0.750,7,183
8,3.500,0.750,5,50
8,3.500,0.750,4,61
8,3.500,0.750,4,92
8,3.500,0.750,11,99
8,3.500,0.750,5,87
8,3.500,0.750,2,77
8,3.500,0.750,4,73
8,3.500,0.750,4,49
8,3.500,0.750,5,56
8,3.500,0.750,5,54
8,3.500,0.750,4,121
8,3.500,0.750,3,40
8,3.500,0.750,4,40
8,3.500,0.750,12,49
8,3.500,0.750,7,113
8,3.500,0.750,5,65
8,3.500,0.750,4,51
8,3.500,0.750,7,48
8,3.500,0.750,1,39
8,3.500,0.750,3,52
8,3.500,0.750,5,123
8,3.500,0.750,6,80
8,3.500,0.750,8,79
8,3.500,0.750,8,166
8,3.500,0.750,2,102
8,3.500,0.750,7,43
8,3.500,0.750,5,165
8,3.500,0.750,2,43
8,3.500,0.750,1,47
8,3.500,0.750,3,37
8,3.500,0.750,7,146
8,3.500,0.750,5,75
8,3.500,0.750,4,65
8,3.500,0.750,13,149
8,3.500,0.750,5,52
8,3.500,0.750,3,65
8,3.500,0.750,3,94
8,3.500,0.750,2,94
8,3.500,0.750,6,48
8,3.500,0.750,12,38
8,3.500,0.750,6,100
8,3.500,0.750,11,121
8,3.500,0.750,4,76
8,3.500,0.750,6,43
8,3.500,0.750,1,47
8,3.500,0.750,9,96
8,3.500,0.750,4,67
8,3.500,0.750,3,68
8,3.500,0.750,10,68
8,3.500,0.750,2,83
8,3.500,0.750,7,79
8,3.500,0.750,3,47
8,3.500,0.750,6,75
8,3.500,0.750,8,119
8,3.500,0.750,4,43
8,3.500,0.750,7,96
8,3.500,0.750,2,60
8,3.500,0.750,13,70
8,3.500,0.750,6,69
8,3.500,0.750,4,173
8,3.500,0.750,6,49
8,3.500,0.750,5,125
8,3.500,0.750,5,85
8,3.500,0.750,10,150
8,3.500,0.750,2,31
8,3.500,0.750,9,111
8,3.500,0.750,2,144
8,3.500,0.750,4,33
8,3.500,0.750,10,75
8,3.500,0.750,1,73
8,3.500,0.750,3,42
8,3.500,0.750,1,27
8,3.500,0.750,6,68
8,3.500,0.750,14,114
8,3.500,0.750,3,82
8,3.500,0.750,7,37
8,3.500,0.750,9,180
8,3.500,0.750,2,23
8,3.500,0.750,2,19
8,3.500,0.750,15,162
8,3.500,0.750,2,17
8,3.500,0.750,1,23
8,3.500,0.750,1,47
8,3.500,0.750,16,21
8,3.500,0.900,1,39
8,3.500,0.900,7,44
8,3.500,0.900,3,59
8,3.500,0.900,13,93
8,3.500,0.900,8,55
8,3.500,0.900,3,59
8,3.500,0.900,6,47
8,3.500,0.900,5,175
8,3.500,0.900,5,42
8,3.500,0.900,5,58
8,3.500,0.900,1,80
8,3.500,0.900,15,88
8,3.500,0.900,5,130
8,3.500,0.900,4,86
8,3.500,0.900,4,92
8,3.500,0.900,17,137
8,3.500,0.900,3,57
8,3.500,0.900,1,27
8,3.500,0.900,6,32
8,3.500,0.900,12,100
8,3.500,0.900,6,97
8,3.500,0.900,5,50
8,3.500,0.900,8,68
8,3.500,0.900,5,150
8,3.500,0.900,6,110
8,3.500,0.900,6,36
8,3.500,0.900,2,29
8,3.500,0.900,2,29
8,3.500,0.900,5,25
8,3.500,0.900,5,104
8,3.500,0.900,3,115
8,3.500,0.900,6,140
8,3.500,0.900,3,76
8,3.500,0.900,4,27
8,3.500,0.900,1,146
8,3.500,0.900,3,110
8,3.500,0.900,5,136
8,3.500,0.900,6,81
8,3.500,0.900,2,162
8,3.500,0.900,4,145
8,3.500,0.900,1,43
8,3.500,0.900,8,71
8,3.500,0.900,6,71
8,3.500,0.900,1,91
8,3.500,0.900,3,45
8,3.500,0.900,5,27
8,3.500,0.900,5,91
8,3.500,0.900,1,47
8,3.500,0.900,5,46
8,3.500,0.900,6,124
8,3.500,0.900,3,67
8,3.500,0.900,5,75
8,3.500,0.900,1,82
8,3.500,0.900,10,114
8,3.500,0.900,3,67
8,3.500,0.900,7,188
8,3.500,0.900,2,55
8,3.500,0.900,5,119
8,3.500,0.900,2,29
8,3.500,0.900,2,119
8,3.500,0.900,4,77
8,3.500,0.900,4,35
8,3.500,0.900,16,135
8,3.500,0.900,2,19
8,3.500,0.900,8,145
8,3.500,0.900,3,67
8,3.500,0.900,6,51
8,3.500,0.900,4,27
8,3.500,0.900,16,61
8,3.500,0.900,2,41
8,3.500,0.900,7,78
8,3.500,0.900,3,64
8,3.500,0.900,10,104
8,3.500,0.900,1,87
8,3.500,0.900,1,19
8,3.500,0.900,2,41
8,3.500,0.900,2,16
8,3.500,0.900,4,33
8,3.500,0.900,4,95
8,3.500,0.900,14,137
8,3.500,0.900,8,96
8,3.500,0.900,1,21
8,3.500,0.900,1,43
8,3.500,0.900,1,29
8,3.500,0.900,11,108
8,3.500,0.900,1,30
8,3.500,0.900,6,95
8,3.500,0.900,8,143
8,3.500,0.900,3,35
8,3.500,0.900,5,80
8,3.500,0.900,8,102
8,3.500,0.900,1,32
8,3.500,0.900,4,57
8,3.500,0.900,1,83
8,3.500,0.900,4,22
8,3.500,0.900,1,25
8,3.500,0.900,6,71
8,3.500,0.900,3,99
8,3.500,0.900,4,190
8,3.500,0.900,2,69
8,3.500,0.900,5,110
8,3.500,0.900,11,177
8,3.500,0.900,6,91
8,3.500,0.900,3,33
8,3.500,0.900,3,139
8,3.500,0.900,1,72
8,3.500,0.900,1,80
8,3.500,0.900,5,109
8,3.500,0.900,8,92
8,3.500,0.900,6,134
8,3.500,0.900,5,43
8,3.500,0.900,6,76
8,3.500,0.900,10,80
8,3.500,0.900,7,108
8,3.500,0.900,2,107
8,3.500,0.900,6,88
8,3.500,0.900,10,64
8,3.500,0.900,11,57
8,3.500,0.900,16,99
8,3.500,0.900,6,79
8,3.500,0.900,2,19
8,3.500,0.900,1,36
8,3.500,0.900,2,18
8,3.500,0.900,3,56
8,3.500,0.900,9,122
8,3.500,0.900,6,73
8,3.500,0.900,1,103
8,3.500,0.900,2,51
8,3.500,0.900,2,30
8,3.500,0.900,1,55
8,3.500,0.900,8,64
8,3.500,0.900,3,79
8,3.500,0.900,2,21
8,3.500,0.900,4,14
8,3.500,0.900,2,43
8,3.500,0.900,1,161
8,3.500,0.900,2,31
8,3.500,0.900,2,27
8,3.500,0.900,1,79
8,3.500,0.900,4,154
8,3.500,0.900,7,77
8,3.500,0.900,12,98
8,3.500,0.900,4,53
8,3.500,0.900,4,31
8,3.500,0.900,3,31
8,3.500,0.900,2,47
8,3.500,0.900,2,40
8,3.500,0.900,2,33
8,3.500,0.900,5,90
8,3.500,0.900,7,68
8,3.500,0.900,16,115
8,3.500,0.900,4,35
8,3.500,0.900,11,56
8,3.500,0.900,2,68
8,3.500,0.900,2,71
8,3.500,0.900,3,31
8,3.500,0.900,16,90
8,3.500,0.900,6,28
8,3.500,0.900,5,61
8,3.500,0.900,9,105
8,3.500,0.900,3,64
8,3.500,0.900,4,66
8,3.500,0.900,1,35
8,3.500,0.900,5,91
8,3.500,0.900,10,71
8,3.500,0.900,4,41
8,3.500,0.900,7,102
8,3.500,0.900,4,41
8,3.500,0.900,2,25
8,3.500,0.900,9,148
8,3.500,0.900,6,97
8,3.500,0.900,15,138
8,3.500,0.900,2,29
8,3.500,0.900,10,121
8,3.500,0.900,9,85
8,3.500,0.900,3,34
8,3.500,0.900,4,84
8,3.500,0.900,8,127
8,3.500,0.900,5,56
8,3.500,0.900,2,98
8,3.500,0.900,2,19
8,3.500,0.900,4,66
8,3.500,0.900,9,149
8,3.500,0.900,6,92
8,3.500,0.900,6,94
8,3.500,0.900,1,114
8,3.500,0.900,4,17
8,3.500,0.900,6,76
8,3.500,0.900,6,70
8,3.500,0.900,9,69
8,3.500,0.900,12,83
8,3.500,0.900,4,59
8,3.500,0.900,5,83
8,3.500,0.900,16,61
8,3.500,0.900,1,47
8,3.500,0.900,5,98
8,3.500,0.900,3,160
8,3.500,0.900,7,68
8,3.500,0.900,3,114
8,3.500,0.900,11,125
8,3.500,0.900,10,120
8,3.500,0.900,5,102
8,3.500,0.900,4,96
8,3.500,0.900,2,23
8,3.500,0.900,4,102
8,3.500,0.900,2,85
8,3.500,0.900,4,91
8,3.500,0.900,5,46
8,3.500,0.900,3,67
8,3.500,0.900,4,104
8,3.500,0.900,4,91
8,3.500,0.900,12,51
8,3.500,0.900,3,64
8,3.500,0.900,5,98
8,3.500,0.900,2,99
8,3.500,0.900,7,77
8,3.500,0.900,7,58
8,3.500,0.900,10,85
8,3.500,0.900,9,176
8,3.500,0.900,5,39
8,3.500,0.900,5,64
8,3.500,0.900,3,69
8,3.500,0.900,11,51
8,3.500,0.900,10,29
8,3.500,0.900,5,75
8,3.500,0.900,8,95
8,3.500,0.900,9,111
8,3.500,0.900,11,189
8,3.500,0.900,3,61
8,3.500,0.900,4,50
8,3.500,0.900,7,214
8,3.500,0.900,4,107
8,3.500,0.900,4,166
8,3.500,0.900,3,107
8,3.500,0.900,6,64
8,3.500,0.900,10,68
8,3.500,0.900,5,111
8,3.500,0.900,5,46
8,3.500,0.900,5,135
8,3.500,0.900,7,56
8,3.500,0.900,2,56
8,3.500,0.900,6,111
8,3.500,0.900,6,28
8,3.500,0.900,7,79
8,3.500,0.900,6,68
8,3.500,0.900,4,43
8,3.500,0.900,8,142
8,3.500,0.900,14,159
8,3.500,0.900,2,35
8,3.500,0.900,10,99
8,3.500,0.900,4,19
8,3.500,0.900,12,65
8,3.500,0.900,4,45
8,3.500,0.900,10,181
8,3.500,0.900,4,39
8,3.500,0.900,4,129
8,3.500,0.900,3,45
8,3.500,0.900,4,71
8,3.500,0.900,9,152
8,3.500,0.900,10,58
8,3.500,0.900,3,93
8,3.500,0.900,5,91
8,3.500,0.900,17,127
8,3.500,0.900,6,63
8,3.500,0.900,7,80
8,3.500,0.900,8,106
8,3.500,0.900,11,79
8,3.500,0.900,8,103
8,3.500,0.900,2,115
8,3.500,0.900,3,37
8,3.500,0.900,7,203
8,3.500,0.900,1,129
8,3.500,0.900,8,89
8,3.500,0.900,8,61
8,3.500,0.900,4,70
8,3.500,0.900,3,99
8,3.500,0.900,3,50
8,3.500,0.900,5,64
8,3.500,0.900,6,67
8,3.500,0.900,5,117
8,3.500,0.900,3,46
8,3.500,0.900,9,116
8,3.500,0.950,4,69
8,3.500,0.950,4,101
8,3.500,0.950,2,97
8,3.500,0.950,1,63
8,3.500,0.950,4,75
8,3.500,0.950,5,36
8,3.500,0.950,4,51
8,3.500,0.950,5,38
8,3.500,0.950,11,91
8,3.500,0.950,8,104
8,3.500,0.950,4,49
8,3.500,0.950,5,146
8,3.500,0.950,8,104
8,3.500,0.950,3,79
8,3.500,0.950,4,110
8,3.500,0.950,13,111
8,3.500,0.950,10,156
8,3.500,0.950,4,112
8,3.500,0.950,2,17
8,3.500,0.950,5,38
8,3.500,0.950,4,76
8,3.500,0.950,10,177
8,3.500,0.950,4,95
8,3.500,0.950,1,73
8,3.500,0.950,1,32
8,3.500,0.950,2,91
8,3.500,0.950,4,246
8,3.500,0.950,11,55
8,3.500,0.950,3,34
8,3.500,0.950,8,83
8,3.500,0.950,2,28
8,3.500,0.950,3,24
8,3.500,0.950,4,185
8,3.500,0.950,12,118
8,3.500,0.950,3,51
8,3.500,0.950,4,40
8,3.500,0.950,2,51
8,3.500,0.950,7,49
8,3.500,0.950,1,98
8,3.500,0.950,3,129
8,3.500,0.950,5,113
8,3.500,0.950,11,45
8,3.500,0.950,5,31
8,3.500,0.950,4,133
8,3.500,0.950,6,77
8,3.500,0.950,5,192
8,3.500,0.950,5,75
8,3.500,0.950,6,107
8,3.500,0.950,12,92
8,3.500,0.950,6,27
8,3.500,0.950,9,149
8,3.500,0.950,7,100
8,3.500,0.950,5,139
8,3.500,0.950,6,169
8,3.500,0.950,1,25
8,3.500,0.950,6,83
8,3.500,0.950,4,97
8,3.500,0.950,6,63
8,3.500,0.950,11,99
8,3.500,0.950,4,61
8,3.500,0.950,1,87
8,3.500,0.950,13,176
8,3.500,0.950,2,43
8,3.500,0.950,3,52
8,3.500,0.950,5,65
8,3.500,0.950,2,57
8,3.500,0.950,7,60
8,3.500,0.950,18,120
8,3.500,0.950,6,52
8,3.500,0.950,5,50
8,3.500,0.950,4,55
8,3.500,0.950,8,47
8,3.500,0.950,4,110
8,3.500,0.950,4,61
8,3.500,0.950,2,83
8,3.500,0.950,3,161
8,3.500,0.950,6,55
8,3.500,0.950,5,69
8,3.500,0.950,4,66
8,3.500,0.950,16,104
8,3.500,0.950,8,104
8,3.500,0.950,10,168
8,3.500,0.950,2,114
8,3.500,0.950,11,130
8,3.500,0.950,3,84
8,3.500,0.950,7,75
8,3.500,0.950,18,97
8,3.500,0.950,12,102
8,3.500,0.950,1,18
8,3.500,0.950,1,35
8,3.500,0.950,10,66
8,3.500,0.950,4,165
8,3.500,0.950,2,17
8,3.500,0.950,5,73
8,3.500,0.950,6,53
8,3.500,0.950,4,14
8,3.500,0.950,2,33
8,3.500,0.950,1,41
8,3.500,0.950,2,18
8,3.500,0.950,4,72
8,3.500,0.950,1,75
8,3.500,0.950,4,28
8,3.500,0.950,4,36
8,3.500,0.950,1,29
8,3.500,0.950,2,107
8,3.500,0.950,3,35
8,3.500,0.950,4,17
8,3.500,0.950,1,48
8,3.500,0.950,2,103
8,3.500,0.950,1,104
8,3.500,0.950,6,97
8,3.500,0.950,14,165
8,3.500,0.950,5,59
8,3.500,0.950,7,72
8,3.500,0.950,8,78
8,3.500,0.950,13,49
8,3.500,0.950,7,144
8,3.500,0.950,2,29
8,3.500,0.950,9,63
8,3.500,0.950,4,51
8,3.500,0.950,5,46
8,3.500,0.950,10,128
8,3.500,0.950,3,84
8,3.500,0.950,5,55
8,3.500,0.950,9,124
8,3.500,0.950,6,46
8,3.500,0.950,2,27
8,3.500,0.950,7,125
8,3.500,0.950,8,70
8,3.500,0.950,5,29
8,3.500,0.950,3,58
8,3.500,0.950,4,106
8,3.500,0.950,3,102
8,3.500,0.950,11,79
8,3.500,0.950,6,66
8,3.500,0.950,7,63
8,3.500,0.950,8,97
8,3.500,0.950,3,91
8,3.500,0.950,1,41
8,3.500,0.950,5,67
8,3.500,0.950,6,69
8,3.500,0.950,8,132
8,3.500,0.950,4,32
8,3.500,0.950,11,129
8,3.500,0.950,1,24
8,3.500,0.950,9,105
8,3.500,0.950,3,143
8,3.500,0.950,2,56
8,3.500,0.950,3,76
8,3.500,0.950,3,85
8,3.500,0.950,5,119
8,3.500,0.950,4,20
8,3.500,0.950,10,112
8,3.500,0.950,3,23
8,3.500,0.950,4,132
8,3.500,0.950,6,19
8,3.500,0.950,5,94
8,3.500,0.950,6,147
8,3.500,0.950,2,48
8,3.500,0.950,10,89
8,3.500,0.950,3,107
8,3.500,0.950,3,58
8,3.500,0.950,1,55
8,3.500,0.950,2,52
8,3.500,0.950,6,140
8,3.500,0.950,2,92
8,3.500,0.950,10,64
8,3.500,0.950,6,50
8,3.500,0.950,8,90
8,3.500,0.950,7,106
8,3.500,0.950,6,95
8,3.500,0.950,4,106
8,3.500,0.950,13,98
8,3.500,0.950,5,59
8,3.500,0.950,3,43
8,3.500,0.950,6,82
8,3.500,0.950,4,67
8,3.500,0.950,2,85
8,3.500,0.950,2,53
8,3.500,0.950,3,28
8,3.500,0.950,7,78
8,3.500,0.950,4,66
8,3.500,0.950,3,38
8,3.500,0.950,3,63
8,3.500,0.950,8,111
8,3.500,0.950,5,173
8,3.500,0.950,11,53
8,3.500,0.950,5,141
8,3.500,0.950,4,43
8,3.500,0.950,2,25
8,3.500,0.950,5,86
8,3.500,0.950,15,76
8,3.500,0.950,6,104
8,3.500,0.950,3,223
8,3.500,0.950,13,87
8,3.500,0.950,3,103
8,3.500,0.950,9,72
8,3.500,0.950,7,129
8,3.500,0.950,3,108
8,3.500,0.950,9,139
8,3.500,0.950,7,92
8,3.500,0.950,2,57
8,3.500,0.950,5,76
8,3.500,0.950,3,70
8,3.500,0.950,4,62
8,3.500,0.950,2,71
8,3.500,0.950,3,60
8,3.500,0.950,5,252
8,3.500,0.950,3,49
8,3.500,0.950,6,77
8,3.500,0.950,4,27
8,3.500,0.950,4,77
8,3.500,0.950,1,23
8,3.500,0.950,13,116
8,3.500,0.950,9,91
8,3.500,0.950,8,80
8,3.500,0.950,14,205
8,3.500,0.950,4,113
8,3.500,0.950,7,36
8,3.500,0.950,9,160
8,3.500,0.950,5,154
8,3.500,0.950,3,41
8,3.500,0.950,8,19
8,3.500,0.950,9,142
8,3.500,0.950,4,24
8,3.500,0.950,3,165
8,3.500,0.950,3,50
8,3.500,0.950,9,105
8,3.500,0.950,4,112
8,3.500,0.950,11,157
8,3.500,0.950,7,124
8,3.500,0.950,12,119
8,3.500,0.950,2,72
8,3.500,0.950,14,233
8,3.500,0.950,3,114
8,3.500,0.950,4,34
8,3.500,0.950,9,68
8,3.500,0.950,1,31
8,3.500,0.950,1,63
8,3.500,0.950,5,35
8,3.500,0.950,13,138
8,3.500,0.950,18,247
8,3.500,0.950,2,139
8,3.500,0.950,5,40
8,3.500,0.950,7,117
8,3.500,0.950,8,63
8,3.500,0.950,2,23
8,3.500,0.950,1,91
8,3.500,0.950,3,33
8,3.500,0.950,2,61
8,3.500,0.950,9,81
8,3.500,0.950,3,51
8,3.500,0.950,6,44
8,3.500,0.950,3,35
8,3.500,0.950,4,56
8,3.500,0.950,9,95
8,3.500,0.950,6,96
8,3.500,0.950,2,72
8,3.500,0.950,3,95
8,3.500,0.950,1,24
8,3.500,0.950,5,87
8,3.500,0.950,7,69
8,3.500,0.950,1,73
8,3.500,0.950,2,47
8,3.500,0.950,2,27
8,3.500,0.950,2,23
8,3.500,0.950,9,119
8,3.500,0.950,1,35
8,3.500,0.950,4,55
8,3.500,0.950,2,67
8,3.500,0.950,10,40
8,3.500,0.950,5,114
8,3.500,0.950,1,19
8,3.500,0.950,3,148
8,3.500,0.950,7,48
8,3.500,0.950,3,58
8,3.500,0.950,2,97
8,3.500,1.000,2,7
8,3.500,1.000,2,10
8,3.500,1.000,1,4
8,3.500,1.000,4,7
8,3.500,1.000,6,9
8,3.500,1.000,10,16
8,3.500,1.000,4,12
8,3.500,1.000,7,17
8,3.500,1.000,12,22
8,3.500,1.000,10,25
8,3.500,1.000,4,9
8,3.500,1.000,5,13
8,3.500,1.000,2,3
8,3.500,1.000,2,9
8,3.500,1.000,10,14
8,3.500,1.000,1,5
8,3.500,1.000,7,17
8,3.500,1.000,3,10
8,3.500,1.000,6,15
8,3.500,1.000,2,8
8,3.500,1.000,4,13
8,3.500,1.000,7,18
8,3.500,1.000,7,19
8,3.500,1.000,4,7
8,3.500,1.000,5,12
8,3.500,1.000,7,14
8,3.500,1.000,9,13
8,3.500,1.000,8,20
8,3.500,1.000,3,6
8,3.500,1.000,3,8
8,3.500,1.000,1,5
8,3.500,1.000,2,10
8,3.500,1.000,2,7
8,3.500,1.000,1,5
8,3.500,1.000,4,13
8,3.500,1.000,2,4
8,3.500,1.000,8,16
8,3.500,1.000,2,10
8,3.500,1.000,7,9
8,3.500,1.000,14,26
8,3.500,1.000,7,20
8,3.500,1.000,5,10
8,3.500,1.000,2,6
8,3.500,1.000,5,9
8,3.500,1.000,2,5
8,3.500,1.000,5,5
8,3.500,1.000,3,5
8,3.500,1.000,7,17
8,3.500,1.000,5,11
8,3.500,1.000,7,13
8,3.500,1.000,7,20
8,3.500,1.000,3,7
8,3.500,1.000,7,17
8,3.500,1.000,1,4
8,3.500,1.000,4,7
8,3.500,1.000,6,9
8,3.500,1.000,6,10
8,3.500,1.000,2,7
8,3.500,1.000,5,11
8,3.500,1.000,6,17
8,3.500,1.000,4,9
8,3.500,1.000,3,8
8,3.500,1.000,12,28
8,3.500,1.000,1,3
8,3.500,1.000,3,8
8,3.500,1.000,4,10
8,3.500,1.000,3,10
8,3.500,1.000,7,11
8,3.500,1.000,2,8
8,3.500,1.000,3,7
8,3.500,1.000,1,5
8,3.500,1.000,14,28
8,3.500,1.000,6,17
8,3.500,1.000,3,6
8,3.500,1.000,4,13
8,3.500,1.000,3,11
8,3.500,1.000,2,10
8,3.500,1.000,6,14
8,3.500,1.000,1,3
8,3.500,1.000,1,5
8,3.500,1.000,1,4
8,3.500,1.000,3,3
8,3.500,1.000,4,12
8,3.500,1.000,1,2
8,3.500,1.000,5,6
8,3.500,1.000,3,5
8,3.500,1.000,2,4
8,3.500,1.000,3,5
8,3.500,1.000,9,19
8,3.500,1.000,5,11
8,3.500,1.000,5,19
8,3.500,1.000,3,8
8,3.500,1.000,3,9
8,3.500,1.000,4,10
8,3.500,1.000,4,9
8,3.500,1.000,2,9
8,3.500,1.000,11,24
8,3.500,1.000,10,19
8,3.500,1.000,3,7
8,3.500,1.000,10,21
8,3.500,1.000,2,6
8,3.500,1.000,2,11
8,3.500,1.000,5,12
8,3.500,1.000,10,23
8,3.500,1.000,5,14
8,3.500,1.000,4,7
8,3.500,1.000,6,12
8,3.500,1.000,7,14
8,3.500,1.000,2,6
8,3.500,1.000,5,15
8,3.500,1.000,8,27
8,3.500,1.000,7,18
8,3.500,1.000,2,7
8,3.500,1.000,3,5
8,3.500,1.000,4,11
8,3.500,1.000,4,14
8,3.500,1.000,7,11
8,3.500,1.000,7,12
8,3.500,1.000,4,15
8,3.500,1.000,2,5
8,3.500,1.000,8,11
8,3.500,1.000,5,10
8,3.500,1.000,6,12
8,3.500,1.000,3,6
8,3.500,1.000,3,9
8,3.500,1.000,3,9
8,3.500,1.000,17,41
8,3.500,1.000,1,3
8,3.500,1.000,6,16
8,3.500,1.000,8,8
8,3.500,1.000,2,5
8,3.500,1.000,3,8
8,3.500,1.000,10,16
8,3.500,1.000,3,3
8,3.500,1.000,2,9
8,3.500,1.000,5,9
8,3.500,1.000,13,16
8,3.500,1.000,3,6
8,3.500,1.000,7,17
8,3.500,1.000,11,23
8,3.500,1.000,12,17
8,3.500,1.000,4,7
8,3.500,1.000,2,5
8,3.500,1.000,11,17
8,3.500,1.000,11,24
8,3.500,1.000,16,17
8,3.500,1.000,9,19
8,3.500,1.000,2,5
8,3.500,1.000,13,13
8,3.500,1.000,1,6
8,3.500,1.000,9,16
8,3.500,1.000,9,14
8,3.500,1.000,10,18
8,3.500,1.000,7,15
8,3.500,1.000,7,14
8,3.500,1.000,2,4
8,3.500,1.000,2,9
8,3.500,1.000,7,21
8,3.500,1.000,5,10
8,3.500,1.000,8,21
8,3.500,1.000,9,26
8,3.500,1.000,7,12
8,3.500,1.000,3,7
8,3.500,1.000,2,5
8,3.500,1.000,13,24
8,3.500,1.000,7,16
8,3.500,1.000,4,6
8,3.500,1.000,11,21
8,3.500,1.000,8,24
8,3.500,1.000,4,11
8,3.500,1.000,2,9
8,3.500,1.000,7,13
8,3.500,1.000,16,19
8,3.500,1.000,11,23
8,3.500,1.000,1,3
8,3.500,1.000,7,20
8,3.500,1.000,15,28
8,3.500,1.000,8,17
8,3.500,1.000,5,13
8,3.500,1.000,3,3
8,3.500,1.000,2,5
8,3.500,1.000,2,5
8,3.500,1.000,4,9
8,3.500,1.000,6,13
8,3.500,1.000,5,10
8,3.500,1.000,1,4
8,3.500,1.000,10,15
8,3.500,1.000,8,19
8,3.500,1.000,6,6
8,3.500,1.000,2,2
8,3.500,1.000,5,13
8,3.500,1.000,9,13
8,3.500,1.000,7,20
8,3.500,1.000,6,9
8,3.500,1.000,7,10
8,3.500,1.000,2,7
8,3.500,1.000,9,23
8,3.500,1.000,2,6
8,3.500,1.000,1,6
8,3.500,1.000,4,11
8,3.500,1.000,6,12
8,3.500,1.000,10,22
8,3.500,1.000,6,13
8,3.500,1.000,1,3
8,3.500,1.000,8,14
8,3.500,1.000,7,15
8,3.500,1.000,8,14
8,3.500,1.000,1,2
8,3.500,1.000,7,18
8,3.500,1.000,7,26
8,3.500,1.000,12,29
8,3.500,1.000,7,17
8,3.500,1.000,2,4
8,3.500,1.000,8,14
8,3.500,1.000,6,13
8,3.500,1.000,4,13
8,3.500,1.000,2,7
8,3.500,1.000,5,8
8,3.500,1.000,1,5
8,3.500,1.000,4,10
8,3.500,1.000,15,40
8,3.500,1.000,4,8
8,3.500,1.000,7,11
8,3.500,1.000,2,7
8,3.500,1.000,5,9
8,3.500,1.000,13,17
8,3.500,1.000,16,33
8,3.500,1.000,2,4
8,3.500,1.000,5,14
8,3.500,1.000,8,17
8,3.500,1.000,7,13
8,3.500,1.000,3,8
8,3.500,1.000,13,30
8,3.500,1.000,4,7
8,3.500,1.000,3,10
8,3.500,1.000,13,25
8,3.500,1.000,5,11
8,3.500,1.000,1,6
8,3.500,1.000,4,12
8,3.500,1.000,3,7
8,3.500,1.000,2,4
8,3.500,1.000,2,8
8,3.500,1.000,3,12
8,3.500,1.000,8,19
8,3.500,1.000,8,14
8,3.500,1.000,11,20
8,3.500,1.000,3,7
8,3.500,1.000,4,3
8,3.500,1.000,2,7
8,3.500,1.000,4,8
8,3.500,1.000,2,4
8,3.500,1.000,4,6
8,3.500,1.000,9,18
8,3.500,1.000,6,14
8,3.500,1.000,3,5
8,3.500,1.000,13,16
8,3.500,1.000,12,7
8,3.500,1.000,5,11
8,3.500,1.000,6,11
8,3.500,1.000,15,24
8,3.500,1.000,3,12
8,3.500,1.000,2,3
8,3.500,1.000,9,14
8,3.500,1.000,10,21
8,3.500,1.000,4,9
8,3.500,1.000,1,6
8,3.500,1.000,11,15
8,3.500,1.000,6,21
8,3.500,1.000,7,11
8,3.500,1.000,6,12
8,3.500,1.000,3,6
8,3.500,1.000,6,17
8,3.500,1.000,12,19
8,3.500,1.000,3,10
8,3.500,1.000,1,6
8,3.500,1.000,3,13
8,3.500,1.000,2,3
8,3.500,1.000,1,4
8,3.500,1.000,4,8
8,3.500,1.000,6,7
8,3.500,1.000,2,5
8,3.500,1.000,9,11
8,3.500,1.000,7,9
8,3.500,1.000,8,13
9,3.500,0.200,12,132
9,3.500,0.200,7,93
9,3.500,0.200,6,132
9,3.500,0.200,10,165
9,3.500,0.200,3,81
9,3.500,0.200,7,127
9,3.500,0.200,3,152
9,3.500,0.200,5,79
9,3.500,0.200,4,168
9,3.500,0.200,6,73
9,3.500,0.200,9,167
9,3.500,0.200,3,79
9,3.500,0.200,7,251
9,3.500,0.200,7,109
9,3.500,0.200,4,107
9,3.500,0.200,14,69
9,3.500,0.200,15,298
9,3.500,0.200,6,38
9,3.500,0.200,2,63
9,3.500,0.200,2,123
9,3.500,0.200,10,44
9,3.500,0.200,3,75
9,3.500,0.200,12,75
9,3.500,0.200,9,150
9,3.500,0.200,4,145
9,3.500,0.200,6,240
9,3.500,0.200,4,95
9,3.500,0.200,1,64
9,3.500,0.200,18,161
9,3.500,0.200,17,297
9,3.500,0.200,4,75
9,3.500,0.200,11,80
9,3.500,0.200,1,80
9,3.500,0.200,7,159
9,3.500,0.200,2,50
9,3.500,0.200,11,146
9,3.500,0.200,10,145
9,3.500,0.200,2,73
9,3.500,0.200,2,87
9,3.500,0.200,6,135
9,3.500,0.200,12,166
9,3.500,0.200,15,182
9,3.500,0.200,6,60
9,3.500,0.200,8,456
9,3.500,0.200,5,338
9,3.500,0.200,4,46
9,3.500,0.200,15,233
9,3.500,0.200,4,97
9,3.500,0.200,6,144
9,3.500,0.200,15,184
9,3.500,0.200,9,100
9,3.500,0.200,1,81
9,3.500,0.200,3,25
9,3.500,0.200,10,229
9,3.500,0.200,11,193
9,3.500,0.200,8,142
9,3.500,0.200,4,76
9,3.500,0.200,5,102
9,3.500,0.200,12,235
9,3.500,0.200,4,90
9,3.500,0.200,10,378
9,3.500,0.200,11,142
9,3.500,0.200,13,195
9,3.500,0.200,4,272
9,3.500,0.200,2,146
9,3.500,0.200,12,85
9,3.500,0.200,4,119
9,3.500,0.200,6,340
9,3.500,0.200,3,79
9,3.500,0.200,8,97
9,3.500,0.200,3,186
9,3.500,0.200,3,198
9,3.500,0.200,6,226
9,3.500,0.200,6,104
9,3.500,0.200,6,152
9,3.500,0.200,7,74
9,3.500,0.200,4,464
9,3.500,0.200,6,162
9,3.500,0.200,5,153
9,3.500,0.200,2,53
9,3.500,0.200,12,149
9,3.500,0.200,2,57
9,3.500,0.200,21,182
9,3.500,0.200,2,33
9,3.500,0.200,10,217
9,3.500,0.200,14,133
9,3.500,0.200,10,164
9,3.500,0.200,1,41
9,3.500,0.200,7,113
9,3.500,0.200,8,92
9,3.500,0.200,7,214
9,3.500,0.200,9,121
9,3.500,0.200,2,58
9,3.500,0.200,11,313
9,3.500,0.200,2,217
9,3.500,0.200,14,162
9,3.500,0.200,5,481
9,3.500,0.200,1,34
9,3.500,0.200,6,99
9,3.500,0.200,13,90
9,3.500,0.200,7,73
9,3.500,0.200,3,43
9,3.500,0.200,4,39
9,3.500,0.200,5,107
9,3.500,0.200,6,50
9,3.500,0.200,4,60
9,3.500,0.200,12,271
9,3.500,0.200,3,154
9,3.500,0.200,8,177
9,3.500,0.200,10,83
9,3.500,0.200,9,103
9,3.500,0.200,2,80
9,3.500,0.200,6,157
9,3.500,0.200,10,113
9,3.500,0.200,5,55
9,3.500,0.200,10,233
9,3.500,0.200,4,32
9,3.500,0.200,2,46
9,3.500,0.200,12,135
9,3.500,0.200,24,179
9,3.500,0.200,3,162
9,3.500,0.200,10,145
9,3.500,0.200,1,36
9,3.500,0.200,9,232
9,3.500,0.200,5,156
9,3.500,0.200,1,34
9,3.500,0.200,10,67
9,3.500,0.200,1,23
9,3.500,0.200,8,43
9,3.500,0.200,2,72
9,3.500,0.200,16,257
9,3.500,0.200,3,42
9,3.500,0.200,3,247
9,3.500,0.200,7,187
9,3.500,0.200,9,259
9,3.500,0.200,2,60
9,3.500,0.200,8,80
9,3.500,0.200,1,257
9,3.500,0.200,2,44
9,3.500,0.200,2,128
9,3.500,0.200,9,246
9,3.500,0.200,5,118
9,3.500,0.200,9,95
9,3.500,0.200,24,93
9,3.500,0.200,3,293
9,3.500,0.200,2,36
9,3.500,0.200,12,198
9,3.500,0.200,7,424
9,3.500,0.200,13,244
9,3.500,0.200,10,228
9,3.500,0.200,6,136
9,3.500,0.200,6,229
9,3.500,0.200,15,147
9,3.500,0.200,8,127
9,3.500,0.200,4,46
9,3.500,0.200,2,61
9,3.500,0.200,12,78
9,3.500,0.200,5,124
9,3.500,0.200,10,50
9,3.500,0.200,6,120
9,3.500,0.200,1,120
9,3.500,0.200,3,123
9,3.500,0.200,5,84
9,3.500,0.200,5,95
9,3.500,0.200,3,38
9,3.500,0.200,6,84
9,3.500,0.200,10,179
9,3.500,0.200,7,333
9,3.500,0.200,5,154
9,3.500,0.200,8,174
9,3.500,0.200,8,254
9,3.500,0.200,5,54
9,3.500,0.200,4,58
9,3.500,0.200,7,67
9,3.500,0.200,8,194
9,3.500,0.200,5,90
9,3.500,0.200,6,246
9,3.500,0.200,8,154
9,3.500,0.200,3,163
9,3.500,0.200,18,110
9,3.500,0.200,3,55
9,3.500,0.200,9,133
9,3.500,0.200,2,72
9,3.500,0.200,6,202
9,3.500,0.200,9,163
9,3.500,0.200,2,30
9,3.500,0.200,11,149
9,3.500,0.200,15,89
9,3.500,0.200,3,257
9,3.500,0.200,7,131
9,3.500,0.200,6,27
9,3.500,0.200,14,104
9,3.500,0.200,10,248
9,3.500,0.200,6,84
9,3.500,0.200,4,115
9,3.500,0.200,5,50
9,3.500,0.200,4,273
9,3.500,0.200,13,120
9,3.500,0.200,6,112
9,3.500,0.200,1,72
9,3.500,0.200,4,48
9,3.500,0.200,6,172
9,3.500,0.200,4,48
9,3.500,0.200,7,117
9,3.500,0.200,5,223
9,3.500,0.200,4,98
9,3.500,0.200,1,48
9,3.500,0.200,6,230
9,3.500,0.200,7,111
9,3.500,0.200,8,156
9,3.500,0.200,6,165
9,3.500,0.200,3,92
9,3.500,0.200,3,121
9,3.500,0.200,3,80
9,3.500,0.200,5,45
9,3.500,0.200,15,111
9,3.500,0.200,10,172
9,3.500,0.200,7,385
9,3.500,0.200,16,170
9,3.500,0.200,1,61
9,3.500,0.200,15,170
9,3.500,0.200,6,58
9,3.500,0.200,9,158
9,3.500,0.200,10,56
9,3.500,0.200,4,80
9,3.500,0.200,2,42
9,3.500,0.200,11,173
9,3.500,0.200,4,25
9,3.500,0.200,6,171
9,3.500,0.200,2,113
9,3.500,0.200,11,143
9,3.500,0.200,14,153
9,3.500,0.200,5,137
9,3.500,0.200,10,185
9,3.500,0.200,4,133
9,3.500,0.200,9,184
9,3.500,0.200,3,99
9,3.500,0.200,22,166
9,3.500,0.200,8,57
9,3.500,0.200,7,298
9,3.500,0.200,8,249
9,3.500,0.200,4,84
9,3.500,0.200,8,270
9,3.500,0.200,15,122
9,3.500,0.200,4,64
9,3.500,0.200,10,103
9,3.500,0.200,5,147
9,3.500,0.200,8,185
9,3.500,0.200,12,243
9,3.500,0.200,7,182
9,3.500,0.200,4,44
9,3.500,0.200,3,32
9,3.500,0.200,2,104
9,3.500,0.200,11,179
9,3.500,0.200,16,326
9,3.500,0.200,13,114
9,3.500,0.200,1,48
9,3.500,0.200,9,155
9,3.500,0.200,5,88
9,3.500,0.200,8,124
9,3.500,0.200,5,203
9,3.500,0.200,6,30
9,3.500,0.200,1,64
9,3.500,0.200,5,204
9,3.500,0.200,5,69
9,3.500,0.200,4,69
9,3.500,0.200,9,148
9,3.500,0.200,9,239
9,3.500,0.200,7,177
9,3.500,0.200,2,58
9,3.500,0.200,9,183
9,3.500,0.200,9,172
9,3.500,0.200,10,109
9,3.500,0.200,9,78
9,3.500,0.200,5,118
9,3.500,0.200,3,23
9,3.500,0.200,8,161
9,3.500,0.200,9,128
9,3.500,0.200,10,171
9,3.500,0.200,16,198
9,3.500,0.200,3,159
9,3.500,0.200,1,50
9,3.500,0.200,13,238
9,3.500,0.200,6,163
9,3.500,0.200,11,85
9,3.500,0.200,3,141
9,3.500,0.200,6,100
9,3.500,0.500,15,398
9,3.500,0.500,11,160
9,3.500,0.500,4,36
9,3.500,0.500,9,190
9,3.500,0.500,4,49
9,3.500,0.500,1,80
9,3.500,0.500,8,147
9,3.500,0.500,12,123
9,3.500,0.500,5,181
9,3.500,0.500,5,58
9,3.500,0.500,10,178
9,3.500,0.500,10,129
9,3.500,0.500,9,96
9,3.500,0.500,15,328
9,3.500,0.500,11,240
9,3.500,0.500,6,50
9,3.500,0.500,4,107
9,3.500,0.500,3,78
9,3.500,0.500,25,414
9,3.500,0.500,8,62
9,3.500,0.500,7,52
9,3.500,0.500,14,250
9,3.500,0.500,3,218
9,3.500,0.500,11,114
9,3.500,0.500,5,63
9,3.500,0.500,10,174
9,3.500,0.500,1,257
9,3.500,0.500,3,133
9,3.500,0.500,4,34
9,3.500,0.500,1,60
9,3.500,0.500,4,33
9,3.500,0.500,11,166
9,3.500,0.500,18,156
9,3.500,0.500,10,153
9,3.500,0.500,2,83
9,3.500,0.500,2,72
9,3.500,0.500,9,92
9,3.500,0.500,6,139
9,3.500,0.500,6,23
9,3.500,0.500,4,57
9,3.500,0.500,5,89
9,3.500,0.500,9,78
9,3.500,0.500,2,46
9,3.500,0.500,11,228
9,3.500,0.500,11,144
9,3.500,0.500,5,321
9,3.500,0.500,6,65
9,3.500,0.500,9,192
9,3.500,0.500,19,90
9,3.500,0.500,7,106
9,3.500,0.500,6,30
9,3.500,0.500,3,84
9,3.500,0.500,11,240
9,3.500,0.500,16,124
9,3.500,0.500,6,235
9,3.500,0.500,5,200
9,3.500,0.500,9,172
9,3.500,0.500,5,64
9,3.500,0.500,12,173
9,3.500,0.500,7,103
9,3.500,0.500,3,35
9,3.500,0.500,2,28
9,3.500,0.500,4,106
9,3.500,0.500,14,191
9,3.500,0.500,5,68
9,3.500,0.500,10,66
9,3.500,0.500,1,74
9,3.500,0.500,8,108
9,3.500,0.500,9,54
9,3.500,0.500,8,118
9,3.500,0.500,7,253
9,3.500,0.500,12,395
9,3.500,0.500,3,129
9,3.500,0.500,3,130
9,3.500,0.500,6,77
9,3.500,0.500,4,46
9,3.500,0.500,11,140
9,3.500,0.500,7,164
9,3.500,0.500,21,230
9,3.500,0.500,5,64
9,3.500,0.500,3,153
9,3.500,0.500,7,127
9,3.500,0.500,7,70
9,3.500,0.500,11,239
9,3.500,0.500,3,168
9,3.500,0.500,4,90
9,3.500,0.500,5,71
9,3.500,0.500,2,83
9,3.500,0.500,7,121
9,3.500,0.500,2,50
9,3.500,0.500,11,214
9,3.500,0.500,5,208
9,3.500,0.500,10,51
9,3.500,0.500,3,38
9,3.500,0.500,4,32
9,3.500,0.500,8,98
9,3.500,0.500,11,193
9,3.500,0.500,3,50
9,3.500,0.500,24,182
9,3.500,0.500,2,48
9,3.500,0.500,5,270
9,3.500,0.500,8,61
9,3.500,0.500,13,318
9,3.500,0.500,3,257
9,3.500,0.500,4,96
9,3.500,0.500,1,81
9,3.500,0.500,2,38
9,3.500,0.500,13,116
9,3.500,0.500,6,165
9,3.500,0.500,4,83
9,3.500,0.500,5,80
9,3.500,0.500,10,166
9,3.500,0.500,7,117
9,3.500,0.500,2,128
9,3.500,0.500,13,83
9,3.500,0.500,1,20
9,3.500,0.500,6,158
9,3.500,0.500,8,134
9,3.500,0.500,2,44
9,3.500,0.500,9,318
9,3.500,0.500,17,131
9,3.500,0.500,4,110
9,3.500,0.500,1,54
9,3.500,0.500,13,64
9,3.500,0.500,10,217
9,3.500,0.500,8,330
9,3.500,0.500,6,145
9,3.500,0.500,4,58
9,3.500,0.500,10,104
9,3.500,0.500,7,133
9,3.500,0.500,3,166
9,3.500,0.500,7,121
9,3.500,0.500,2,31
9,3.500,0.500,12,245
9,3.500,0.500,7,94
9,3.500,0.500,7,89
9,3.500,0.500,7,178
9,3.500,0.500,14,127
9,3.500,0.500,15,202
9,3.500,0.500,10,276
9,3.500,0.500,2,22
9,3.500,0.500,11,152
9,3.500,0.500,1,179
9,3.500,0.500,9,90
9,3.500,0.500,5,44
9,3.500,0.500,4,53
9,3.500,0.500,10,162
9,3.500,0.500,4,48
9,3.500,0.500,13,155
9,3.500,0.500,5,48
9,3.500,0.500,6,94
9,3.500,0.500,3,163
9,3.500,0.500,6,95
9,3.500,0.500,20,118
9,3.500,0.500,4,72
9,3.500,0.500,22,142
9,3.500,0.500,2,44
9,3.500,0.500,12,90
9,3.500,0.500,7,119
9,3.500,0.500,7,271
9,3.500,0.500,3,170
9,3.500,0.500,4,102
9,3.500,0.500,13,92
9,3.500,0.500,6,68
9,3.500,0.500,6,153
9,3.500,0.500,9,309
9,3.500,0.500,11,215
9,3.500,0.500,4,52
9,3.500,0.500,7,192
9,3.500,0.500,14,96
9,3.500,0.500,7,67
9,3.500,0.500,6,135
9,3.500,0.500,9,149
9,3.500,0.500,21,205
9,3.500,0.500,5,132
9,3.500,0.500,27,148
9,3.500,0.500,5,195
9,3.500,0.500,1,76
9,3.500,0.500,10,72
9,3.500,0.500,6,180
9,3.500,0.500,5,114
9,3.500,0.500,8,114
9,3.500,0.500,8,112
9,3.500,0.500,4,163
9,3.500,0.500,3,448
9,3.500,0.500,12,260
9,3.500,0.500,14,205
9,3.500,0.500,12,52
9,3.500,0.500,1,201
9,3.500,0.500,3,144
9,3.500,0.500,6,48
9,3.500,0.500,6,222
9,3.500,0.500,5,139
9,3.500,0.500,3,273
9,3.500,0.500,8,189
9,3.500,0.500,4,115
9,3.500,0.500,7,81
9,3.500,0.500,10,117
9,3.500,0.500,16,109
9,3.500,0.500,3,223
9,3.500,0.500,2,75
9,3.500,0.500,11,96
9,3.500,0.500,6,35
9,3.500,0.500,3,181
9,3.500,0.500,6,87
9,3.500,0.500,9,93
9,3.500,0.500,6,62
9,3.500,0.500,3,22
9,3.500,0.500,1,25
9,3.500,0.500,9,148
9,3.500,0.500,2,89
9,3.500,0.500,1,28
9,3.500,0.500,9,109
9,3.500,0.500,7,106
9,3.500,0.500,4,171
9,3.500,0.500,12,123
9,3.500,0.500,3,64
9,3.500,0.500,9,76
9,3.500,0.500,4,148
9,3.500,0.500,3,71
9,3.500,0.500,4,91
9,3.500,0.500,11,115
9,3.500,0.500,1,64
9,3.500,0.500,2,32
9,3.500,0.500,5,163
9,3.500,0.500,10,235
9,3.500,0.500,14,114
9,3.500,0.500,4,106
9,3.500,0.500,4,60
9,3.500,0.500,10,331
9,3.500,0.500,1,50
9,3.500,0.500,5,44
9,3.500,0.500,2,134
9,3.500,0.500,9,181
9,3.500,0.500,2,30
9,3.500,0.500,5,179
9,3.500,0.500,9,83
9,3.500,0.500,2,23
9,3.500,0.500,25,74
9,3.500,0.500,2,18
9,3.500,0.500,7,226
9,3.500,0.500,9,111
9,3.500,0.500,2,54
9,3.500,0.500,19,212
9,3.500,0.500,20,375
9,3.500,0.500,2,198
9,3.500,0.500,10,275
9,3.500,0.500,17,171
9,3.500,0.500,4,122
9,3.500,0.500,3,145
9,3.500,0.500,8,140
9,3.500,0.500,3,131
9,3.500,0.500,11,154
9,3.500,0.500,13,191
9,3.500,0.500,2,26
9,3.500,0.500,20,241
9,3.500,0.500,3,84
9,3.500,0.500,9,125
9,3.500,0.500,5,225
9,3.500,0.500,21,131
9,3.500,0.500,23,135
9,3.500,0.500,11,129
9,3.500,0.500,13,94
9,3.500,0.500,4,108
9,3.500,0.500,2,58
9,3.500,0.500,4,305
9,3.500,0.500,4,299
9,3.500,0.500,10,200
9,3.500,0.500,3,91
9,3.500,0.500,12,110
9,3.500,0.500,3,91
9,3.500,0.500,4,36
9,3.500,0.500,6,80
9,3.500,0.500,6,149
9,3.500,0.500,2,53
9,3.500,0.500,3,41
9,3.500,0.500,2,97
9,3.500,0.500,9,184
9,3.500,0.500,12,154
9,3.500,0.500,1,46
9,3.500,0.500,17,115
9,3.500,0.500,4,37
9,3.500,0.500,9,131
9,3.500,0.750,6,193
9,3.500,0.750,6,177
9,3.500,0.750,2,82
9,3.500,0.750,1,52
9,3.500,0.750,1,40
9,3.500,0.750,4,132
9,3.500,0.750,5,92
9,3.500,0.750,13,203
9,3.500,0.750,3,66
9,3.500,0.750,5,112
9,3.500,0.750,5,92
9,3.500,0.750,5,112
9,3.500,0.750,11,90
9,3.500,0.750,3,46
9,3.500,0.750,17,205
9,3.500,0.750,9,128
9,3.500,0.750,8,262
9,3.500,0.750,7,97
9,3.500,0.750,25,143
9,3.500,0.750,10,46
9,3.500,0.750,9,131
9,3.500,0.750,5,114
9,3.500,0.750,10,134
9,3.500,0.750,3,78
9,3.500,0.750,5,48
9,3.500,0.750,22,211
9,3.500,0.750,7,137
9,3.500,0.750,3,200
9,3.500,0.750,4,28
9,3.500,0.750,7,149
9,3.500,0.750,8,117
9,3.500,0.750,5,74
9,3.500,0.750,16,268
9,3.500,0.750,5,131
9,3.500,0.750,3,70
9,3.500,0.750,5,64
9,3.500,0.750,6,221
9,3.500,0.750,5,127
9,3.500,0.750,9,123
9,3.500,0.750,7,128
9,3.500,0.750,5,110
9,3.500,0.750,4,22
9,3.500,0.750,13,207
9,3.500,0.750,4,230
9,3.500,0.750,4,243
9,3.500,0.750,1,384
9,3.500,0.750,8,146
9,3.500,0.750,6,136
9,3.500,0.750,13,145
9,3.500,0.750,13,77
9,3.500,0.750,1,115
9,3.500,0.750,2,83
9,3.500,0.750,15,213
9,3.500,0.750,10,172
9,3.500,0.750,4,187
9,3.500,0.750,6,57
9,3.500,0.750,12,40
9,3.500,0.750,5,92
9,3.500,0.750,13,105
9,3.500,0.750,2,49
9,3.500,0.750,2,76
9,3.500,0.750,4,166
9,3.500,0.750,6,127
9,3.500,0.750,3,161
9,3.500,0.750,10,164
9,3.500,0.750,4,54
9,3.500,0.750,1,24
9,3.500,0.750,7,286
9,3.500,0.750,4,62
9,3.500,0.750,22,101
9,3.500,0.750,24,192
9,3.500,0.750,2,110
9,3.500,0.750,15,183
9,3.500,0.750,15,108
9,3.500,0.750,9,241
9,3.500,0.750,10,94
9,3.500,0.750,17,205
9,3.500,0.750,1,200
9,3.500,0.750,10,88
9,3.500,0.750,4,103
9,3.500,0.750,2,99
9,3.500,0.750,5,122
9,3.500,0.750,3,44
9,3.500,0.750,1,321
9,3.500,0.750,10,191
9,3.500,0.750,6,210
9,3.500,0.750,8,355
9,3.500,0.750,7,146
9,3.500,0.750,11,73
9,3.500,0.750,11,156
9,3.500,0.750,3,92
9,3.500,0.750,9,238
9,3.500,0.750,8,116
9,3.500,0.750,2,22
9,3.500,0.750,23,178
9,3.500,0.750,4,121
9,3.500,0.750,1,84
9,3.500,0.750,25,69
9,3.500,0.750,3,120
9,3.500,0.750,1,148
9,3.500,0.750,1,58
9,3.500,0.750,11,196
9,3.500,0.750,10,52
9,3.500,0.750,7,170
9,3.500,0.750,7,55
9,3.500,0.750,3,103
9,3.500,0.750,2,66
9,3.500,0.750,5,86
9,3.500,0.750,22,299
9,3.500,0.750,7,246
9,3.500,0.750,11,193
9,3.500,0.750,4,52
9,3.500,0.750,12,271
9,3.500,0.750,7,152
9,3.500,0.750,6,105
9,3.500,0.750,3,110
9,3.500,0.750,8,284
9,3.500,0.750,10,155
9,3.500,0.750,5,29
9,3.500,0.750,3,50
9,3.500,0.750,3,61
9,3.500,0.750,8,253
9,3.500,0.750,4,88
9,3.500,0.750,7,71
9,3.500,0.750,6,95
9,3.500,0.750,4,152
9,3.500,0.750,5,191
9,3.500,0.750,13,174
9,3.500,0.750,9,136
9,3.500,0.750,4,56
9,3.500,0.750,3,159
9,3.500,0.750,2,42
9,3.500,0.750,9,124
9,3.500,0.750,8,159
9,3.500,0.750,5,96
9,3.500,0.750,11,185
9,3.500,0.750,4,108
9,3.500,0.750,3,24
9,3.500,0.750,6,382
9,3.500,0.750,7,78
9,3.500,0.750,5,94
9,3.500,0.750,2,53
9,3.500,0.750,9,218
9,3.500,0.750,1,46
9,3.500,0.750,5,125
9,3.500,0.750,2,20
9,3.500,0.750,9,126
9,3.500,0.750,4,155
9,3.500,0.750,5,108
9,3.500,0.750,2,76
9,3.500,0.750,6,47
9,3.500,0.750,2,105
9,3.500,0.750,5,83
9,3.500,0.750,7,78
9,3.500,0.750,6,148
9,3.500,0.750,6,95
9,3.500,0.750,2,25
9,3.500,0.750,7,219
9,3.500,0.750,9,126
9,3.500,0.750,5,134
9,3.500,0.750,8,249
9,3.500,0.750,1,144
9,3.500,0.750,18,143
9,3.500,0.750,9,78
9,3.500,0.750,1,168
9,3.500,0.750,14,362
9,3.500,0.750,1,30
9,3.500,0.750,7,171
9,3.500,0.750,6,78
9,3.500,0.750,3,65
9,3.500,0.750,2,46
9,3.500,0.750,6,83
9,3.500,0.750,2,46
9,3.500,0.750,4,140
9,3.500,0.750,2,50
9,3.500,0.750,16,216
9,3.500,0.750,3,106
9,3.500,0.750,5,86
9,3.500,0.750,13,125
9,3.500,0.750,7,154
9,3.500,0.750,1,321
9,3.500,0.750,13,155
9,3.500,0.750,18,271
9,3.500,0.750,7,58
9,3.500,0.750,12,167
9,3.500,0.750,5,98
9,3.500,0.750,2,58
9,3.500,0.750,12,205
9,3.500,0.750,3,164
9,3.500,0.750,2,48
9,3.500,0.750,3,122
9,3.500,0.750,4,103
9,3.500,0.750,2,60
9,3.500,0.750,2,105
9,3.500,0.750,9,136
9,3.500,0.750,7,322
9,3.500,0.750,9,122
9,3.500,0.750,12,156
9,3.500,0.750,4,33
9,3.500,0.750,17,70
9,3.500,0.750,7,113
9,3.500,0.750,5,162
9,3.500,0.750,3,136
9,3.500,0.750,1,68
9,3.500,0.750,9,172
9,3.500,0.750,7,235
9,3.500,0.750,3,104
9,3.500,0.750,2,40
9,3.500,0.750,9,200
9,3.500,0.750,24,327
9,3.500,0.750,3,67
9,3.500,0.750,1,88
9,3.500,0.750,6,174
9,3.500,0.750,5,43
9,3.500,0.750,6,187
9,3.500,0.750,8,83
9,3.500,0.750,14,145
9,3.500,0.750,2,30
9,3.500,0.750,1,38
9,3.500,0.750,6,243
9,3.500,0.750,12,131
9,3.500,0.750,6,194
9,3.500,0.750,6,149
9,3.500,0.750,1,78
9,3.500,0.750,9,291
9,3.500,0.750,15,157
9,3.500,0.750,10,296
9,3.500,0.750,7,130
9,3.500,0.750,11,94
9,3.500,0.750,3,212
9,3.500,0.750,9,116
9,3.500,0.750,9,83
9,3.500,0.750,5,43
9,3.500,0.750,9,135
9,3.500,0.750,14,364
9,3.500,0.750,7,98
9,3.500,0.750,10,211
9,3.500,0.750,3,56
9,3.500,0.750,14,179
9,3.500,0.750,4,69
9,3.500,0.750,3,207
9,3.500,0.750,3,264
9,3.500,0.750,6,132
9,3.500,0.750,7,176
9,3.500,0.750,4,15
9,3.500,0.750,5,39
9,3.500,0.750,5,98
9,3.500,0.750,1,76
9,3.500,0.750,1,57
9,3.500,0.750,6,94
9,3.500,0.750,1,108
9,3.500,0.750,2,21
9,3.500,0.750,2,96
9,3.500,0.750,8,159
9,3.500,0.750,6,133
9,3.500,0.750,6,139
9,3.500,0.750,6,76
9,3.500,0.750,6,147
9,3.500,0.750,9,163
9,3.500,0.750,1,31
9,3.500,0.750,2,50
9,3.500,0.750,2,50
9,3.500,0.750,5,95
9,3.500,0.750,6,24
9,3.500,0.750,5,50
9,3.500,0.750,2,30
9,3.500,0.750,5,176
9,3.500,0.750,8,170
9,3.500,0.750,4,16
9,3.500,0.750,7,139
9,3.500,0.750,3,118
9,3.500,0.750,12,76
9,3.500,0.750,8,151
9,3.500,0.750,3,115
9,3.500,0.750,10,158
9,3.500,0.750,2,105
9,3.500,0.750,10,112
9,3.500,0.750,4,121
9,3.500,0.750,7,61
9,3.500,0.750,6,119
9,3.500,0.750,6,154
9,3.500,0.750,6,177
9,3.500,0.900,1,121
9,3.500,0.900,10,163
9,3.500,0.900,4,45
9,3.500,0.900,8,54
9,3.500,0.900,2,105
9,3.500,0.900,2,48
9,3.500,0.900,9,150
9,3.500,0.900,12,110
9,3.500,0.900,3,78
9,3.500,0.900,5,108
9,3.500,0.900,12,176
9,3.500,0.900,5,116
9,3.500,0.900,2,149
9,3.500,0.900,6,136
9,3.500,0.900,10,182
9,3.500,0.900,5,292
9,3.500,0.900,9,127
9,3.500,0.900,8,213
9,3.500,0.900,4,95
9,3.500,0.900,9,141
9,3.500,0.900,8,137
9,3.500,0.900,5,88
9,3.500,0.900,20,241
9,3.500,0.900,11,92
9,3.500,0.900,3,44
9,3.500,0.900,8,96
9,3.500,0.900,3,81
9,3.500,0.900,2,88
9,3.500,0.900,3,163
9,3.500,0.900,10,23
9,3.500,0.900,8,240
9,3.500,0.900,3,96
9,3.500,0.900,4,70
9,3.500,0.900,11,129
9,3.500,0.900,3,51
9,3.500,0.900,3,82
9,3.500,0.900,10,260
9,3.500,0.900,5,55
9,3.500,0.900,9,44
9,3.500,0.900,1,24
9,3.500,0.900,12,131
9,3.500,0.900,20,195
9,3.500,0.900,10,181
9,3.500,0.900,8,422
9,3.500,0.900,4,157
9,3.500,0.900,2,60
9,3.500,0.900,11,152
9,3.500,0.900,25,171
9,3.500,0.900,6,163
9,3.500,0.900,3,44
9,3.500,0.900,4,55
9,3.500,0.900,3,87
9,3.500,0.900,7,187
9,3.500,0.900,13,260
9,3.500,0.900,17,183
9,3.500,0.900,9,122
9,3.500,0.900,14,130
9,3.500,0.900,10,170
9,3.500,0.900,9,71
9,3.500,0.900,1,168
9,3.500,0.900,7,157
9,3.500,0.900,6,124
9,3.500,0.900,10,83
9,3.500,0.900,5,163
9,3.500,0.900,16,59
9,3.500,0.900,1,61
9,3.500,0.900,7,215
9,3.500,0.900,7,153
9,3.500,0.900,6,64
9,3.500,0.900,9,248
9,3.500,0.900,4,70
9,3.500,0.900,8,33
9,3.500,0.900,9,122
9,3.500,0.900,2,22
9,3.500,0.900,10,194
9,3.500,0.900,14,283
9,3.500,0.900,1,20
9,3.500,0.900,1,18
9,3.500,0.900,6,115
9,3.500,0.900,9,127
9,3.500,0.900,1,35
9,3.500,0.900,5,87
9,3.500,0.900,13,375
9,3.500,0.900,6,146
9,3.500,0.900,3,138
9,3.500,0.900,1,62
9,3.500,0.900,11,129
9,3.500,0.900,3,57
9,3.500,0.900,1,50
9,3.500,0.900,17,143
9,3.500,0.900,6,51
9,3.500,0.900,4,254
9,3.500,0.900,4,65
9,3.500,0.900,5,286
9,3.500,0.900,5,61
9,3.500,0.900,3,124
9,3.500,0.900,10,70
9,3.500,0.900,1,89
9,3.500,0.900,6,101
9,3.500,0.900,3,28
9,3.500,0.900,9,189
9,3.500,0.900,5,108
9,3.500,0.900,5,101
9,3.500,0.900,3,65
9,3.500,0.900,7,254
9,3.500,0.900,10,41
9,3.500,0.900,4,20
9,3.500,0.900,7,65
9,3.500,0.900,3,256
9,3.500,0.900,5,217
9,3.500,0.900,9,113
9,3.500,0.900,20,109
9,3.500,0.900,15,387
9,3.500,0.900,5,221
9,3.500,0.900,3,108
9,3.500,0.900,1,22
9,3.500,0.900,5,84
9,3.500,0.900,5,165
9,3.500,0.900,6,200
9,3.500,0.900,3,177
9,3.500,0.900,4,114
9,3.500,0.900,12,260
9,3.500,0.900,7,82
9,3.500,0.900,5,147
9,3.500,0.900,1,38
9,3.500,0.900,6,80
9,3.500,0.900,6,61
9,3.500,0.900,2,104
9,3.500,0.900,1,106
9,3.500,0.900,9,63
9,3.500,0.900,16,99
9,3.500,0.900,6,61
9,3.500,0.900,5,210
9,3.500,0.900,8,96
9,3.500,0.900,3,171
9,3.500,0.900,4,72
9,3.500,0.900,1,66
9,3.500,0.900,7,142
9,3.500,0.900,5,66
9,3.500,0.900,5,166
9,3.500,0.900,3,71
9,3.500,0.900,7,115
9,3.500,0.900,4,56
9,3.500,0.900,7,125
9,3.500,0.900,14,104
9,3.500,0.900,7,213
9,3.500,0.900,5,158
9,3.500,0.900,5,166
9,3.500,0.900,12,160
9,3.500,0.900,4,53
9,3.500,0.900,5,92
9,3.500,0.900,1,90
9,3.500,0.900,2,61
9,3.500,0.900,3,98
9,3.500,0.900,8,184
9,3.500,0.900,16,108
9,3.500,0.900,15,70
9,3.500,0.900,10,92
9,3.500,0.900,3,168
9,3.500,0.900,12,103
9,3.500,0.900,4,72
9,3.500,0.900,8,172
9,3.500,0.900,4,150
9,3.500,0.900,3,258
9,3.500,0.900,7,117
9,3.500,0.900,3,139
9,3.500,0.900,4,54
9,3.500,0.900,2,34
9,3.500,0.900,10,172
9,3.500,0.900,7,154
9,3.500,0.900,4,56
9,3.500,0.900,7,71
9,3.500,0.900,11,136
9,3.500,0.900,5,95
9,3.500,0.900,4,60
9,3.500,0.900,2,49
9,3.500,0.900,3,219
9,3.500,0.900,2,45
9,3.500,0.900,1,81
9,3.500,0.900,25,185
9,3.500,0.900,5,64
9,3.500,0.900,2,100
9,3.500,0.900,9,79
9,3.500,0.900,2,147
9,3.500,0.900,7,153
9,3.500,0.900,8,220
9,3.500,0.900,5,74
9,3.500,0.900,11,97
9,3.500,0.900,2,35
9,3.500,0.900,10,56
9,3.500,0.900,4,119
9,3.500,0.900,1,43
9,3.500,0.900,4,136
9,3.500,0.900,1,31
9,3.500,0.900,5,141
9,3.500,0.900,5,179
9,3.500,0.900,2,53
9,3.500,0.900,3,242
9,3.500,0.900,5,101
9,3.500,0.900,2,52
9,3.500,0.900,10,77
9,3.500,0.900,5,96
9,3.500,0.900,1,44
9,3.500,0.900,1,38
9,3.500,0.900,15,185
9,3.500,0.900,10,203
9,3.500,0.900,19,184
9,3.500,0.900,9,116
9,3.500,0.900,4,205
9,3.500,0.900,4,44
9,3.500,0.900,17,157
9,3.500,0.900,12,207
9,3.500,0.900,2,36
9,3.500,0.900,3,88
9,3.500,0.900,6,94
9,3.500,0.900,10,197
9,3.500,0.900,8,94
9,3.500,0.900,9,146
9,3.500,0.900,2,58
9,3.500,0.900,2,72
9,3.500,0.900,14,61
9,3.500,0.900,16,211
9,3.500,0.900,4,122
9,3.500,0.900,6,187
9,3.500,0.900,2,66
9,3.500,0.900,4,92
9,3.500,0.900,5,149
9,3.500,0.900,14,104
9,3.500,0.900,5,139
9,3.500,0.900,4,153
9,3.500,0.900,10,68
9,3.500,0.900,1,45
9,3.500,0.900,3,86
9,3.500,0.900,5,72
9,3.500,0.900,10,40
9,3.500,0.900,2,57
9,3.500,0.900,14,219
9,3.500,0.900,2,21
9,3.500,0.900,11,179
9,3.500,0.900,3,353
9,3.500,0.900,17,73
9,3.500,0.900,14,94
9,3.500,0.900,6,96
9,3.500,0.900,11,144
9,3.500,0.900,3,218
9,3.500,0.900,2,24
9,3.500,0.900,11,140
9,3.500,0.900,7,151
9,3.500,0.900,20,169
9,3.500,0.900,10,69
9,3.500,0.900,3,88
9,3.500,0.900,4,26
9,3.500,0.900,7,113
9,3.500,0.900,8,319
9,3.500,0.900,10,57
9,3.500,0.900,11,86
9,3.500,0.900,3,103
9,3.500,0.900,10,57
9,3.500,0.900,10,129
9,3.500,0.900,8,101
9,3.500,0.900,6,137
9,3.500,0.900,14,91
9,3.500,0.900,10,119
9,3.500,0.900,9,151
9,3.500,0.900,8,158
9,3.500,0.900,6,186
9,3.500,0.900,3,69
9,3.500,0.900,5,142
9,3.500,0.900,6,76
9,3.500,0.900,2,56
9,3.500,0.900,10,389
9,3.500,0.900,5,130
9,3.500,0.900,9,29
9,3.500,0.900,3,200
9,3.500,0.900,3,126
9,3.500,0.900,9,103
9,3.500,0.900,6,285
9,3.500,0.900,4,109
9,3.500,0.900,13,145
9,3.500,0.900,18,82
9,3.500,0.900,7,134
9,3.500,0.900,7,86
9,3.500,0.950,4,177
9,3.500,0.950,11,206
9,3.500,0.950,7,167
9,3.500,0.950,7,116
9,3.500,0.950,12,129
9,3.500,0.950,9,97
9,3.500,0.950,1,99
9,3.500,0.950,1,140
9,3.500,0.950,4,72
9,3.500,0.950,14,174
9,3.500,0.950,4,187
9,3.500,0.950,13,199
9,3.500,0.950,1,45
9,3.500,0.950,10,151
9,3.500,0.950,6,117
9,3.500,0.950,22,147
9,3.500,0.950,8,77
9,3.500,0.950,4,82
9,3.500,0.950,4,116
9,3.500,0.950,5,144
9,3.500,0.950,3,93
9,3.500,0.950,3,90
9,3.500,0.950,15,309
9,3.500,0.950,3,90
9,3.500,0.950,4,54
9,3.500,0.950,12,191
9,3.500,0.950,14,83
9,3.500,0.950,5,129
9,3.500,0.950,1,28
9,3.500,0.950,9,106
9,3.500,0.950,2,89
9,3.500,0.950,4,42
9,3.500,0.950,5,128
9,3.500,0.950,4,171
9,3.500,0.950,4,46
9,3.500,0.950,5,101
9,3.500,0.950,12,192
9,3.500,0.950,4,272
9,3.500,0.950,6,140
9,3.500,0.950,2,36
9,3.500,0.950,5,53
9,3.500,0.950,6,43
9,3.500,0.950,4,137
9,3.500,0.950,7,145
9,3.500,0.950,7,133
9,3.500,0.950,2,136
9,3.500,0.950,2,100
9,3.500,0.950,2,30
9,3.500,0.950,11,440
9,3.500,0.950,5,53
9,3.500,0.950,6,152
9,3.500,0.950,4,113
9,3.500,0.950,7,141
9,3.500,0.950,3,179
9,3.500,0.950,4,49
9,3.500,0.950,1,179
9,3.500,0.950,5,94
9,3.500,0.950,28,243
9,3.500,0.950,3,88
9,3.500,0.950,5,36
9,3.500,0.950,9,312
9,3.500,0.950,10,293
9,3.500,0.950,3,226
9,3.500,0.950,5,61
9,3.500,0.950,6,49
9,3.500,0.950,19,188
9,3.500,0.950,8,145
9,3.500,0.950,16,254
9,3.500,0.950,5,62
9,3.500,0.950,18,246
9,3.500,0.950,4,153
9,3.500,0.950,2,162
9,3.500,0.950,3,32
9,3.500,0.950,12,299
9,3.500,0.950,8,149
9,3.500,0.950,10,62
9,3.500,0.950,1,24
9,3.500,0.950,9,65
9,3.500,0.950,2,148
9,3.500,0.950,5,55
9,3.500,0.950,16,214
9,3.500,0.950,2,44
9,3.500,0.950,3,108
9,3.500,0.950,4,180
9,3.500,0.950,8,163
9,3.500,0.950,4,165
9,3.500,0.950,15,137
9,3.500,0.950,3,87
9,3.500,0.950,16,237
9,3.500,0.950,5,72
9,3.500,0.950,4,257
9,3.500,0.950,3,59
9,3.500,0.950,8,275
9,3.500,0.950,5,68
9,3.500,0.950,7,56
9,3.500,0.950,22,211
9,3.500,0.950,10,178
9,3.500,0.950,5,151
9,3.500,0.950,4,100
9,3.500,0.950,5,103
9,3.500,0.950,1,105
9,3.500,0.950,4,169
9,3.500,0.950,5,122
9,3.500,0.950,10,79
9,3.500,0.950,19,137
9,3.500,0.950,2,45
9,3.500,0.950,2,73
9,3.500,0.950,8,213
9,3.500,0.950,1,275
9,3.500,0.950,14,246
9,3.500,0.950,1,22
9,3.500,0.950,18,117
9,3.500,0.950,9,52
9,3.500,0.950,6,161
9,3.500,0.950,15,169
9,3.500,0.950,8,226
9,3.500,0.950,5,197
9,3.500,0.950,15,216
9,3.500,0.950,8,72
9,3.500,0.950,1,90
9,3.500,0.950,16,108
9,3.500,0.950,5,168
9,3.500,0.950,1,29
9,3.500,0.950,21,68
9,3.500,0.950,18,126
9,3.500,0.950,2,38
9,3.500,0.950,3,45
9,3.500,0.950,17,80
9,3.500,0.950,4,70
9,3.500,0.950,6,101
9,3.500,0.950,16,248
9,3.500,0.950,9,62
9,3.500,0.950,2,44
9,3.500,0.950,8,190
9,3.500,0.950,4,75
9,3.500,0.950,9,96
9,3.500,0.950,20,354
9,3.500,0.950,4,67
9,3.500,0.950,12,175
9,3.500,0.950,2,103
9,3.500,0.950,11,143
9,3.500,0.950,2,22
9,3.500,0.950,2,193
9,3.500,0.950,6,103
9,3.500,0.950,5,109
9,3.500,0.950,5,39
9,3.500,0.950,2,162
9,3.500,0.950,3,111
9,3.500,0.950,7,93
9,3.500,0.950,2,136
9,3.500,0.950,10,129
9,3.500,0.950,11,306
9,3.500,0.950,6,97
9,3.500,0.950,4,29
9,3.500,0.950,8,152
9,3.500,0.950,6,244
9,3.500,0.950,5,35
9,3.500,0.950,1,46
9,3.500,0.950,4,52
9,3.500,0.950,7,90
9,3.500,0.950,4,120
9,3.500,0.950,9,205
9,3.500,0.950,16,337
9,3.500,0.950,14,235
9,3.500,0.950,5,127
9,3.500,0.950,6,134
9,3.500,0.950,6,42
9,3.500,0.950,7,151
9,3.500,0.950,18,356
9,3.500,0.950,8,56
9,3.500,0.950,10,91
9,3.500,0.950,3,135
9,3.500,0.950,5,51
9,3.500,0.950,8,97
9,3.500,0.950,7,98
9,3.500,0.950,10,140
9,3.500,0.950,9,329
9,3.500,0.950,4,22
9,3.500,0.950,2,200
9,3.500,0.950,15,116
9,3.500,0.950,6,74
9,3.500,0.950,5,89
9,3.500,0.950,6,271
9,3.500,0.950,7,60
9,3.500,0.950,7,245
9,3.500,0.950,10,102
9,3.500,0.950,3,130
9,3.500,0.950,5,50
9,3.500,0.950,16,172
9,3.500,0.950,2,44
9,3.500,0.950,3,92
9,3.500,0.950,5,215
9,3.500,0.950,9,161
9,3.500,0.950,2,45
9,3.500,0.950,7,264
9,3.500,0.950,4,107
9,3.500,0.950,6,97
9,3.500,0.950,11,193
9,3.500,0.950,5,74
9,3.500,0.950,3,40
9,3.500,0.950,3,66
9,3.500,0.950,6,74
9,3.500,0.950,1,84
9,3.500,0.950,4,205
9,3.500,0.950,12,106
9,3.500,0.950,8,256
9,3.500,0.950,14,171
9,3.500,0.950,4,37
9,3.500,0.950,7,71
9,3.500,0.950,8,155
9,3.500,0.950,2,26
9,3.500,0.950,2,88
9,3.500,0.950,22,132
9,3.500,0.950,6,50
9,3.500,0.950,4,141
9,3.500,0.950,6,78
9,3.500,0.950,2,52
9,3.500,0.950,24,196
9,3.500,0.950,9,99
9,3.500,0.950,10,85
9,3.500,0.950,5,194
9,3.500,0.950,9,114
9,3.500,0.950,5,61
9,3.500,0.950,3,81
9,3.500,0.950,10,91
9,3.500,0.950,4,26
9,3.500,0.950,6,241
9,3.500,0.950,9,213
9,3.500,0.950,7,131
9,3.500,0.950,6,164
9,3.500,0.950,9,95
9,3.500,0.950,12,236
9,3.500,0.950,5,60
9,3.500,0.950,15,165
9,3.500,0.950,5,60
9,3.500,0.950,9,96
9,3.500,0.950,6,65
9,3.500,0.950,4,31
9,3.500,0.950,1,152
9,3.500,0.950,10,145
9,3.500,0.950,12,35
9,3.500,0.950,2,136
9,3.500,0.950,6,56
9,3.500,0.950,3,171
9,3.500,0.950,5,114
9,3.500,0.950,24,183
9,3.500,0.950,4,171
9,3.500,0.950,4,82
9,3.500,0.950,7,353
9,3.500,0.950,8,211
9,3.500,0.950,14,131
9,3.500,0.950,5,124
9,3.500,0.950,2,115
9,3.500,0.950,9,160
9,3.500,0.950,7,69
9,3.500,0.950,4,73
9,3.500,0.950,25,287
9,3.500,0.950,3,142
9,3.500,0.950,12,214
9,3.500,0.950,3,417
9,3.500,0.950,6,182
9,3.500,0.950,4,44
9,3.500,0.950,1,23
9,3.500,0.950,3,112
9,3.500,0.950,11,139
9,3.500,0.950,6,143
9,3.500,0.950,28,319
9,3.500,0.950,4,54
9,3.500,0.950,3,141
9,3.500,0.950,6,161
9,3.500,0.950,6,86
9,3.500,0.950,1,84
9,3.500,0.950,2,30
9,3.500,0.950,1,68
9,3.500,0.950,3,164
9,3.500,0.950,11,90
9,3.500,0.950,7,111
9,3.500,0.950,3,69
9,3.500,0.950,4,107
9,3.500,0.950,3,56
9,3.500,0.950,4,82
9,3.500,1.000,12,19
9,3.500,1.000,4,7
9,3.500,1.000,6,8
9,3.500,1.000,8,17
9,3.500,1.000,5,14
9,3.500,1.000,5,16
9,3.500,1.000,11,21
9,3.500,1.000,9,22
9,3.500,1.000,3,8
9,3.500,1.000,6,15
9,3.500,1.000,3,6
9,3.500,1.000,7,15
9,3.500,1.000,2,7
9,3.500,1.000,10,13
9,3.500,1.000,9,15
9,3.500,1.000,14,28
9,3.500,1.000,12,30
9,3.500,1.000,4,12
9,3.500,1.000,15,41
9,3.500,1.000,7,11
9,3.500,1.000,15,26
9,3.500,1.000,6,12
9,3.500,1.000,3,6
9,3.500,1.000,5,9
9,3.500,1.000,6,15
9,3.500,1.000,8,24
9,3.500,1.000,9,19
9,3.500,1.000,11,24
9,3.500,1.000,11,19
9,3.500,1.000,10,13
9,3.500,1.000,9,14
9,3.500,1.000,5,8
9,3.500,1.000,7,21
9,3.500,1.000,14,26
9,3.500,1.000,4,12
9,3.500,1.000,13,31
9,3.500,1.000,5,7
9,3.500,1.000,10,20
9,3.500,1.000,13,14
9,3.500,1.000,3,7
9,3.500,1.000,9,21
9,3.500,1.000,1,5
9,3.500,1.000,6,16
9,3.500,1.000,5,11
9,3.500,1.000,3,9
9,3.500,1.000,8,18
9,3.500,1.000,7,11
9,3.500,1.000,1,4
9,3.500,1.000,2,6
9,3.500,1.000,7,22
9,3.500,1.000,4,15
9,3.500,1.000,3,14
9,3.500,1.000,5,9
9,3.500,1.000,1,7
9,3.500,1.000,15,27
9,3.500,1.000,5,9
9,3.500,1.000,2,3
9,3.500,1.000,5,17
9,3.500,1.000,7,15
9,3.500,1.000,5,9
9,3.500,1.000,1,6
9,3.500,1.000,2,10
9,3.500,1.000,5,13
9,3.500,1.000,3,9
9,3.500,1.000,1,6
9,3.500,1.000,11,25
9,3.500,1.000,19,36
9,3.500,1.000,3,10
9,3.500,1.000,2,6
9,3.500,1.000,2,4
9,3.500,1.000,16,11
9,3.500,1.000,3,5
9,3.500,1.000,4,9
9,3.500,1.000,7,15
9,3.500,1.000,2,3
9,3.500,1.000,1,4
9,3.500,1.000,2,6
9,3.500,1.000,6,16
9,3.500,1.000,5,10
9,3.500,1.000,2,4
9,3.500,1.000,5,14
9,3.500,1.000,15,22
9,3.500,1.000,3,11
9,3.500,1.000,6,10
9,3.500,1.000,6,8
9,3.500,1.000,1,6
9,3.500,1.000,4,5
9,3.500,1.000,9,16
9,3.500,1.000,13,30
9,3.500,1.000,7,14
9,3.500,1.000,3,11
9,3.500,1.000,1,3
9,3.500,1.000,1,6
9,3.500,1.000,1,4
9,3.500,1.000,15,28
9,3.500,1.000,3,6
9,3.500,1.000,2,6
9,3.500,1.000,5,13
9,3.500,1.000,4,19
9,3.500,1.000,3,10
9,3.500,1.000,15,26
9,3.500,1.000,7,24
9,3.500,1.000,1,5
9,3.500,1.000,8,22
9,3.500,1.000,16,31
9,3.500,1.000,7,12
9,3.500,1.000,1,5
9,3.500,1.000,17,29
9,3.500,1.000,4,14
9,3.500,1.000,13,13
9,3.500,1.000,3,13
9,3.500,1.000,3,6
9,3.500,1.000,7,17
9,3.500,1.000,2,9
9,3.500,1.000,4,8
9,3.500,1.000,2,9
9,3.500,1.000,7,19
9,3.500,1.000,3,11
9,3.500,1.000,11,22
9,3.500,1.000,12,22
9,3.500,1.000,8,27
9,3.500,1.000,14,19
9,3.500,1.000,16,29
9,3.500,1.000,5,13
9,3.500,1.000,6,20
9,3.500,1.000,2,4
9,3.500,1.000,1,2
9,3.500,1.000,4,12
9,3.500,1.000,3,10
9,3.500,1.000,9,22
9,3.500,1.000,4,4
9,3.500,1.000,12,26
9,3.500,1.000,4,6
9,3.500,1.000,1,3
9,3.500,1.000,1,6
9,3.500,1.000,4,7
9,3.500,1.000,14,22
9,3.500,1.000,5,12
9,3.500,1.000,17,36
9,3.500,1.000,8,14
9,3.500,1.000,7,19
9,3.500,1.000,5,15
9,3.500,1.000,3,8
9,3.500,1.000,8,19
9,3.500,1.000,2,3
9,3.500,1.000,10,9
9,3.500,1.000,2,6
9,3.500,1.000,12,24
9,3.500,1.000,12,15
9,3.500,1.000,1,4
9,3.500,1.000,11,32
9,3.500,1.000,6,17
9,3.500,1.000,11,20
9,3.500,1.000,6,9
9,3.500,1.000,3,13
9,3.500,1.000,6,7
9,3.500,1.000,2,10
9,3.500,1.000,7,20
9,3.500,1.000,4,5
9,3.500,1.000,4,11
9,3.500,1.000,5,16
9,3.500,1.000,8,9
9,3.500,1.000,4,7
9,3.500,1.000,3,9
9,3.500,1.000,6,11
9,3.500,1.000,2,4
9,3.500,1.000,7,18
9,3.500,1.000,6,13
9,3.500,1.000,2,7
9,3.500,1.000,14,25
9,3.500,1.000,7,11
9,3.500,1.000,13,33
9,3.500,1.000,9,19
9,3.500,1.000,6,11
9,3.500,1.000,3,6
9,3.500,1.000,12,24
9,3.500,1.000,1,1
9,3.500,1.000,3,11
9,3.500,1.000,12,24
9,3.500,1.000,9,29
9,3.500,1.000,3,7
9,3.500,1.000,10,24
9,3.500,1.000,1,3
9,3.500,1.000,3,8
9,3.500,1.000,7,12
9,3.500,1.000,7,12
9,3.500,1.000,7,20
9,3.500,1.000,1,4
9,3.500,1.000,10,22
9,3.500,1.000,19,42
9,3.500,1.000,6,18
9,3.500,1.000,1,4
9,3.500,1.000,4,9
9,3.500,1.000,3,7
9,3.500,1.000,2,8
9,3.500,1.000,3,5
9,3.500,1.000,13,24
9,3.500,1.000,5,19
9,3.500,1.000,10,10
9,3.500,1.000,9,15
9,3.500,1.000,8,16
9,3.500,1.000,6,11
9,3.500,1.000,1,5
9,3.500,1.000,1,4
9,3.500,1.000,15,13
9,3.500,1.000,10,17
9,3.500,1.000,2,8
9,3.500,1.000,2,6
9,3.500,1.000,4,16
9,3.500,1.000,6,16
9,3.500,1.000,7,20
9,3.500,1.000,7,17
9,3.500,1.000,3,14
9,3.500,1.000,3,6
9,3.500,1.000,5,14
9,3.500,1.000,2,5
9,3.500,1.000,4,6
9,3.500,1.000,2,6
9,3.500,1.000,2,10
9,3.500,1.000,13,18
9,3.500,1.000,13,26
9,3.500,1.000,8,18
9,3.500,1.000,7,12
9,3.500,1.000,5,12
9,3.500,1.000,6,19
9,3.500,1.000,8,21
9,3.500,1.000,12,14
9,3.500,1.000,12,24
9,3.500,1.000,5,14
9,3.500,1.000,1,4
9,3.500,1.000,3,11
9,3.500,1.000,4,9
9,3.500,1.000,6,13
9,3.500,1.000,5,8
9,3.500,1.000,15,25
9,3.500,1.000,14,16
9,3.500,1.000,3,13
9,3.500,1.000,7,17
9,3.500,1.000,12,28
9,3.500,1.000,23,36
9,3.500,1.000,1,5
9,3.500,1.000,14,38
9,3.500,1.000,2,7
9,3.500,1.000,14,29
9,3.500,1.000,3,14
9,3.500,1.000,1,2
9,3.500,1.000,10,19
9,3.500,1.000,3,10
9,3.500,1.000,6,22
9,3.500,1.000,3,7
9,3.500,1.000,3,11
9,3.500,1.000,7,10
9,3.500,1.000,5,17
9,3.500,1.000,6,15
9,3.500,1.000,2,11
9,3.500,1.000,1,4
9,3.500,1.000,13,20
9,3.500,1.000,4,12
9,3.500,1.000,6,15
9,3.500,1.000,5,7
9,3.500,1.000,8,6
9,3.500,1.000,12,25
9,3.500,1.000,2,5
9,3.500,1.000,14,23
9,3.500,1.000,1,3
9,3.500,1.000,9,24
9,3.500,1.000,8,14
9,3.500,1.000,2,10
9,3.500,1.000,8,16
9,3.500,1.000,4,9
9,3.500,1.000,2,8
9,3.500,1.000,5,18
9,3.500,1.000,4,13
9,3.500,1.000,17,23
9,3.500,1.000,3,13
9,3.500,1.000,8,20
9,3.500,1.000,5,10
9,3.500,1.000,5,6
9,3.500,1.000,8,20
9,3.500,1.000,11,21
9,3.500,1.000,3,11
9,3.500,1.000,2,8
9,3.500,1.000,8,23
9,3.500,1.000,22,23
9,3.500,1.000,3,6
9,3.500,1.000,10,26
10,3.500,0.200,14,420
10,3.500,0.200,15,220
10,3.500,0.200,12,445
10,3.500,0.200,2,81
10,3.500,0.200,5,164
10,3.500,0.200,20,468
10,3.500,0.200,4,24
10,3.500,0.200,2,61
10,3.500,0.200,23,255
10,3.500,0.200,22,130
10,3.500,0.200,5,266
10,3.500,0.200,6,423
10,3.500,0.200,28,54
10,3.500,0.200,14,376
10,3.500,0.200,17,500
10,3.500,0.200,1,270
10,3.500,0.200,24,186
10,3.500,0.200,8,103
10,3.500,0.200,22,547
10,3.500,0.200,2,45
10,3.500,0.200,9,71
10,3.500,0.200,9,397
10,3.500,0.200,1,203
10,3.500,0.200,3,158
10,3.500,0.200,2,118
10,3.500,0.200,9,38
10,3.500,0.200,12,289
10,3.500,0.200,4,276
10,3.500,0.200,10,132
10,3.500,0.200,7,176
10,3.500,0.200,4,68
10,3.500,0.200,2,64
10,3.500,0.200,4,496
10,3.500,0.200,11,273
10,3.500,0.200,16,496
10,3.500,0.200,8,505
10,3.500,0.200,4,157
10,3.500,0.200,19,296
10,3.500,0.200,2,55
10,3.500,0.200,1,45
10,3.500,0.200,6,287
10,3.500,0.200,2,145
10,3.500,0.200,3,402
10,3.500,0.200,20,196
10,3.500,0.200,4,127
10,3.500,0.200,26,230
10,3.500,0.200,16,362
10,3.500,0.200,4,217
10,3.500,0.200,7,130
10,3.500,0.200,9,156
10,3.500,0.200,5,49
10,3.500,0.200,8,99
10,3.500,0.200,15,171
10,3.500,0.200,13,223
10,3.500,0.200,2,47
10,3.500,0.200,8,573
10,3.500,0.200,1,82
10,3.500,0.200,19,328
10,3.500,0.200,3,170
10,3.500,0.200,14,200
10,3.500,0.200,11,500
10,3.500,0.200,7,254
10,3.500,0.200,8,122
10,3.500,0.200,2,154
10,3.500,0.200,8,244
10,3.500,0.200,1,86
10,3.500,0.200,12,161
10,3.500,0.200,4,129
10,3.500,0.200,20,111
10,3.500,0.200,5,68
10,3.500,0.200,8,301
10,3.500,0.200,17,315
10,3.500,0.200,2,53
10,3.500,0.200,4,179
10,3.500,0.200,8,160
10,3.500,0.200,7,116
10,3.500,0.200,13,479
10,3.500,0.200,19,166
10,3.500,0.200,15,423
10,3.500,0.200,2,26
10,3.500,0.200,8,109
10,3.500,0.200,6,194
10,3.500,0.200,7,135
10,3.500,0.200,8,262
10,3.500,0.200,2,101
10,3.500,0.200,16,579
10,3.500,0.200,20,119
10,3.500,0.200,1,105
10,3.500,0.200,4,370
10,3.500,0.200,1,102
10,3.500,0.200,6,98
10,3.500,0.200,2,153
10,3.500,0.200,3,161
10,3.500,0.200,4,49
10,3.500,0.200,2,81
10,3.500,0.200,1,202
10,3.500,0.200,11,303
10,3.500,0.200,6,203
10,3.500,0.200,2,47
10,3.500,0.200,3,53
10,3.500,0.200,6,393
10,3.500,0.200,9,345
10,3.500,0.200,9,113
10,3.500,0.200,18,515
10,3.500,0.200,3,159
10,3.500,0.200,24,430
10,3.500,0.200,2,185
10,3.500,0.200,10,178
10,3.500,0.200,8,392
10,3.500,0.200,14,39
10,3.500,0.200,17,203
10,3.500,0.200,18,363
10,3.500,0.200,5,149
10,3.500,0.200,8,65
10,3.500,0.200,3,85
10,3.500,0.200,9,124
10,3.500,0.200,10,214
10,3.500,0.200,17,402
10,3.500,0.200,7,257
10,3.500,0.200,7,355
10,3.500,0.200,5,92
10,3.500,0.200,3,77
10,3.500,0.200,17,483
10,3.500,0.200,10,327
10,3.500,0.200,9,145
10,3.500,0.200,8,339
10,3.500,0.200,2,36
10,3.500,0.200,8,132
10,3.500,0.200,5,150
10,3.500,0.200,16,486
10,3.500,0.200,3,44
10,3.500,0.200,4,334
10,3.500,0.200,16,300
10,3.500,0.200,6,201
10,3.500,0.200,4,47
10,3.500,0.200,1,110
10,3.500,0.200,18,284
10,3.500,0.200,8,553
10,3.500,0.200,6,137
10,3.500,0.200,11,203
10,3.500,0.200,11,157
10,3.500,0.200,7,297
10,3.500,0.200,20,133
10,3.500,0.200,2,533
10,3.500,0.200,18,300
10,3.500,0.200,8,73
10,3.500,0.200,6,89
10,3.500,0.200,2,153
10,3.500,0.200,11,285
10,3.500,0.200,4,185
10,3.500,0.200,7,193
10,3.500,0.200,5,81
10,3.500,0.200,9,108
10,3.500,0.200,7,261
10,3.500,0.200,1,98
10,3.500,0.200,18,160
10,3.500,0.200,4,35
10,3.500,0.200,7,104
10,3.500,0.200,3,118
10,3.500,0.200,6,60
10,3.500,0.200,9,283
10,3.500,0.200,1,47
10,3.500,0.200,5,103
10,3.500,0.200,4,516
10,3.500,0.200,2,71
10,3.500,0.200,5,64
10,3.500,0.200,10,221
10,3.500,0.200,4,190
10,3.500,0.200,10,437
10,3.500,0.200,9,396
10,3.500,0.200,4,394
10,3.500,0.200,6,158
10,3.500,0.200,1,79
10,3.500,0.200,3,249
10,3.500,0.200,11,314
10,3.500,0.200,15,183
10,3.500,0.200,16,478
10,3.500,0.200,15,172
10,3.500,0.200,3,376
10,3.500,0.200,4,236
10,3.500,0.200,19,222
10,3.500,0.200,8,246
10,3.500,0.200,25,462
10,3.500,0.200,10,916
10,3.500,0.200,4,220
10,3.500,0.200,4,81
10,3.500,0.200,5,206
10,3.500,0.200,12,250
10,3.500,0.200,2,160
10,3.500,0.200,2,205
10,3.500,0.200,2,205
10,3.500,0.200,12,220
10,3.500,0.200,23,196
10,3.500,0.200,7,156
10,3.500,0.200,13,258
10,3.500,0.200,10,105
10,3.500,0.200,5,43
10,3.500,0.200,7,122
10,3.500,0.200,7,78
10,3.500,0.200,15,557
10,3.500,0.200,4,128
10,3.500,0.200,14,216
10,3.500,0.200,23,222
10,3.500,0.200,15,217
10,3.500,0.200,15,297
10,3.500,0.200,7,189
10,3.500,0.200,13,408
10,3.500,0.200,7,79
10,3.500,0.200,14,147
10,3.500,0.200,2,72
10,3.500,0.200,6,96
10,3.500,0.200,18,593
10,3.500,0.200,8,553
10,3.500,0.200,7,126
10,3.500,0.200,17,352
10,3.500,0.200,15,92
10,3.500,0.200,12,198
10,3.500,0.200,15,278
10,3.500,0.200,14,92
10,3.500,0.200,2,117
10,3.500,0.200,6,59
10,3.500,0.200,3,81
10,3.500,0.200,6,141
10,3.500,0.200,10,404
10,3.500,0.200,11,122
10,3.500,0.200,9,498
10,3.500,0.200,15,193
10,3.500,0.200,12,169
10,3.500,0.200,1,99
10,3.500,0.200,1,137
10,3.500,0.200,2,43
10,3.500,0.200,1,60
10,3.500,0.200,8,81
10,3.500,0.200,5,515
10,3.500,0.200,14,255
10,3.500,0.200,11,124
10,3.500,0.200,4,273
10,3.500,0.200,14,228
10,3.500,0.200,5,62
10,3.500,0.200,11,400
10,3.500,0.200,7,198
10,3.500,0.200,13,198
10,3.500,0.200,9,422
10,3.500,0.200,1,47
10,3.500,0.200,8,211
10,3.500,0.200,10,104
10,3.500,0.200,13,189
10,3.500,0.200,16,254
10,3.500,0.200,3,112
10,3.500,0.200,2,195
10,3.500,0.200,17,209
10,3.500,0.200,8,280
10,3.500,0.200,5,139
10,3.500,0.200,8,127
10,3.500,0.200,19,196
10,3.500,0.200,4,141
10,3.500,0.200,3,171
10,3.500,0.200,6,72
10,3.500,0.200,4,133
10,3.500,0.200,8,152
10,3.500,0.200,11,257
10,3.500,0.200,12,181
10,3.500,0.200,3,182
10,3.500,0.200,9,81
10,3.500,0.200,16,279
10,3.500,0.200,5,244
10,3.500,0.200,10,330
10,3.500,0.200,5,189
10,3.500,0.200,16,302
10,3.500,0.200,11,135
10,3.500,0.200,16,237
10,3.500,0.200,19,344
10,3.500,0.200,4,297
10,3.500,0.200,4,61
10,3.500,0.200,22,345
10,3.500,0.200,4,177
10,3.500,0.200,9,506
10,3.500,0.200,11,133
10,3.500,0.200,4,57
10,3.500,0.200,13,404
10,3.500,0.200,22,333
10,3.500,0.200,3,100
10,3.500,0.200,4,34
10,3.500,0.200,1,65
10,3.500,0.200,8,65
10,3.500,0.200,1,93
10,3.500,0.200,2,122
10,3.500,0.200,1,52
10,3.500,0.200,3,485
10,3.500,0.200,6,163
10,3.500,0.200,6,312
10,3.500,0.200,15,206
10,3.500,0.200,13,257
10,3.500,0.500,2,150
10,3.500,0.500,9,302
10,3.500,0.500,9,148
10,3.500,0.500,4,112
10,3.500,0.500,6,113
10,3.500,0.500,14,143
10,3.500,0.500,15,282
10,3.500,0.500,6,339
10,3.500,0.500,5,169
10,3.500,0.500,9,198
10,3.500,0.500,1,62
10,3.500,0.500,11,241
10,3.500,0.500,10,167
10,3.500,0.500,17,323
10,3.500,0.500,5,142
10,3.500,0.500,28,374
10,3.500,0.500,7,210
10,3.500,0.500,6,162
10,3.500,0.500,13,200
10,3.500,0.500,1,64
10,3.500,0.500,7,173
10,3.500,0.500,5,104
10,3.500,0.500,1,47
10,3.500,0.500,13,261
10,3.500,0.500,10,148
10,3.500,0.500,7,318
10,3.500,0.500,6,116
10,3.500,0.500,18,106
10,3.500,0.500,17,182
10,3.500,0.500,1,201
10,3.500,0.500,8,383
10,3.500,0.500,10,300
10,3.500,0.500,2,112
10,3.500,0.500,5,47
10,3.500,0.500,12,69
10,3.500,0.500,3,74
10,3.500,0.500,8,178
10,3.500,0.500,1,85
10,3.500,0.500,1,37
10,3.500,0.500,6,99
10,3.500,0.500,9,114
10,3.500,0.500,15,284
10,3.500,0.500,3,297
10,3.500,0.500,2,202
10,3.500,0.500,22,144
10,3.500,0.500,13,205
10,3.500,0.500,21,151
10,3.500,0.500,6,268
10,3.500,0.500,15,237
10,3.500,0.500,8,473
10,3.500,0.500,9,53
10,3.500,0.500,1,99
10,3.500,0.500,1,28
10,3.500,0.500,3,103
10,3.500,0.500,26,621
10,3.500,0.500,6,288
10,3.500,0.500,4,142
10,3.500,0.500,10,145
10,3.500,0.500,6,297
10,3.500,0.500,11,530
10,3.500,0.500,8,86
10,3.500,0.500,11,400
10,3.500,0.500,6,48
10,3.500,0.500,3,401
10,3.500,0.500,3,237
10,3.500,0.500,11,165
10,3.500,0.500,7,308
10,3.500,0.500,22,226
10,3.500,0.500,25,470
10,3.500,0.500,18,297
10,3.500,0.500,1,31
10,3.500,0.500,14,113
10,3.500,0.500,8,298
10,3.500,0.500,9,132
10,3.500,0.500,10,188
10,3.500,0.500,1,83
10,3.500,0.500,9,178
10,3.500,0.500,11,277
10,3.500,0.500,6,169
10,3.500,0.500,19,417
10,3.500,0.500,4,300
10,3.500,0.500,7,616
10,3.500,0.500,7,301
10,3.500,0.500,7,205
10,3.500,0.500,10,81
10,3.500,0.500,10,368
10,3.500,0.500,7,298
10,3.500,0.500,6,116
10,3.500,0.500,7,333
10,3.500,0.500,12,175
10,3.500,0.500,3,62
10,3.500,0.500,3,51
10,3.500,0.500,6,106
10,3.500,0.500,8,159
10,3.500,0.500,6,124
10,3.500,0.500,9,108
10,3.500,0.500,3,136
10,3.500,0.500,6,330
10,3.500,0.500,7,293
10,3.500,0.500,9,195
10,3.500,0.500,19,324
10,3.500,0.500,9,216
10,3.500,0.500,5,166
10,3.500,0.500,13,191
10,3.500,0.500,12,178
10,3.500,0.500,1,62
10,3.500,0.500,6,539
10,3.500,0.500,6,110
10,3.500,0.500,3,89
10,3.500,0.500,14,96
10,3.500,0.500,12,260
10,3.500,0.500,20,195
10,3.500,0.500,13,926
10,3.500,0.500,1,89
10,3.500,0.500,13,264
10,3.500,0.500,3,154
10,3.500,0.500,5,185
10,3.500,0.500,4,147
10,3.500,0.500,2,53
10,3.500,0.500,12,313
10,3.500,0.500,5,182
10,3.500,0.500,1,109
10,3.500,0.500,8,176
10,3.500,0.500,8,159
10,3.500,0.500,33,143
10,3.500,0.500,8,226
10,3.500,0.500,6,233
10,3.500,0.500,5,200
10,3.500,0.500,6,169
10,3.500,0.500,8,53
10,3.500,0.500,24,122
10,3.500,0.500,9,597
10,3.500,0.500,2,51
10,3.500,0.500,12,327
10,3.500,0.500,12,313
10,3.500,0.500,3,149
10,3.500,0.500,31,323
10,3.500,0.500,25,340
10,3.500,0.500,17,241
10,3.500,0.500,3,37
10,3.500,0.500,5,186
10,3.500,0.500,6,109
10,3.500,0.500,6,203
10,3.500,0.500,2,38
10,3.500,0.500,16,295
10,3.500,0.500,2,42
10,3.500,0.500,4,409
10,3.500,0.500,7,153
10,3.500,0.500,6,148
10,3.500,0.500,16,686
10,3.500,0.500,8,157
10,3.500,0.500,4,391
10,3.500,0.500,3,105
10,3.500,0.500,27,368
10,3.500,0.500,20,198
10,3.500,0.500,4,116
10,3.500,0.500,1,55
10,3.500,0.500,1,123
10,3.500,0.500,3,99
10,3.500,0.500,2,426
10,3.500,0.500,17,184
10,3.500,0.500,7,390
10,3.500,0.500,13,230
10,3.500,0.500,20,223
10,3.500,0.500,15,428
10,3.500,0.500,9,329
10,3.500,0.500,11,291
10,3.500,0.500,7,114
10,3.500,0.500,8,345
10,3.500,0.500,6,310
10,3.500,0.500,4,178
10,3.500,0.500,4,45
10,3.500,0.500,14,396
10,3.500,0.500,8,128
10,3.500,0.500,3,174
10,3.500,0.500,4,165
10,3.500,0.500,1,74
10,3.500,0.500,34,483
10,3.500,0.500,2,99
10,3.500,0.500,1,93
10,3.500,0.500,2,187
10,3.500,0.500,13,573
10,3.500,0.500,8,112
10,3.500,0.500,16,632
10,3.500,0.500,4,235
10,3.500,0.500,13,173
10,3.500,0.500,2,93
10,3.500,0.500,7,259
10,3.500,0.500,4,35
10,3.500,0.500,1,154
10,3.500,0.500,5,531
10,3.500,0.500,15,134
10,3.500,0.500,12,134
10,3.500,0.500,9,111
10,3.500,0.500,7,149
10,3.500,0.500,2,83
10,3.500,0.500,9,309
10,3.500,0.500,12,262
10,3.500,0.500,10,127
10,3.500,0.500,15,194
10,3.500,0.500,21,239
10,3.500,0.500,5,336
10,3.500,0.500,14,225
10,3.500,0.500,5,40
10,3.500,0.500,9,187
10,3.500,0.500,26,421
10,3.500,0.500,18,485
10,3.500,0.500,2,25
10,3.500,0.500,7,159
10,3.500,0.500,8,349
10,3.500,0.500,14,462
10,3.500,0.500,3,74
10,3.500,0.500,25,322
10,3.500,0.500,20,217
10,3.500,0.500,2,58
10,3.500,0.500,2,83
10,3.500,0.500,10,86
10,3.500,0.500,5,71
10,3.500,0.500,1,94
10,3.500,0.500,6,32
10,3.500,0.500,5,97
10,3.500,0.500,2,202
10,3.500,0.500,12,118
10,3.500,0.500,11,79
10,3.500,0.500,5,190
10,3.500,0.500,16,107
10,3.500,0.500,13,239
10,3.500,0.500,16,204
10,3.500,0.500,6,172
10,3.500,0.500,26,170
10,3.500,0.500,4,147
10,3.500,0.500,11,245
10,3.500,0.500,1,117
10,3.500,0.500,10,265
10,3.500,0.500,5,109
10,3.500,0.500,6,81
10,3.500,0.500,12,325
10,3.500,0.500,7,126
10,3.500,0.500,11,272
10,3.500,0.500,28,370
10,3.500,0.500,12,282
10,3.500,0.500,11,216
10,3.500,0.500,18,187
10,3.500,0.500,12,189
10,3.500,0.500,15,403
10,3.500,0.500,6,182
10,3.500,0.500,16,295
10,3.500,0.500,11,195
10,3.500,0.500,1,259
10,3.500,0.500,2,114
10,3.500,0.500,5,306
10,3.500,0.500,3,330
10,3.500,0.500,1,54
10,3.500,0.500,6,249
10,3.500,0.500,7,530
10,3.500,0.500,3,298
10,3.500,0.500,9,206
10,3.500,0.500,2,245
10,3.500,0.500,8,356
10,3.500,0.500,12,115
10,3.500,0.500,8,371
10,3.500,0.500,18,205
10,3.500,0.500,12,394
10,3.500,0.500,2,25
10,3.500,0.500,10,213
10,3.500,0.500,11,132
10,3.500,0.500,8,209
10,3.500,0.500,4,109
10,3.500,0.500,21,846
10,3.500,0.500,1,114
10,3.500,0.500,6,507
10,3.500,0.500,2,73
10,3.500,0.500,13,185
10,3.500,0.500,10,201
10,3.500,0.500,2,181
10,3.500,0.500,10,421
10,3.500,0.500,10,175
10,3.500,0.500,1,121
10,3.500,0.500,20,372
10,3.500,0.500,2,168
10,3.500,0.500,21,318
10,3.500,0.500,13,204
10,3.500,0.500,10,128
10,3.500,0.500,1,42
10,3.500,0.500,15,302
10,3.500,0.500,6,146
10,3.500,0.500,7,681
10,3.500,0.500,2,137
10,3.500,0.500,4,158
10,3.500,0.500,10,85
10,3.500,0.750,12,240
10,3.500,0.750,14,199
10,3.500,0.750,5,212
10,3.500,0.750,2,173
10,3.500,0.750,2,42
10,3.500,0.750,2,49
10,3.500,0.750,4,128
10,3.500,0.750,2,97
10,3.500,0.750,15,199
10,3.500,0.750,1,69
10,3.500,0.750,22,276
10,3.500,0.750,7,515
10,3.500,0.750,12,237
10,3.500,0.750,11,231
10,3.500,0.750,9,213
10,3.500,0.750,2,231
10,3.500,0.750,1,20
10,3.500,0.750,6,179
10,3.500,0.750,2,180
10,3.500,0.750,9,199
10,3.500,0.750,27,89
10,3.500,0.750,5,252
10,3.500,0.750,2,96
10,3.500,0.750,6,122
10,3.500,0.750,15,217
10,3.500,0.750,2,209
10,3.500,0.750,2,49
10,3.500,0.750,9,131
10,3.500,0.750,24,163
10,3.500,0.750,22,463
10,3.500,0.750,2,65
10,3.500,0.750,14,281
10,3.500,0.750,10,152
10,3.500,0.750,13,237
10,3.500,0.750,6,512
10,3.500,0.750,10,376
10,3.500,0.750,10,142
10,3.500,0.750,9,576
10,3.500,0.750,8,222
10,3.500,0.750,9,96
10,3.500,0.750,3,165
10,3.500,0.750,13,363
10,3.500,0.750,21,365
10,3.500,0.750,2,145
10,3.500,0.750,7,190
10,3.500,0.750,11,334
10,3.500,0.750,15,315
10,3.500,0.750,11,177
10,3.500,0.750,19,116
10,3.500,0.750,9,206
10,3.500,0.750,5,87
10,3.500,0.750,1,522
10,3.500,0.750,4,39
10,3.500,0.750,12,326
10,3.500,0.750,4,418
10,3.500,0.750,13,382
10,3.500,0.750,2,73
10,3.500,0.750,4,166
10,3.500,0.750,2,138
10,3.500,0.750,7,248
10,3.500,0.750,20,216
10,3.500,0.750,16,276
10,3.500,0.750,12,181
10,3.500,0.750,6,177
10,3.500,0.750,14,189
10,3.500,0.750,1,39
10,3.500,0.750,5,125
10,3.500,0.750,11,235
10,3.500,0.750,18,234
10,3.500,0.750,6,137
10,3.500,0.750,10,335
10,3.500,0.750,8,322
10,3.500,0.750,5,137
10,3.500,0.750,6,289
10,3.500,0.750,11,87
10,3.500,0.750,1,50
10,3.500,0.750,12,411
10,3.500,0.750,30,301
10,3.500,0.750,1,195
10,3.500,0.750,6,57
10,3.500,0.750,5,172
10,3.500,0.750,14,397
10,3.500,0.750,8,75
10,3.500,0.750,1,205
10,3.500,0.750,9,589
10,3.500,0.750,2,65
10,3.500,0.750,13,241
10,3.500,0.750,12,213
10,3.500,0.750,1,213
10,3.500,0.750,2,49
10,3.500,0.750,19,148
10,3.500,0.750,11,93
10,3.500,0.750,13,164
10,3.500,0.750,10,155
10,3.500,0.750,10,143
10,3.500,0.750,9,289
10,3.500,0.750,4,128
10,3.500,0.750,13,436
10,3.500,0.750,29,216
10,3.500,0.750,18,457
10,3.500,0.750,9,832
10,3.500,0.750,17,530
10,3.500,0.750,3,41
10,3.500,0.750,13,150
10,3.500,0.750,19,159
10,3.500,0.750,4,90
10,3.500,0.750,2,50
10,3.500,0.750,6,76
10,3.500,0.750,7,83
10,3.500,0.750,7,236
10,3.500,0.750,5,145
10,3.500,0.750,8,298
10,3.500,0.750,2,53
10,3.500,0.750,6,117
10,3.500,0.750,1,93
10,3.500,0.750,2,27
10,3.500,0.750,9,235
10,3.500,0.750,17,139
10,3.500,0.750,9,160
10,3.500,0.750,12,226
10,3.500,0.750,3,124
10,3.500,0.750,4,49
10,3.500,0.750,8,108
10,3.500,0.750,8,116
10,3.500,0.750,4,85
10,3.500,0.750,15,172
10,3.500,0.750,4,35
10,3.500,0.750,6,157
10,3.500,0.750,8,43
10,3.500,0.750,1,273
10,3.500,0.750,7,136
10,3.500,0.750,18,327
10,3.500,0.750,15,226
10,3.500,0.750,5,237
10,3.500,0.750,4,27
10,3.500,0.750,12,97
10,3.500,0.750,8,85
10,3.500,0.750,4,187
10,3.500,0.750,11,172
10,3.500,0.750,5,396
10,3.500,0.750,14,611
10,3.500,0.750,10,190
10,3.500,0.750,13,131
10,3.500,0.750,8,348
10,3.500,0.750,10,367
10,3.500,0.750,4,205
10,3.500,0.750,16,494
10,3.500,0.750,13,105
10,3.500,0.750,6,462
10,3.500,0.750,12,249
10,3.500,0.750,2,297
10,3.500,0.750,2,170
10,3.500,0.750,7,137
10,3.500,0.750,21,324
10,3.500,0.750,4,276
10,3.500,0.750,6,182
10,3.500,0.750,4,33
10,3.500,0.750,18,274
10,3.500,0.750,10,633
10,3.500,0.750,12,137
10,3.500,0.750,7,176
10,3.500,0.750,11,170
10,3.500,0.750,7,139
10,3.500,0.750,3,251
10,3.500,0.750,10,52
10,3.500,0.750,22,131
10,3.500,0.750,19,65
10,3.500,0.750,23,139
10,3.500,0.750,5,167
10,3.500,0.750,6,90
10,3.500,0.750,3,379
10,3.500,0.750,9,140
10,3.500,0.750,6,137
10,3.500,0.750,5,207
10,3.500,0.750,17,438
10,3.500,0.750,4,39
10,3.500,0.750,2,53
10,3.500,0.750,2,180
10,3.500,0.750,3,79
10,3.500,0.750,7,87
10,3.500,0.750,13,495
10,3.500,0.750,30,505
10,3.500,0.750,12,116
10,3.500,0.750,4,109
10,3.500,0.750,10,152
10,3.500,0.750,6,137
10,3.500,0.750,4,83
10,3.500,0.750,3,280
10,3.500,0.750,3,67
10,3.500,0.750,2,37
10,3.500,0.750,12,351
10,3.500,0.750,16,549
10,3.500,0.750,1,150
10,3.500,0.750,5,497
10,3.500,0.750,1,45
10,3.500,0.750,6,217
10,3.500,0.750,11,517
10,3.500,0.750,5,541
10,3.500,0.750,6,203
10,3.500,0.750,4,457
10,3.500,0.750,5,227
10,3.500,0.750,3,24
10,3.500,0.750,10,397
10,3.500,0.750,4,33
10,3.500,0.750,2,388
10,3.500,0.750,8,193
10,3.500,0.750,6,115
10,3.500,0.750,16,434
10,3.500,0.750,6,405
10,3.500,0.750,8,212
10,3.500,0.750,5,219
10,3.500,0.750,6,236
10,3.500,0.750,22,574
10,3.500,0.750,8,121
10,3.500,0.750,9,421
10,3.500,0.750,7,78
10,3.500,0.750,12,422
10,3.500,0.750,21,336
10,3.500,0.750,4,182
10,3.500,0.750,23,427
10,3.500,0.750,3,134
10,3.500,0.750,6,89
10,3.500,0.750,7,302
10,3.500,0.750,3,111
10,3.500,0.750,6,89
10,3.500,0.750,22,588
10,3.500,0.750,9,112
10,3.500,0.750,13,264
10,3.500,0.750,6,162
10,3.500,0.750,6,283
10,3.500,0.750,5,308
10,3.500,0.750,2,122
10,3.500,0.750,10,118
10,3.500,0.750,21,197
10,3.500,0.750,11,228
10,3.500,0.750,6,262
10,3.500,0.750,6,229
10,3.500,0.750,4,136
10,3.500,0.750,5,128
10,3.500,0.750,9,148
10,3.500,0.750,24,235
10,3.500,0.750,11,175
10,3.500,0.750,17,230
10,3.500,0.750,5,169
10,3.500,0.750,1,78
10,3.500,0.750,20,430
10,3.500,0.750,4,66
10,3.500,0.750,18,248
10,3.500,0.750,26,594
10,3.500,0.750,2,191
10,3.500,0.750,1,292
10,3.500,0.750,14,657
10,3.500,0.750,12,264
10,3.500,0.750,3,386
10,3.500,0.750,14,189
10,3.500,0.750,1,85
10,3.500,0.750,2,105
10,3.500,0.750,4,193
10,3.500,0.750,14,273
10,3.500,0.750,5,167
10,3.500,0.750,2,147
10,3.500,0.750,3,529
10,3.500,0.750,8,141
10,3.500,0.750,5,129
10,3.500,0.750,16,251
10,3.500,0.750,9,289
10,3.500,0.750,5,194
10,3.500,0.750,4,97
10,3.500,0.750,4,421
10,3.500,0.750,11,326
10,3.500,0.750,1,98
10,3.500,0.750,13,191
10,3.500,0.750,3,121
10,3.500,0.750,29,305
10,3.500,0.750,7,134
10,3.500,0.750,7,246
10,3.500,0.750,10,290
10,3.500,0.750,7,408
10,3.500,0.750,3,50
10,3.500,0.750,3,37
10,3.500,0.750,8,119
10,3.500,0.750,4,366
10,3.500,0.750,3,140
10,3.500,0.750,17,283
10,3.500,0.750,9,334
10,3.500,0.750,7,394
10,3.500,0.750,28,325
10,3.500,0.750,2,239
10,3.500,0.900,6,247
10,3.500,0.900,3,182
10,3.500,0.900,2,50
10,3.500,0.900,8,225
10,3.500,0.900,18,430
10,3.500,0.900,2,404
10,3.500,0.900,44,492
10,3.500,0.900,17,325
10,3.500,0.900,10,140
10,3.500,0.900,23,617
10,3.500,0.900,18,254
10,3.500,0.900,8,87
10,3.500,0.900,30,320
10,3.500,0.900,14,226
10,3.500,0.900,2,22
10,3.500,0.900,24,414
10,3.500,0.900,25,163
10,3.500,0.900,9,166
10,3.500,0.900,7,72
10,3.500,0.900,12,99
10,3.500,0.900,21,132
10,3.500,0.900,28,187
10,3.500,0.900,19,624
10,3.500,0.900,12,150
10,3.500,0.900,10,159
10,3.500,0.900,5,131
10,3.500,0.900,6,265
10,3.500,0.900,9,97
10,3.500,0.900,12,298
10,3.500,0.900,4,307
10,3.500,0.900,16,112
10,3.500,0.900,4,285
10,3.500,0.900,10,222
10,3.500,0.900,13,444
10,3.500,0.900,24,696
10,3.500,0.900,9,225
10,3.500,0.900,14,250
10,3.500,0.900,10,98
10,3.500,0.900,9,305
10,3.500,0.900,11,273
10,3.500,0.900,8,80
10,3.500,0.900,7,313
10,3.500,0.900,8,173
10,3.500,0.900,11,356
10,3.500,0.900,2,53
10,3.500,0.900,20,82
10,3.500,0.900,7,687
10,3.500,0.900,6,203
10,3.500,0.900,4,179
10,3.500,0.900,23,184
10,3.500,0.900,4,164
10,3.500,0.900,3,101
10,3.500,0.900,9,364
10,3.500,0.900,5,178
10,3.500,0.900,7,317
10,3.500,0.900,20,138
10,3.500,0.900,6,283
10,3.500,0.900,3,71
10,3.500,0.900,27,603
10,3.500,0.900,12,513
10,3.500,0.900,10,142
10,3.500,0.900,4,30
10,3.500,0.900,20,309
10,3.500,0.900,6,108
10,3.500,0.900,8,210
10,3.500,0.900,14,171
10,3.500,0.900,4,237
10,3.500,0.900,10,319
10,3.500,0.900,3,276
10,3.500,0.900,18,643
10,3.500,0.900,13,260
10,3.500,0.900,15,213
10,3.500,0.900,25,304
10,3.500,0.900,7,133
10,3.500,0.900,4,122
10,3.500,0.900,16,618
10,3.500,0.900,4,90
10,3.500,0.900,8,288
10,3.500,0.900,8,251
10,3.500,0.900,22,419
10,3.500,0.900,17,137
10,3.500,0.900,5,222
10,3.500,0.900,6,226
10,3.500,0.900,4,114
10,3.500,0.900,14,242
10,3.500,0.900,8,190
10,3.500,0.900,4,99
10,3.500,0.900,10,335
10,3.500,0.900,1,202
10,3.500,0.900,12,129
10,3.500,0.900,5,127
10,3.500,0.900,9,144
10,3.500,0.900,6,535
10,3.500,0.900,2,231
10,3.500,0.900,15,321
10,3.500,0.900,4,233
10,3.500,0.900,7,104
10,3.500,0.900,17,230
10,3.500,0.900,1,155
10,3.500,0.900,2,527
10,3.500,0.900,12,270
10,3.500,0.900,15,261
10,3.500,0.900,11,200
10,3.500,0.900,5,77
10,3.500,0.900,5,211
10,3.500,0.900,4,100
10,3.500,0.900,15,330
10,3.500,0.900,4,152
10,3.500,0.900,14,118
10,3.500,0.900,7,156
10,3.500,0.900,8,324
10,3.500,0.900,2,137
10,3.500,0.900,7,164
10,3.500,0.900,10,207
10,3.500,0.900,19,202
10,3.500,0.900,4,592
10,3.500,0.900,30,287
10,3.500,0.900,13,193
10,3.500,0.900,2,52
10,3.500,0.900,13,388
10,3.500,0.900,1,81
10,3.500,0.900,4,28
10,3.500,0.900,11,272
10,3.500,0.900,13,208
10,3.500,0.900,21,523
10,3.500,0.900,8,226
10,3.500,0.900,4,160
10,3.500,0.900,22,196
10,3.500,0.900,19,110
10,3.500,0.900,3,181
10,3.500,0.900,12,172
10,3.500,0.900,18,260
10,3.500,0.900,4,163
10,3.500,0.900,8,240
10,3.500,0.900,9,200
10,3.500,0.900,29,248
10,3.500,0.900,5,210
10,3.500,0.900,21,275
10,3.500,0.900,10,289
10,3.500,0.900,20,460
10,3.500,0.900,2,177
10,3.500,0.900,7,165
10,3.500,0.900,1,521
10,3.500,0.900,17,282
10,3.500,0.900,8,924
10,3.500,0.900,11,211
10,3.500,0.900,18,287
10,3.500,0.900,3,97
10,3.500,0.900,12,64
10,3.500,0.900,5,475
10,3.500,0.900,2,225
10,3.500,0.900,5,137
10,3.500,0.900,13,198
10,3.500,0.900,12,129
10,3.500,0.900,1,43
10,3.500,0.900,5,166
10,3.500,0.900,20,208
10,3.500,0.900,17,273
10,3.500,0.900,17,326
10,3.500,0.900,6,212
10,3.500,0.900,9,606
10,3.500,0.900,2,85
10,3.500,0.900,18,265
10,3.500,0.900,18,137
10,3.500,0.900,12,174
10,3.500,0.900,7,207
10,3.500,0.900,9,222
10,3.500,0.900,10,108
10,3.500,0.900,11,364
10,3.500,0.900,12,198
10,3.500,0.900,9,134
10,3.500,0.900,16,345
10,3.500,0.900,40,329
10,3.500,0.900,10,45
10,3.500,0.900,3,135
10,3.500,0.900,1,44
10,3.500,0.900,10,239
10,3.500,0.900,2,512
10,3.500,0.900,9,294
10,3.500,0.900,12,274
10,3.500,0.900,11,162
10,3.500,0.900,3,76
10,3.500,0.900,4,229
10,3.500,0.900,2,53
10,3.500,0.900,9,107
10,3.500,0.900,7,242
10,3.500,0.900,15,299
10,3.500,0.900,6,153
10,3.500,0.900,4,38
10,3.500,0.900,14,151
10,3.500,0.900,4,161
10,3.500,0.900,7,155
10,3.500,0.900,7,318
10,3.500,0.900,3,237
10,3.500,0.900,21,380
10,3.500,0.900,1,63
10,3.500,0.900,10,529
10,3.500,0.900,2,61
10,3.500,0.900,2,122
10,3.500,0.900,6,28
10,3.500,0.900,21,132
10,3.500,0.900,18,595
10,3.500,0.900,3,252
10,3.500,0.900,5,96
10,3.500,0.900,11,119
10,3.500,0.900,4,101
10,3.500,0.900,3,128
10,3.500,0.900,5,482
10,3.500,0.900,14,62
10,3.500,0.900,17,149
10,3.500,0.900,2,45
10,3.500,0.900,10,166
10,3.500,0.900,2,208
10,3.500,0.900,2,137
10,3.500,0.900,8,90
10,3.500,0.900,17,323
10,3.500,0.900,3,103
10,3.500,0.900,10,389
10,3.500,0.900,6,430
10,3.500,0.900,1,165
10,3.500,0.900,4,59
10,3.500,0.900,5,178
10,3.500,0.900,10,365
10,3.500,0.900,10,327
10,3.500,0.900,6,89
10,3.500,0.900,4,26
10,3.500,0.900,6,246
10,3.500,0.900,3,143
10,3.500,0.900,2,32
10,3.500,0.900,6,552
10,3.500,0.900,10,386
10,3.500,0.900,32,158
10,3.500,0.900,4,184
10,3.500,0.900,12,134
10,3.500,0.900,5,125
10,3.500,0.900,11,56
10,3.500,0.900,13,259
10,3.500,0.900,8,326
10,3.500,0.900,2,105
10,3.500,0.900,11,177
10,3.500,0.900,12,219
10,3.500,0.900,11,638
10,3.500,0.900,1,233
10,3.500,0.900,7,194
10,3.500,0.900,6,147
10,3.500,0.900,22,335
10,3.500,0.900,3,401
10,3.500,0.900,4,33
10,3.500,0.900,20,144
10,3.500,0.900,20,402
10,3.500,0.900,4,145
10,3.500,0.900,9,298
10,3.500,0.900,11,165
10,3.500,0.900,4,599
10,3.500,0.900,18,141
10,3.500,0.900,1,53
10,3.500,0.900,1,51
10,3.500,0.900,5,161
10,3.500,0.900,7,181
10,3.500,0.900,14,191
10,3.500,0.900,13,169
10,3.500,0.900,16,240
10,3.500,0.900,10,267
10,3.500,0.900,9,291
10,3.500,0.900,5,148
10,3.500,0.900,3,185
10,3.500,0.900,4,94
10,3.500,0.900,11,298
10,3.500,0.900,4,177
10,3.500,0.900,7,133
10,3.500,0.900,7,101
10,3.500,0.900,1,53
10,3.500,0.900,16,232
10,3.500,0.900,16,281
10,3.500,0.900,6,214
10,3.500,0.900,5,271
10,3.500,0.900,5,204
10,3.500,0.900,1,32
10,3.500,0.900,7,197
10,3.500,0.900,3,141
10,3.500,0.900,20,426
10,3.500,0.900,9,183
10,3.500,0.900,2,94
10,3.500,0.900,17,254
10,3.500,0.900,2,51
10,3.500,0.950,2,39
10,3.500,0.950,13,290
10,3.500,0.950,8,282
10,3.500,0.950,5,75
10,3.500,0.950,9,364
10,3.500,0.950,2,139
10,3.500,0.950,3,93
10,3.500,0.950,5,148
10,3.500,0.950,16,565
10,3.500,0.950,16,236
10,3.500,0.950,1,73
10,3.500,0.950,6,283
10,3.500,0.950,6,156
10,3.500,0.950,6,413
10,3.500,0.950,4,99
10,3.500,0.950,15,404
10,3.500,0.950,5,249
10,3.500,0.950,3,111
10,3.500,0.950,19,337
10,3.500,0.950,2,86
10,3.500,0.950,7,233
10,3.500,0.950,4,322
10,3.500,0.950,14,168
10,3.500,0.950,9,98
10,3.500,0.950,11,379
10,3.500,0.950,21,348
10,3.500,0.950,15,319
10,3.500,0.950,23,321
10,3.500,0.950,6,282
10,3.500,0.950,2,47
10,3.500,0.950,9,140
10,3.500,0.950,13,316
10,3.500,0.950,10,456
10,3.500,0.950,10,140
10,3.500,0.950,4,177
10,3.500,0.950,4,232
10,3.500,0.950,19,148
10,3.500,0.950,15,199
10,3.500,0.950,2,58
10,3.500,0.950,5,230
10,3.500,0.950,12,548
10,3.500,0.950,10,283
10,3.500,0.950,7,249
10,3.500,0.950,1,116
10,3.500,0.950,27,174
10,3.500,0.950,11,133
10,3.500,0.950,10,231
10,3.500,0.950,6,85
10,3.500,0.950,6,157
10,3.500,0.950,21,337
10,3.500,0.950,3,173
10,3.500,0.950,3,135
10,3.500,0.950,11,131
10,3.500,0.950,8,186
10,3.500,0.950,6,189
10,3.500,0.950,20,334
10,3.500,0.950,11,269
10,3.500,0.950,7,225
10,3.500,0.950,12,133
10,3.500,0.950,11,324
10,3.500,0.950,5,60
10,3.500,0.950,7,265
10,3.500,0.950,7,202
10,3.500,0.950,24,408
10,3.500,0.950,12,500
10,3.500,0.950,18,279
10,3.500,0.950,5,146
10,3.500,0.950,3,95
10,3.500,0.950,2,35
10,3.500,0.950,19,258
10,3.500,0.950,7,452
10,3.500,0.950,6,361
10,3.500,0.950,8,110
10,3.500,0.950,2,213
10,3.500,0.950,5,146
10,3.500,0.950,5,125
10,3.500,0.950,1,205
10,3.500,0.950,2,34
10,3.500,0.950,1,47
10,3.500,0.950,9,111
10,3.500,0.950,1,31
10,3.500,0.950,10,540
10,3.500,0.950,18,120
10,3.500,0.950,31,366
10,3.500,0.950,9,216
10,3.500,0.950,1,330
10,3.500,0.950,9,240
10,3.500,0.950,8,153
10,3.500,0.950,14,237
10,3.500,0.950,9,216
10,3.500,0.950,11,187
10,3.500,0.950,34,266
10,3.500,0.950,5,195
10,3.500,0.950,5,117
10,3.500,0.950,12,273
10,3.500,0.950,1,267
10,3.500,0.950,8,136
10,3.500,0.950,16,256
10,3.500,0.950,9,629
10,3.500,0.950,8,166
10,3.500,0.950,2,179
10,3.500,0.950,8,340
10,3.500,0.950,25,264
10,3.500,0.950,2,175
10,3.500,0.950,6,38
10,3.500,0.950,9,648
10,3.500,0.950,1,165
10,3.500,0.950,2,89
10,3.500,0.950,10,241
10,3.500,0.950,16,141
10,3.500,0.950,2,146
10,3.500,0.950,2,114
10,3.500,0.950,5,101
10,3.500,0.950,6,115
10,3.500,0.950,11,741
10,3.500,0.950,17,160
10,3.500,0.950,3,332
10,3.500,0.950,11,91
10,3.500,0.950,9,63
10,3.500,0.950,4,187
10,3.500,0.950,4,42
10,3.500,0.950,3,67
10,3.500,0.950,11,152
10,3.500,0.950,8,269
10,3.500,0.950,11,82
10,3.500,0.950,6,141
10,3.500,0.950,10,109
10,3.500,0.950,14,217
10,3.500,0.950,9,199
10,3.500,0.950,23,291
10,3.500,0.950,4,226
10,3.500,0.950,6,132
10,3.500,0.950,7,102
10,3.500,0.950,6,63
10,3.500,0.950,1,64
10,3.500,0.950,10,317
10,3.500,0.950,14,259
10,3.500,0.950,4,333
10,3.500,0.950,5,101
10,3.500,0.950,10,132
10,3.500,0.950,1,53
10,3.500,0.950,4,305
10,3.500,0.950,5,126
10,3.500,0.950,13,297
10,3.500,0.950,5,77
10,3.500,0.950,2,240
10,3.500,0.950,10,230
10,3.500,0.950,3,120
10,3.500,0.950,18,399
10,3.500,0.950,34,488
10,3.500,0.950,5,45
10,3.500,0.950,3,99
10,3.500,0.950,5,213
10,3.500,0.950,12,173
10,3.500,0.950,6,43
10,3.500,0.950,7,170
10,3.500,0.950,12,1000
10,3.500,0.950,3,61
10,3.500,0.950,7,673
10,3.500,0.950,26,336
10,3.500,0.950,10,206
10,3.500,0.950,1,58
10,3.500,0.950,6,210
10,3.500,0.950,5,91
10,3.500,0.950,4,68
10,3.500,0.950,6,402
10,3.500,0.950,10,237
10,3.500,0.950,4,100
10,3.500,0.950,3,49
10,3.500,0.950,3,185
10,3.500,0.950,7,310
10,3.500,0.950,13,318
10,3.500,0.950,11,228
10,3.500,0.950,10,431
10,3.500,0.950,8,251
10,3.500,0.950,5,186
10,3.500,0.950,6,223
10,3.500,0.950,4,164
10,3.500,0.950,4,80
10,3.500,0.950,36,276
10,3.500,0.950,6,84
10,3.500,0.950,6,173
10,3.500,0.950,7,51
10,3.500,0.950,6,150
10,3.500,0.950,1,85
10,3.500,0.950,8,255
10,3.500,0.950,16,209
10,3.500,0.950,6,466
10,3.500,0.950,13,318
10,3.500,0.950,6,107
10,3.500,0.950,7,131
10,3.500,0.950,23,267
10,3.500,0.950,1,89
10,3.500,0.950,3,114
10,3.500,0.950,26,136
10,3.500,0.950,10,146
10,3.500,0.950,19,337
10,3.500,0.950,7,149
10,3.500,0.950,4,129
10,3.500,0.950,4,61
10,3.500,0.950,3,493
10,3.500,0.950,7,187
10,3.500,0.950,8,106
10,3.500,0.950,23,450
10,3.500,0.950,4,146
10,3.500,0.950,7,120
10,3.500,0.950,6,446
10,3.500,0.950,9,422
10,3.500,0.950,2,65
10,3.500,0.950,7,140
10,3.500,0.950,1,153
10,3.500,0.950,8,85
10,3.500,0.950,14,130
10,3.500,0.950,14,128
10,3.500,0.950,14,261
10,3.500,0.950,8,244
10,3.500,0.950,11,549
10,3.500,0.950,8,132
10,3.500,0.950,12,262
10,3.500,0.950,12,410
10,3.500,0.950,4,420
10,3.500,0.950,9,409
10,3.500,0.950,5,262
10,3.500,0.950,9,153
10,3.500,0.950,4,19
10,3.500,0.950,13,165
10,3.500,0.950,2,253
10,3.500,0.950,11,186
10,3.500,0.950,3,35
10,3.500,0.950,2,154
10,3.500,0.950,6,72
10,3.500,0.950,1,173
10,3.500,0.950,21,179
10,3.500,0.950,4,186
10,3.500,0.950,10,285
10,3.500,0.950,5,112
10,3.500,0.950,11,292
10,3.500,0.950,5,191
10,3.500,0.950,5,141
10,3.500,0.950,11,159
10,3.500,0.950,4,33
10,3.500,0.950,27,159
10,3.500,0.950,17,119
10,3.500,0.950,5,275
10,3.500,0.950,18,97
10,3.500,0.950,6,216
10,3.500,0.950,11,239
10,3.500,0.950,4,153
10,3.500,0.950,4,305
10,3.500,0.950,8,93
10,3.500,0.950,4,121
10,3.500,0.950,13,335
10,3.500,0.950,9,87
10,3.500,0.950,16,186
10,3.500,0.950,8,239
10,3.500,0.950,2,266
10,3.500,0.950,8,170
10,3.500,0.950,1,203
10,3.500,0.950,17,479
10,3.500,0.950,10,306
10,3.500,0.950,3,113
10,3.500,0.950,4,149
10,3.500,0.950,27,91
10,3.500,0.950,3,130
10,3.500,0.950,9,118
10,3.500,0.950,16,255
10,3.500,0.950,4,118
10,3.500,0.950,15,304
10,3.500,0.950,1,42
10,3.500,0.950,14,73
10,3.500,0.950,6,254
10,3.500,0.950,4,137
10,3.500,0.950,2,70
10,3.500,0.950,4,352
10,3.500,0.950,6,257
10,3.500,0.950,34,311
10,3.500,0.950,28,260
10,3.500,0.950,2,266
10,3.500,0.950,13,108
10,3.500,0.950,18,104
10,3.500,0.950,5,310
10,3.500,0.950,13,204
10,3.500,0.950,14,154
10,3.500,0.950,11,310
10,3.500,0.950,4,22
10,3.500,0.950,22,209
10,3.500,0.950,9,321
10,3.500,0.950,17,364
10,3.500,0.950,4,489
10,3.500,0.950,4,370
10,3.500,0.950,16,266
10,3.500,1.000,8,14
10,3.500,1.000,26,37
10,3.500,1.000,6,10
10,3.500,1.000,2,4
10,3.500,1.000,16,40
10,3.500,1.000,1,6
10,3.500,1.000,6,7
10,3.500,1.000,14,32
10,3.500,1.000,11,25
10,3.500,1.000,6,16
10,3.500,1.000,16,19
10,3.500,1.000,6,15
10,3.500,1.000,2,8
10,3.500,1.000,16,31
10,3.500,1.000,21,27
10,3.500,1.000,11,20
10,3.500,1.000,2,7
10,3.500,1.000,9,26
10,3.500,1.000,1,6
10,3.500,1.000,5,15
10,3.500,1.000,4,8
10,3.500,1.000,7,18
10,3.500,1.000,4,8
10,3.500,1.000,21,34
10,3.500,1.000,7,22
10,3.500,1.000,10,14
10,3.500,1.000,8,15
10,3.500,1.000,11,35
10,3.500,1.000,1,6
10,3.500,1.000,11,33
10,3.500,1.000,9,28
10,3.500,1.000,5,12
10,3.500,1.000,2,6
10,3.500,1.000,2,11
10,3.500,1.000,9,26
10,3.500,1.000,17,23
10,3.500,1.000,2,5
10,3.500,1.000,4,13
10,3.500,1.000,14,30
10,3.500,1.000,10,9
10,3.500,1.000,5,17
10,3.500,1.000,2,5
10,3.500,1.000,11,19
10,3.500,1.000,16,24
10,3.500,1.000,2,7
10,3.500,1.000,4,10
10,3.500,1.000,2,5
10,3.500,1.000,3,6
10,3.500,1.000,5,14
10,3.500,1.000,2,3
10,3.500,1.000,17,27
10,3.500,1.000,22,32
10,3.500,1.000,9,24
10,3.500,1.000,13,22
10,3.500,1.000,2,5
10,3.500,1.000,4,7
10,3.500,1.000,7,15
10,3.500,1.000,4,10
10,3.500,1.000,17,23
10,3.500,1.000,7,26
10,3.500,1.000,5,11
10,3.500,1.000,8,17
10,3.500,1.000,1,1
10,3.500,1.000,11,29
10,3.500,1.000,17,46
10,3.500,1.000,6,9
10,3.500,1.000,1,7
10,3.500,1.000,4,12
10,3.500,1.000,2,5
10,3.500,1.000,12,13
10,3.500,1.000,32,56
10,3.500,1.000,16,22
10,3.500,1.000,11,17
10,3.500,1.000,25,36
10,3.500,1.000,20,36
10,3.500,1.000,13,16
10,3.500,1.000,2,5
10,3.500,1.000,3,11
10,3.500,1.000,17,20
10,3.500,1.000,6,14
10,3.500,1.000,5,12
10,3.500,1.000,2,7
10,3.500,1.000,22,35
10,3.500,1.000,7,21
10,3.500,1.000,5,12
10,3.500,1.000,6,14
10,3.500,1.000,6,15
10,3.500,1.000,10,30
10,3.500,1.000,13,25
10,3.500,1.000,1,7
10,3.500,1.000,17,31
10,3.500,1.000,3,11
10,3.500,1.000,2,5
10,3.500,1.000,12,36
10,3.500,1.000,3,10
10,3.500,1.000,10,20
10,3.500,1.000,12,25
10,3.500,1.000,9,16
10,3.500,1.000,2,9
10,3.500,1.000,4,12
10,3.500,1.000,5,14
10,3.500,1.000,18,23
10,3.500,1.000,13,19
10,3.500,1.000,9,19
10,3.500,1.000,8,20
10,3.500,1.000,4,14
10,3.500,1.000,30,28
10,3.500,1.000,25,29
10,3.500,1.000,6,6
10,3.500,1.000,6,14
10,3.500,1.000,18,36
10,3.500,1.000,13,20
10,3.500,1.000,21,29
10,3.500,1.000,13,14
10,3.500,1.000,6,8
10,3.500,1.000,18,40
10,3.500,1.000,2,7
10,3.500,1.000,21,40
10,3.500,1.000,15,47
10,3.500,1.000,7,19
10,3.500,1.000,3,11
10,3.500,1.000,2,11
10,3.500,1.000,8,20
10,3.500,1.000,8,17
10,3.500,1.000,9,13
10,3.500,1.000,3,10
10,3.500,1.000,11,18
10,3.500,1.000,25,34
10,3.500,1.000,7,15
10,3.500,1.000,11,26
10,3.500,1.000,4,16
10,3.500,1.000,9,28
10,3.500,1.000,9,28
10,3.500,1.000,9,19
10,3.500,1.000,4,15
10,3.500,1.000,2,13
10,3.500,1.000,8,16
10,3.500,1.000,13,27
10,3.500,1.000,10,24
10,3.500,1.000,3,5
10,3.500,1.000,4,7
10,3.500,1.000,5,8
10,3.500,1.000,4,12
10,3.500,1.000,4,9
10,3.500,1.000,3,14
10,3.500,1.000,1,4
10,3.500,1.000,5,12
10,3.500,1.000,3,8
10,3.500,1.000,15,29
10,3.500,1.000,17,39
10,3.500,1.000,28,54
10,3.500,1.000,11,17
10,3.500,1.000,13,18
10,3.500,1.000,5,21
10,3.500,1.000,4,9
10,3.500,1.000,22,29
10,3.500,1.000,4,11
10,3.500,1.000,13,16
10,3.500,1.000,14,15
10,3.500,1.000,1,7
10,3.500,1.000,2,7
10,3.500,1.000,7,13
10,3.500,1.000,8,20
10,3.500,1.000,11,25
10,3.500,1.000,12,30
10,3.500,1.000,8,21
10,3.500,1.000,3,13
10,3.500,1.000,4,15
10,3.500,1.000,24,41
10,3.500,1.000,1,2
10,3.500,1.000,12,32
10,3.500,1.000,8,18
10,3.500,1.000,17,24
10,3.500,1.000,5,13
10,3.500,1.000,15,38
10,3.500,1.000,2,11
10,3.500,1.000,14,38
10,3.500,1.000,2,3
10,3.500,1.000,10,35
10,3.500,1.000,2,6
10,3.500,1.000,4,7
10,3.500,1.000,6,6
10,3.500,1.000,15,26
10,3.500,1.000,15,32
10,3.500,1.000,6,14
10,3.500,1.000,4,8
10,3.500,1.000,12,24
10,3.500,1.000,1,5
10,3.500,1.000,5,8
10,3.500,1.000,5,18
10,3.500,1.000,15,27
10,3.500,1.000,2,4
10,3.500,1.000,22,34
10,3.500,1.000,13,29
10,3.500,1.000,35,49
10,3.500,1.000,9,20
10,3.500,1.000,11,20
10,3.500,1.000,1,5
10,3.500,1.000,11,25
10,3.500,1.000,4,11
10,3.500,1.000,3,17
10,3.500,1.000,16,22
10,3.500,1.000,12,16
10,3.500,1.000,13,32
10,3.500,1.000,9,11
10,3.500,1.000,14,19
10,3.500,1.000,2,4
10,3.500,1.000,8,35
10,3.500,1.000,22,34
10,3.500,1.000,10,7
10,3.500,1.000,10,17
10,3.500,1.000,6,7
10,3.500,1.000,17,30
10,3.500,1.000,5,4
10,3.500,1.000,12,19
10,3.500,1.000,8,21
10,3.500,1.000,4,6
10,3.500,1.000,21,30
10,3.500,1.000,17,46
10,3.500,1.000,9,22
10,3.500,1.000,4,11
10,3.500,1.000,7,15
10,3.500,1.000,12,24
10,3.500,1.000,24,32
10,3.500,1.000,28,44
10,3.500,1.000,5,16
10,3.500,1.000,9,20
10,3.500,1.000,14,24
10,3.500,1.000,6,8
10,3.500,1.000,4,16
10,3.500,1.000,13,24
10,3.500,1.000,5,11
10,3.500,1.000,2,10
10,3.500,1.000,1,3
10,3.500,1.000,2,5
10,3.500,1.000,13,19
10,3.500,1.000,3,4
10,3.500,1.000,7,18
10,3.500,1.000,22,42
10,3.500,1.000,21,41
10,3.500,1.000,2,5
10,3.500,1.000,4,16
10,3.500,1.000,10,21
10,3.500,1.000,2,7
10,3.500,1.000,2,8
10,3.500,1.000,10,15
10,3.500,1.000,22,34
10,3.500,1.000,11,28
10,3.500,1.000,9,22
10,3.500,1.000,2,5
10,3.500,1.000,8,26
10,3.500,1.000,6,9
10,3.500,1.000,1,7
10,3.500,1.000,16,29
10,3.500,1.000,4,10
10,3.500,1.000,3,4
10,3.500,1.000,10,22
10,3.500,1.000,9,13
10,3.500,1.000,16,21
10,3.500,1.000,10,23
10,3.500,1.000,12,12
10,3.500,1.000,2,5
10,3.500,1.000,8,21
10,3.500,1.000,7,17
10,3.500,1.000,11,28
10,3.500,1.000,18,43
10,3.500,1.000,10,28
10,3.500,1.000,3,11
10,3.500,1.000,19,31
10,3.500,1.000,14,28
10,3.500,1.000,4,10
10,3.500,1.000,3,9
10,3.500,1.000,4,13
10,3.500,1.000,10,17
10,3.500,1.000,3,7
10,3.500,1.000,10,24
10,3.500,1.000,7,20
10,3.500,1.000,10,26
10,3.500,1.000,7,18
10,3.500,1.000,8,26
10,3.500,1.000,12,12
10,3.500,1.000,9,26
10,3.500,1.000,8,25
10,3.500,1.000,5,14
10,3.500,1.000,1,7
10,3.500,1.000,4,13
10,3.500,1.000,19,43
11,3.500,0.200,3,50
11,3.500,0.200,11,152
11,3.500,0.200,21,165
11,3.500,0.200,24,387
11,3.500,0.200,12,339
11,3.500,0.200,8,134
11,3.500,0.200,9,366
11,3.500,0.200,4,285
11,3.500,0.200,21,1194
11,3.500,0.200,2,370
11,3.500,0.200,66,763
11,3.500,0.200,8,84
11,3.500,0.200,15,495
11,3.500,0.200,2,122
11,3.500,0.200,9,940
11,3.500,0.200,4,239
11,3.500,0.200,8,298
11,3.500,0.200,1,306
11,3.500,0.200,5,187
11,3.500,0.200,6,810
11,3.500,0.200,13,385
11,3.500,0.200,9,156
11,3.500,0.200,22,82
11,3.500,0.200,26,590
11,3.500,0.200,9,338
11,3.500,0.200,6,325
11,3.500,0.200,5,222
11,3.500,0.200,29,590
11,3.500,0.200,13,302
11,3.500,0.200,4,304
11,3.500,0.200,10,70
11,3.500,0.200,6,552
11,3.500,0.200,3,66
11,3.500,0.200,12,106
11,3.500,0.200,14,944
11,3.500,0.200,5,1103
11,3.500,0.200,11,303
11,3.500,0.200,17,74
11,3.500,0.200,15,324
11,3.500,0.200,27,329
11,3.500,0.200,23,276
11,3.500,0.200,13,207
11,3.500,0.200,4,212
11,3.500,0.200,25,274
11,3.500,0.200,4,365
11,3.500,0.200,17,318
11,3.500,0.200,12,135
11,3.500,0.200,17,377
11,3.500,0.200,13,419
11,3.500,0.200,1,186
11,3.500,0.200,4,242
11,3.500,0.200,8,1072
11,3.500,0.200,6,795
11,3.500,0.200,1,173
11,3.500,0.200,11,370
11,3.500,0.200,11,223
11,3.500,0.200,3,150
11,3.500,0.200,5,429
11,3.500,0.200,4,1082
11,3.500,0.200,21,305
11,3.500,0.200,27,378
11,3.500,0.200,20,750
11,3.500,0.200,8,250
11,3.500,0.200,3,98
11,3.500,0.200,8,291
11,3.500,0.200,2,104
11,3.500,0.200,8,260
11,3.500,0.200,3,64
11,3.500,0.200,5,254
11,3.500,0.200,11,468
11,3.500,0.200,4,181
11,3.500,0.200,3,1665
11,3.500,0.200,5,371
11,3.500,0.200,13,170
11,3.500,0.200,6,102
11,3.500,0.200,8,995
11,3.500,0.200,2,228
11,3.500,0.200,8,370
11,3.500,0.200,5,430
11,3.500,0.200,15,563
11,3.500,0.200,18,166
11,3.500,0.200,7,264
11,3.500,0.200,9,298
11,3.500,0.200,2,43
11,3.500,0.200,19,579
11,3.500,0.200,1,162
11,3.500,0.200,10,152
11,3.500,0.200,5,476
11,3.500,0.200,6,367
11,3.500,0.200,10,473
11,3.500,0.200,9,148
11,3.500,0.200,6,267
11,3.500,0.200,30,708
11,3.500,0.200,30,437
11,3.500,0.200,10,293
11,3.500,0.200,4,62
11,3.500,0.200,14,979
11,3.500,0.200,3,270
11,3.500,0.200,10,190
11,3.500,0.200,10,310
11,3.500,0.200,2,35
11,3.500,0.200,9,188
11,3.500,0.200,3,83
11,3.500,0.200,4,196
11,3.500,0.200,3,779
11,3.500,0.200,5,178
11,3.500,0.200,3,483
11,3.500,0.200,34,679
11,3.500,0.200,5,102
11,3.500,0.200,10,160
11,3.500,0.200,1,64
11,3.500,0.200,4,732
11,3.500,0.200,17,488
11,3.500,0.200,10,1062
11,3.500,0.200,24,385
11,3.500,0.200,2,44
11,3.500,0.200,4,380
11,3.500,0.200,2,79
11,3.500,0.200,18,429
11,3.500,0.200,2,80
11,3.500,0.200,15,237
11,3.500,0.200,30,343
11,3.500,0.200,4,476
11,3.500,0.200,22,431
11,3.500,0.200,13,322
11,3.500,0.200,18,307
11,3.500,0.200,2,52
11,3.500,0.200,21,473
11,3.500,0.200,38,620
11,3.500,0.200,4,26
11,3.500,0.200,9,333
11,3.500,0.200,11,692
11,3.500,0.200,7,252
11,3.500,0.200,13,153
11,3.500,0.200,14,85
11,3.500,0.200,19,418
11,3.500,0.200,6,88
11,3.500,0.200,7,191
11,3.500,0.200,18,272
11,3.500,0.200,13,270
11,3.500,0.200,22,159
11,3.500,0.200,11,371
11,3.500,0.200,8,291
11,3.500,0.200,9,931
11,3.500,0.200,55,434
11,3.500,0.200,1,59
11,3.500,0.200,4,132
11,3.500,0.200,3,70
11,3.500,0.200,17,512
11,3.500,0.200,12,527
11,3.500,0.200,13,839
11,3.500,0.200,3,76
11,3.500,0.200,10,156
11,3.500,0.200,20,526
11,3.500,0.200,10,258
11,3.500,0.200,14,173
11,3.500,0.200,4,209
11,3.500,0.200,1,219
11,3.500,0.200,34,907
11,3.500,0.200,3,222
11,3.500,0.200,32,468
11,3.500,0.200,14,1123
11,3.500,0.200,14,645
11,3.500,0.200,9,216
11,3.500,0.200,10,482
11,3.500,0.200,25,435
11,3.500,0.200,8,197
11,3.500,0.200,5,115
11,3.500,0.200,10,713
11,3.500,0.200,6,112
11,3.500,0.200,11,287
11,3.500,0.200,18,248
11,3.500,0.200,18,144
11,3.500,0.200,5,357
11,3.500,0.200,25,471
11,3.500,0.200,11,269
11,3.500,0.200,6,224
11,3.500,0.200,6,98
11,3.500,0.200,22,542
11,3.500,0.200,6,219
11,3.500,0.200,11,526
11,3.500,0.200,1,190
11,3.500,0.200,8,938
11,3.500,0.200,8,26
11,3.500,0.200,4,526
11,3.500,0.200,7,318
11,3.500,0.200,8,515
11,3.500,0.200,6,707
11,3.500,0.200,6,111
11,3.500,0.200,4,46
11,3.500,0.200,9,131
11,3.500,0.200,6,72
11,3.500,0.200,1,30
11,3.500,0.200,8,92
11,3.500,0.200,19,249
11,3.500,0.200,2,119
11,3.500,0.200,5,205
11,3.500,0.200,13,311
11,3.500,0.200,4,354
11,3.500,0.200,8,442
11,3.500,0.200,14,770
11,3.500,0.200,18,475
11,3.500,0.200,15,575
11,3.500,0.200,12,380
11,3.500,0.200,4,238
11,3.500,0.200,6,380
11,3.500,0.200,7,305
11,3.500,0.200,22,304
11,3.500,0.200,10,170
11,3.500,0.200,9,391
11,3.500,0.200,4,77
11,3.500,0.200,21,280
11,3.500,0.200,25,698
11,3.500,0.200,9,186
11,3.500,0.200,13,139
11,3.500,0.200,18,497
11,3.500,0.200,10,163
11,3.500,0.200,25,261
11,3.500,0.200,6,326
11,3.500,0.200,12,226
11,3.500,0.200,2,70
11,3.500,0.200,6,1273
11,3.500,0.200,10,194
11,3.500,0.200,4,388
11,3.500,0.200,29,208
11,3.500,0.200,12,252
11,3.500,0.200,10,594
11,3.500,0.200,15,341
11,3.500,0.200,13,438
11,3.500,0.200,4,88
11,3.500,0.200,26,316
11,3.500,0.200,35,971
11,3.500,0.200,9,577
11,3.500,0.200,5,95
11,3.500,0.200,9,337
11,3.500,0.200,13,709
11,3.500,0.200,29,421
11,3.500,0.200,3,234
11,3.500,0.200,5,259
11,3.500,0.200,5,457
11,3.500,0.200,3,150
11,3.500,0.200,3,378
11,3.500,0.200,19,502
11,3.500,0.200,6,340
11,3.500,0.200,9,458
11,3.500,0.200,4,47
11,3.500,0.200,20,425
11,3.500,0.200,6,264
11,3.500,0.200,7,118
11,3.500,0.200,12,537
11,3.500,0.200,23,303
11,3.500,0.200,6,86
11,3.500,0.200,13,412
11,3.500,0.200,15,361
11,3.500,0.200,11,748
11,3.500,0.200,7,322
11,3.500,0.200,16,300
11,3.500,0.200,11,479
11,3.500,0.200,5,120
11,3.500,0.200,2,95
11,3.500,0.200,28,518
11,3.500,0.200,8,101
11,3.500,0.200,3,246
11,3.500,0.200,8,271
11,3.500,0.200,8,310
11,3.500,0.200,5,642
11,3.500,0.200,7,109
11,3.500,0.200,3,326
11,3.500,0.200,6,457
11,3.500,0.200,1,70
11,3.500,0.200,16,883
11,3.500,0.200,3,1045
11,3.500,0.200,10,453
11,3.500,0.200,16,443
11,3.500,0.200,17,545
11,3.500,0.200,6,236
11,3.500,0.200,7,562
11,3.500,0.200,20,737
11,3.500,0.200,10,227
11,3.500,0.200,10,136
11,3.500,0.500,11,711
11,3.500,0.500,13,118
11,3.500,0.500,19,269
11,3.500,0.500,9,761
11,3.500,0.500,6,430
11,3.500,0.500,7,186
11,3.500,0.500,8,939
11,3.500,0.500,21,1272
11,3.500,0.500,9,312
11,3.500,0.500,5,251
11,3.500,0.500,23,381
11,3.500,0.500,2,70
11,3.500,0.500,15,288
11,3.500,0.500,5,228
11,3.500,0.500,6,872
11,3.500,0.500,1,187
11,3.500,0.500,21,489
11,3.500,0.500,26,277
11,3.500,0.500,2,139
11,3.500,0.500,4,366
11,3.500,0.500,12,406
11,3.500,0.500,3,62
11,3.500,0.500,5,118
11,3.500,0.500,5,433
11,3.500,0.500,6,440
11,3.500,0.500,14,436
11,3.500,0.500,8,158
11,3.500,0.500,10,510
11,3.500,0.500,6,195
11,3.500,0.500,9,291
11,3.500,0.500,17,254
11,3.500,0.500,4,398
11,3.500,0.500,9,254
11,3.500,0.500,3,136
11,3.500,0.500,5,586
11,3.500,0.500,10,409
11,3.500,0.500,5,314
11,3.500,0.500,4,31
11,3.500,0.500,10,51
11,3.500,0.500,28,685
11,3.500,0.500,5,803
11,3.500,0.500,7,369
11,3.500,0.500,5,170
11,3.500,0.500,15,277
11,3.500,0.500,6,427
11,3.500,0.500,15,385
11,3.500,0.500,7,110
11,3.500,0.500,4,36
11,3.500,0.500,2,206
11,3.500,0.500,3,193
11,3.500,0.500,30,150
11,3.500,0.500,23,545
11,3.500,0.500,3,79
11,3.500,0.500,11,452
11,3.500,0.500,9,159
11,3.500,0.500,5,121
11,3.500,0.500,4,277
11,3.500,0.500,22,264
11,3.500,0.500,11,229
11,3.500,0.500,11,213
11,3.500,0.500,10,333
11,3.500,0.500,8,337
11,3.500,0.500,8,121
11,3.500,0.500,4,86
11,3.500,0.500,8,234
11,3.500,0.500,1,109
11,3.500,0.500,8,548
11,3.500,0.500,1,50
11,3.500,0.500,18,334
11,3.500,0.500,12,621
11,3.500,0.500,11,354
11,3.500,0.500,2,100
11,3.500,0.500,9,226
11,3.500,0.500,17,485
11,3.500,0.500,8,458
11,3.500,0.500,1,44
11,3.500,0.500,13,434
11,3.500,0.500,14,339
11,3.500,0.500,7,302
11,3.500,0.500,4,217
11,3.500,0.500,1,176
11,3.500,0.500,5,442
11,3.500,0.500,11,317
11,3.500,0.500,8,162
11,3.500,0.500,7,228
11,3.500,0.500,7,127
11,3.500,0.500,13,270
11,3.500,0.500,13,558
11,3.500,0.500,1,67
11,3.500,0.500,17,103
11,3.500,0.500,13,803
11,3.500,0.500,3,198
11,3.500,0.500,15,468
11,3.500,0.500,9,290
11,3.500,0.500,11,342
11,3.500,0.500,21,415
11,3.500,0.500,8,312
11,3.500,0.500,10,253
11,3.500,0.500,4,240
11,3.500,0.500,12,727
11,3.500,0.500,8,224
11,3.500,0.500,3,170
11,3.500,0.500,8,226
11,3.500,0.500,15,207
11,3.500,0.500,16,442
11,3.500,0.500,26,339
11,3.500,0.500,5,274
11,3.500,0.500,6,480
11,3.500,0.500,10,254
11,3.500,0.500,20,144
11,3.500,0.500,3,111
11,3.500,0.500,4,403
11,3.500,0.500,20,584
11,3.500,0.500,8,362
11,3.500,0.500,7,826
11,3.500,0.500,11,188
11,3.500,0.500,9,451
11,3.500,0.500,14,262
11,3.500,0.500,14,206
11,3.500,0.500,6,485
11,3.500,0.500,13,393
11,3.500,0.500,4,120
11,3.500,0.500,2,158
11,3.500,0.500,13,299
11,3.500,0.500,17,367
11,3.500,0.500,3,596
11,3.500,0.500,3,242
11,3.500,0.500,8,234
11,3.500,0.500,6,177
11,3.500,0.500,18,511
11,3.500,0.500,5,274
11,3.500,0.500,12,313
11,3.500,0.500,3,365
11,3.500,0.500,3,158
11,3.500,0.500,6,109
11,3.500,0.500,3,223
11,3.500,0.500,12,553
11,3.500,0.500,12,631
11,3.500,0.500,3,498
11,3.500,0.500,8,464
11,3.500,0.500,10,188
11,3.500,0.500,27,379
11,3.500,0.500,2,270
11,3.500,0.500,3,564
11,3.500,0.500,12,307
11,3.500,0.500,6,410
11,3.500,0.500,5,299
11,3.500,0.500,8,833
11,3.500,0.500,45,720
11,3.500,0.500,14,384
11,3.500,0.500,20,320
11,3.500,0.500,14,280
11,3.500,0.500,18,107
11,3.500,0.500,16,524
11,3.500,0.500,10,428
11,3.500,0.500,1,90
11,3.500,0.500,14,576
11,3.500,0.500,19,483
11,3.500,0.500,7,103
11,3.500,0.500,15,349
11,3.500,0.500,7,75
11,3.500,0.500,4,214
11,3.500,0.500,14,331
11,3.500,0.500,5,52
11,3.500,0.500,2,382
11,3.500,0.500,9,585
11,3.500,0.500,3,203
11,3.500,0.500,5,109
11,3.500,0.500,6,242
11,3.500,0.500,10,89
11,3.500,0.500,14,399
11,3.500,0.500,6,187
11,3.500,0.500,13,1386
11,3.500,0.500,23,320
11,3.500,0.500,17,216
11,3.500,0.500,8,229
11,3.500,0.500,13,855
11,3.500,0.500,20,153
11,3.500,0.500,4,132
11,3.500,0.500,19,509
11,3.500,0.500,2,244
11,3.500,0.500,2,174
11,3.500,0.500,9,332
11,3.500,0.500,13,578
11,3.500,0.500,5,318
11,3.500,0.500,4,62
11,3.500,0.500,7,186
11,3.500,0.500,15,129
11,3.500,0.500,10,429
11,3.500,0.500,16,617
11,3.500,0.500,4,627
11,3.500,0.500,8,134
11,3.500,0.500,17,698
11,3.500,0.500,7,210
11,3.500,0.500,3,207
11,3.500,0.500,15,202
11,3.500,0.500,4,103
11,3.500,0.500,24,636
11,3.500,0.500,10,321
11,3.500,0.500,26,552
11,3.500,0.500,14,186
11,3.500,0.500,5,886
11,3.500,0.500,5,217
11,3.500,0.500,6,212
11,3.500,0.500,6,136
11,3.500,0.500,25,301
11,3.500,0.500,8,1152
11,3.500,0.500,4,147
11,3.500,0.500,10,189
11,3.500,0.500,20,879
11,3.500,0.500,4,106
11,3.500,0.500,13,460
11,3.500,0.500,3,286
11,3.500,0.500,10,592
11,3.500,0.500,34,552
11,3.500,0.500,27,1258
11,3.500,0.500,7,405
11,3.500,0.500,5,369
11,3.500,0.500,13,297
11,3.500,0.500,2,27
11,3.500,0.500,1,421
11,3.500,0.500,8,815
11,3.500,0.500,6,72
11,3.500,0.500,25,896
11,3.500,0.500,12,624
11,3.500,0.500,16,113
11,3.500,0.500,7,199
11,3.500,0.500,5,227
11,3.500,0.500,22,487
11,3.500,0.500,4,303
11,3.500,0.500,6,408
11,3.500,0.500,3,259
11,3.500,0.500,26,467
11,3.500,0.500,2,99
11,3.500,0.500,6,97
11,3.500,0.500,11,668
11,3.500,0.500,18,363
11,3.500,0.500,22,398
11,3.500,0.500,13,98
11,3.500,0.500,18,272
11,3.500,0.500,5,374
11,3.500,0.500,3,88
11,3.500,0.500,19,279
11,3.500,0.500,25,373
11,3.500,0.500,2,452
11,3.500,0.500,4,398
11,3.500,0.500,4,97
11,3.500,0.500,12,294
11,3.500,0.500,7,944
11,3.500,0.500,37,157
11,3.500,0.500,4,213
11,3.500,0.500,16,296
11,3.500,0.500,11,191
11,3.500,0.500,13,138
11,3.500,0.500,16,411
11,3.500,0.500,14,179
11,3.500,0.500,3,254
11,3.500,0.500,18,505
11,3.500,0.500,4,86
11,3.500,0.500,8,135
11,3.500,0.500,10,404
11,3.500,0.500,7,315
11,3.500,0.500,18,213
11,3.500,0.500,9,499
11,3.500,0.500,8,347
11,3.500,0.500,12,154
11,3.500,0.500,7,424
11,3.500,0.500,20,303
11,3.500,0.500,2,203
11,3.500,0.500,1,138
11,3.500,0.500,5,515
11,3.500,0.500,27,715
11,3.500,0.500,9,171
11,3.500,0.500,2,94
11,3.500,0.500,2,474
11,3.500,0.500,6,165
11,3.500,0.500,4,34
11,3.500,0.500,10,1051
11,3.500,0.500,3,169
11,3.500,0.500,19,227
11,3.500,0.500,7,365
11,3.500,0.500,4,98
11,3.500,0.500,11,450
11,3.500,0.500,12,312
11,3.500,0.750,16,423
11,3.500,0.750,6,265
11,3.500,0.750,10,167
11,3.500,0.750,3,143
11,3.500,0.750,7,502
11,3.500,0.750,20,419
11,3.500,0.750,34,336
11,3.500,0.750,19,702
11,3.500,0.750,7,142
11,3.500,0.750,4,108
11,3.500,0.750,3,167
11,3.500,0.750,14,618
11,3.500,0.750,9,103
11,3.500,0.750,4,355
11,3.500,0.750,10,270
11,3.500,0.750,8,235
11,3.500,0.750,6,206
11,3.500,0.750,4,78
11,3.500,0.750,7,170
11,3.500,0.750,13,382
11,3.500,0.750,8,242
11,3.500,0.750,16,210
11,3.500,0.750,11,270
11,3.500,0.750,5,294
11,3.500,0.750,5,450
11,3.500,0.750,19,127
11,3.500,0.750,10,230
11,3.500,0.750,8,789
11,3.500,0.750,21,518
11,3.500,0.750,8,126
11,3.500,0.750,8,30
11,3.500,0.750,28,669
11,3.500,0.750,2,46
11,3.500,0.750,16,339
11,3.500,0.750,20,314
11,3.500,0.750,17,526
11,3.500,0.750,9,534
11,3.500,0.750,3,268
11,3.500,0.750,9,221
11,3.500,0.750,16,1807
11,3.500,0.750,10,70
11,3.500,0.750,14,137
11,3.500,0.750,9,546
11,3.500,0.750,9,217
11,3.500,0.750,24,262
11,3.500,0.750,16,260
11,3.500,0.750,19,335
11,3.500,0.750,26,359
11,3.500,0.750,12,320
11,3.500,0.750,4,201
11,3.500,0.750,26,285
11,3.500,0.750,36,358
11,3.500,0.750,12,316
11,3.500,0.750,8,387
11,3.500,0.750,3,363
11,3.500,0.750,15,551
11,3.500,0.750,7,624
11,3.500,0.750,3,421
11,3.500,0.750,3,304
11,3.500,0.750,23,494
11,3.500,0.750,12,1018
11,3.500,0.750,34,755
11,3.500,0.750,10,491
11,3.500,0.750,4,118
11,3.500,0.750,11,262
11,3.500,0.750,3,42
11,3.500,0.750,4,34
11,3.500,0.750,25,198
11,3.500,0.750,1,531
11,3.500,0.750,20,326
11,3.500,0.750,12,155
11,3.500,0.750,12,363
11,3.500,0.750,6,698
11,3.500,0.750,2,1210
11,3.500,0.750,1,56
11,3.500,0.750,4,187
11,3.500,0.750,2,75
11,3.500,0.750,22,988
11,3.500,0.750,21,1019
11,3.500,0.750,7,460
11,3.500,0.750,29,949
11,3.500,0.750,7,180
11,3.500,0.750,1,112
11,3.500,0.750,1,63
11,3.500,0.750,12,486
11,3.500,0.750,10,1052
11,3.500,0.750,33,647
11,3.500,0.750,5,90
11,3.500,0.750,5,282
11,3.500,0.750,16,315
11,3.500,0.750,14,404
11,3.500,0.750,1,63
11,3.500,0.750,7,372
11,3.500,0.750,26,284
11,3.500,0.750,1,178
11,3.500,0.750,25,789
11,3.500,0.750,7,78
11,3.500,0.750,8,407
11,3.500,0.750,26,550
11,3.500,0.750,2,359
11,3.500,0.750,10,322
11,3.500,0.750,4,170
11,3.500,0.750,4,130
11,3.500,0.750,6,117
11,3.500,0.750,18,311
11,3.500,0.750,1,395
11,3.500,0.750,2,110
11,3.500,0.750,5,158
11,3.500,0.750,27,677
11,3.500,0.750,11,258
11,3.500,0.750,4,511
11,3.500,0.750,15,166
11,3.500,0.750,1,538
11,3.500,0.750,39,280
11,3.500,0.750,5,397
11,3.500,0.750,25,543
11,3.500,0.750,4,91
11,3.500,0.750,2,68
11,3.500,0.750,8,308
11,3.500,0.750,11,148
11,3.500,0.750,8,380
11,3.500,0.750,2,514
11,3.500,0.750,26,396
11,3.500,0.750,12,467
11,3.500,0.750,10,1380
11,3.500,0.750,11,91
11,3.500,0.750,28,1439
11,3.500,0.750,18,190
11,3.500,0.750,4,428
11,3.500,0.750,10,726
11,3.500,0.750,15,201
11,3.500,0.750,9,262
11,3.500,0.750,3,74
11,3.500,0.750,4,54
11,3.500,0.750,14,131
11,3.500,0.750,22,376
11,3.500,0.750,14,324
11,3.500,0.750,20,230
11,3.500,0.750,17,954
11,3.500,0.750,8,348
11,3.500,0.750,19,960
11,3.500,0.750,9,484
11,3.500,0.750,1,452
11,3.500,0.750,13,469
11,3.500,0.750,13,378
11,3.500,0.750,4,288
11,3.500,0.750,10,70
11,3.500,0.750,13,373
11,3.500,0.750,9,408
11,3.500,0.750,21,855
11,3.500,0.750,6,76
11,3.500,0.750,8,163
11,3.500,0.750,11,564
11,3.500,0.750,9,277
11,3.500,0.750,6,152
11,3.500,0.750,2,304
11,3.500,0.750,19,213
11,3.500,0.750,12,160
11,3.500,0.750,19,288
11,3.500,0.750,16,234
11,3.500,0.750,8,392
11,3.500,0.750,7,723
11,3.500,0.750,13,622
11,3.500,0.750,15,664
11,3.500,0.750,20,451
11,3.500,0.750,15,236
11,3.500,0.750,5,93
11,3.500,0.750,9,299
11,3.500,0.750,5,477
11,3.500,0.750,14,329
11,3.500,0.750,11,374
11,3.500,0.750,6,527
11,3.500,0.750,2,214
11,3.500,0.750,6,330
11,3.500,0.750,11,120
11,3.500,0.750,11,250
11,3.500,0.750,3,154
11,3.500,0.750,14,83
11,3.500,0.750,8,290
11,3.500,0.750,7,312
11,3.500,0.750,12,500
11,3.500,0.750,9,331
11,3.500,0.750,10,310
11,3.500,0.750,14,766
11,3.500,0.750,1,523
11,3.500,0.750,5,227
11,3.500,0.750,6,228
11,3.500,0.750,5,201
11,3.500,0.750,4,100
11,3.500,0.750,6,252
11,3.500,0.750,4,344
11,3.500,0.750,6,119
11,3.500,0.750,1,96
11,3.500,0.750,8,96
11,3.500,0.750,4,195
11,3.500,0.750,9,254
11,3.500,0.750,41,803
11,3.500,0.750,12,401
11,3.500,0.750,13,747
11,3.500,0.750,5,141
11,3.500,0.750,20,657
11,3.500,0.750,4,110
11,3.500,0.750,2,48
11,3.500,0.750,23,599
11,3.500,0.750,4,202
11,3.500,0.750,6,359
11,3.500,0.750,19,836
11,3.500,0.750,8,229
11,3.500,0.750,9,81
11,3.500,0.750,1,44
11,3.500,0.750,28,425
11,3.500,0.750,18,195
11,3.500,0.750,4,83
11,3.500,0.750,15,778
11,3.500,0.750,5,285
11,3.500,0.750,1,554
11,3.500,0.750,14,206
11,3.500,0.750,3,176
11,3.500,0.750,1,58
11,3.500,0.750,8,236
11,3.500,0.750,7,188
11,3.500,0.750,4,59
11,3.500,0.750,7,688
11,3.500,0.750,8,215
11,3.500,0.750,16,53
11,3.500,0.750,8,294
11,3.500,0.750,28,135
11,3.500,0.750,15,206
11,3.500,0.750,2,266
11,3.500,0.750,6,581
11,3.500,0.750,6,524
11,3.500,0.750,24,185
11,3.500,0.750,2,123
11,3.500,0.750,4,285
11,3.500,0.750,3,234
11,3.500,0.750,2,62
11,3.500,0.750,16,292
11,3.500,0.750,15,371
11,3.500,0.750,11,306
11,3.500,0.750,22,562
11,3.500,0.750,7,507
11,3.500,0.750,7,65
11,3.500,0.750,5,285
11,3.500,0.750,1,52
11,3.500,0.750,13,208
11,3.500,0.750,7,264
11,3.500,0.750,20,1037
11,3.500,0.750,9,228
11,3.500,0.750,2,110
11,3.500,0.750,3,59
11,3.500,0.750,5,99
11,3.500,0.750,18,430
11,3.500,0.750,11,765
11,3.500,0.750,25,723
11,3.500,0.750,6,121
11,3.500,0.750,42,229
11,3.500,0.750,5,180
11,3.500,0.750,34,205
11,3.500,0.750,13,431
11,3.500,0.750,3,186
11,3.500,0.750,4,460
11,3.500,0.750,3,60
11,3.500,0.750,20,312
11,3.500,0.750,2,60
11,3.500,0.750,29,533
11,3.500,0.750,24,448
11,3.500,0.750,17,239
11,3.500,0.750,24,391
11,3.500,0.750,8,153
11,3.500,0.750,20,680
11,3.500,0.750,7,769
11,3.500,0.750,31,439
11,3.500,0.750,14,251
11,3.500,0.750,29,441
11,3.500,0.750,15,349
11,3.500,0.750,15,587
11,3.500,0.750,4,341
11,3.500,0.750,4,417
11,3.500,0.750,14,330
11,3.500,0.750,9,185
11,3.500,0.750,3,677
11,3.500,0.750,6,475
11,3.500,0.750,16,251
11,3.500,0.750,8,270
11,3.500,0.750,3,617
11,3.500,0.750,18,317
11,3.500,0.750,8,210
11,3.500,0.750,5,51
11,3.500,0.750,20,620
11,3.500,0.900,8,299
11,3.500,0.900,19,869
11,3.500,0.900,2,51
11,3.500,0.900,11,207
11,3.500,0.900,17,520
11,3.500,0.900,17,433
11,3.500,0.900,12,508
11,3.500,0.900,14,280
11,3.500,0.900,2,214
11,3.500,0.900,4,116
11,3.500,0.900,3,255
11,3.500,0.900,14,286
11,3.500,0.900,16,1033
11,3.500,0.900,14,153
11,3.500,0.900,12,552
11,3.500,0.900,30,243
11,3.500,0.900,11,218
11,3.500,0.900,10,617
11,3.500,0.900,28,862
11,3.500,0.900,4,128
11,3.500,0.900,27,457
11,3.500,0.900,4,70
11,3.500,0.900,10,298
11,3.500,0.900,11,337
11,3.500,0.900,14,270
11,3.500,0.900,31,333
11,3.500,0.900,2,108
11,3.500,0.900,24,194
11,3.500,0.900,1,202
11,3.500,0.900,8,215
11,3.500,0.900,4,1083
11,3.500,0.900,8,74
11,3.500,0.900,10,370
11,3.500,0.900,4,201
11,3.500,0.900,5,114
11,3.500,0.900,33,165
11,3.500,0.900,7,343
11,3.500,0.900,28,308
11,3.500,0.900,12,226
11,3.500,0.900,3,194
11,3.500,0.900,4,357
11,3.500,0.900,18,416
11,3.500,0.900,4,178
11,3.500,0.900,4,867
11,3.500,0.900,6,608
11,3.500,0.900,2,123
11,3.500,0.900,12,472
11,3.500,0.900,2,44
11,3.500,0.900,8,29
11,3.500,0.900,3,293
11,3.500,0.900,13,308
11,3.500,0.900,8,145
11,3.500,0.900,12,390
11,3.500,0.900,10,271
11,3.500,0.900,9,76
11,3.500,0.900,26,443
11,3.500,0.900,10,389
11,3.500,0.900,13,155
11,3.500,0.900,2,126
11,3.500,0.900,6,220
11,3.500,0.900,10,723
11,3.500,0.900,5,281
11,3.500,0.900,3,118
11,3.500,0.900,6,279
11,3.500,0.900,10,172
11,3.500,0.900,7,131
11,3.500,0.900,29,477
11,3.500,0.900,5,789
11,3.500,0.900,7,100
11,3.500,0.900,6,172
11,3.500,0.900,28,239
11,3.500,0.900,17,177
11,3.500,0.900,8,1162
11,3.500,0.900,9,290
11,3.500,0.900,10,1050
11,3.500,0.900,9,211
11,3.500,0.900,10,636
11,3.500,0.900,7,207
11,3.500,0.900,9,604
11,3.500,0.900,23,743
11,3.500,0.900,19,376
11,3.500,0.900,6,114
11,3.500,0.900,4,242
11,3.500,0.900,8,965
11,3.500,0.900,10,234
11,3.500,0.900,6,1319
11,3.500,0.900,10,191
11,3.500,0.900,10,217
11,3.500,0.900,10,370
11,3.500,0.900,4,428
11,3.500,0.900,3,402
11,3.500,0.900,2,197
11,3.500,0.900,20,481
11,3.500,0.900,15,164
11,3.500,0.900,3,199
11,3.500,0.900,9,174
11,3.500,0.900,16,119
11,3.500,0.900,11,320
11,3.500,0.900,3,136
11,3.500,0.900,2,94
11,3.500,0.900,8,225
11,3.500,0.900,33,221
11,3.500,0.900,2,79
11,3.500,0.900,9,606
11,3.500,0.900,2,122
11,3.500,0.900,7,166
11,3.500,0.900,17,159
11,3.500,0.900,12,357
11,3.500,0.900,20,404
11,3.500,0.900,13,682
11,3.500,0.900,10,367
11,3.500,0.900,35,353
11,3.500,0.900,2,149
11,3.500,0.900,10,211
11,3.500,0.900,10,760
11,3.500,0.900,2,23
11,3.500,0.900,19,295
11,3.500,0.900,6,627
11,3.500,0.900,3,623
11,3.500,0.900,6,317
11,3.500,0.900,2,140
11,3.500,0.900,4,318
11,3.500,0.900,15,525
11,3.500,0.900,7,613
11,3.500,0.900,5,700
11,3.500,0.900,2,54
11,3.500,0.900,7,699
11,3.500,0.900,13,301
11,3.500,0.900,5,274
11,3.500,0.900,1,74
11,3.500,0.900,5,171
11,3.500,0.900,4,94
11,3.500,0.900,8,405
11,3.500,0.900,5,362
11,3.500,0.900,4,175
11,3.500,0.900,13,237
11,3.500,0.900,32,550
11,3.500,0.900,12,500
11,3.500,0.900,12,114
11,3.500,0.900,9,180
11,3.500,0.900,17,577
11,3.500,0.900,8,298
11,3.500,0.900,22,500
11,3.500,0.900,12,262
11,3.500,0.900,30,199
11,3.500,0.900,14,204
11,3.500,0.900,4,234
11,3.500,0.900,5,480
11,3.500,0.900,17,953
11,3.500,0.900,1,50
11,3.500,0.900,3,287
11,3.500,0.900,12,612
11,3.500,0.900,3,193
11,3.500,0.900,16,208
11,3.500,0.900,5,86
11,3.500,0.900,25,859
11,3.500,0.900,12,304
11,3.500,0.900,14,232
11,3.500,0.900,41,254
11,3.500,0.900,39,1067
11,3.500,0.900,1,590
11,3.500,0.900,22,387
11,3.500,0.900,10,287
11,3.500,0.900,18,850
11,3.500,0.900,10,526
11,3.500,0.900,31,600
11,3.500,0.900,18,113
11,3.500,0.900,9,461
11,3.500,0.900,6,50
11,3.500,0.900,3,282
11,3.500,0.900,7,292
11,3.500,0.900,5,525
11,3.500,0.900,12,131
11,3.500,0.900,9,655
11,3.500,0.900,11,692
11,3.500,0.900,7,600
11,3.500,0.900,33,554
11,3.500,0.900,3,145
11,3.500,0.900,6,293
11,3.500,0.900,14,483
11,3.500,0.900,11,109
11,3.500,0.900,3,55
11,3.500,0.900,1,103
11,3.500,0.900,4,104
11,3.500,0.900,4,290
11,3.500,0.900,5,76
11,3.500,0.900,10,295
11,3.500,0.900,4,54
11,3.500,0.900,7,180
11,3.500,0.900,16,295
11,3.500,0.900,5,102
11,3.500,0.900,20,352
11,3.500,0.900,25,293
11,3.500,0.900,7,748
11,3.500,0.900,3,314
11,3.500,0.900,6,157
11,3.500,0.900,13,484
11,3.500,0.900,6,850
11,3.500,0.900,10,321
11,3.500,0.900,4,526
11,3.500,0.900,20,314
11,3.500,0.900,4,38
11,3.500,0.900,35,940
11,3.500,0.900,5,167
11,3.500,0.900,13,526
11,3.500,0.900,12,1064
11,3.500,0.900,23,371
11,3.500,0.900,17,1236
11,3.500,0.900,21,1000
11,3.500,0.900,5,184
11,3.500,0.900,5,248
11,3.500,0.900,13,412
11,3.500,0.900,5,370
11,3.500,0.900,25,690
11,3.500,0.900,19,575
11,3.500,0.900,4,206
11,3.500,0.900,3,174
11,3.500,0.900,18,125
11,3.500,0.900,13,438
11,3.500,0.900,11,328
11,3.500,0.900,5,309
11,3.500,0.900,7,228
11,3.500,0.900,5,57
11,3.500,0.900,11,284
11,3.500,0.900,2,266
11,3.500,0.900,6,332
11,3.500,0.900,2,275
11,3.500,0.900,9,428
11,3.500,0.900,10,446
11,3.500,0.900,9,236
11,3.500,0.900,4,250
11,3.500,0.900,15,415
11,3.500,0.900,11,482
11,3.500,0.900,9,91
11,3.500,0.900,11,403
11,3.500,0.900,8,439
11,3.500,0.900,13,1241
11,3.500,0.900,5,122
11,3.500,0.900,2,42
11,3.500,0.900,7,147
11,3.500,0.900,7,1236
11,3.500,0.900,4,74
11,3.500,0.900,7,214
11,3.500,0.900,5,506
11,3.500,0.900,14,319
11,3.500,0.900,4,334
11,3.500,0.900,15,1178
11,3.500,0.900,6,385
11,3.500,0.900,6,55
11,3.500,0.900,6,356
11,3.500,0.900,3,120
11,3.500,0.900,1,206
11,3.500,0.900,11,181
11,3.500,0.900,7,33
11,3.500,0.900,2,47
11,3.500,0.900,7,304
11,3.500,0.900,7,132
11,3.500,0.900,35,635
11,3.500,0.900,2,299
11,3.500,0.900,15,218
11,3.500,0.900,13,428
11,3.500,0.900,3,402
11,3.500,0.900,19,352
11,3.500,0.900,15,826
11,3.500,0.900,4,341
11,3.500,0.900,14,319
11,3.500,0.900,21,694
11,3.500,0.900,5,316
11,3.500,0.900,18,330
11,3.500,0.900,22,311
11,3.500,0.900,7,288
11,3.500,0.900,4,64
11,3.500,0.900,3,357
11,3.500,0.900,8,636
11,3.500,0.900,4,74
11,3.500,0.900,22,564
11,3.500,0.900,26,292
11,3.500,0.900,8,808
11,3.500,0.900,32,535
11,3.500,0.900,15,596
11,3.500,0.900,27,177
11,3.500,0.900,10,163
11,3.500,0.950,11,1060
11,3.500,0.950,32,580
11,3.500,0.950,26,319
11,3.500,0.950,13,438
11,3.500,0.950,9,1091
11,3.500,0.950,6,85
11,3.500,0.950,6,128
11,3.500,0.950,6,398
11,3.500,0.950,6,1024
11,3.500,0.950,5,129
11,3.500,0.950,10,390
11,3.500,0.950,6,235
11,3.500,0.950,21,302
11,3.500,0.950,8,484
11,3.500,0.950,11,757
11,3.500,0.950,9,730
11,3.500,0.950,7,211
11,3.500,0.950,34,997
11,3.500,0.950,6,139
11,3.500,0.950,12,376
11,3.500,0.950,17,409
11,3.500,0.950,9,253
11,3.500,0.950,16,182
11,3.500,0.950,5,302
11,3.500,0.950,19,258
11,3.500,0.950,10,136
11,3.500,0.950,4,143
11,3.500,0.950,3,438
11,3.500,0.950,5,395
11,3.500,0.950,8,914
11,3.500,0.950,8,99
11,3.500,0.950,11,1267
11,3.500,0.950,7,291
11,3.500,0.950,6,112
11,3.500,0.950,11,222
11,3.500,0.950,9,319
11,3.500,0.950,6,541
11,3.500,0.950,12,428
11,3.500,0.950,20,733
11,3.500,0.950,24,971
11,3.500,0.950,20,219
11,3.500,0.950,24,808
11,3.500,0.950,10,170
11,3.500,0.950,4,155
11,3.500,0.950,12,611
11,3.500,0.950,4,37
11,3.500,0.950,4,59
11,3.500,0.950,15,470
11,3.500,0.950,18,718
11,3.500,0.950,13,562
11,3.500,0.950,5,236
11,3.500,0.950,8,130
11,3.500,0.950,16,188
11,3.500,0.950,4,94
11,3.500,0.950,10,201
11,3.500,0.950,2,133
11,3.500,0.950,21,463
11,3.500,0.950,25,309
11,3.500,0.950,18,797
11,3.500,0.950,11,228
11,3.500,0.950,8,170
11,3.500,0.950,9,232
11,3.500,0.950,4,403
11,3.500,0.950,5,355
11,3.500,0.950,18,849
11,3.500,0.950,9,103
11,3.500,0.950,11,469
11,3.500,0.950,21,180
11,3.500,0.950,1,164
11,3.500,0.950,10,309
11,3.500,0.950,14,205
11,3.500,0.950,5,449
11,3.500,0.950,12,614
11,3.500,0.950,7,293
11,3.500,0.950,9,112
11,3.500,0.950,19,1086
11,3.500,0.950,9,307
11,3.500,0.950,1,218
11,3.500,0.950,4,289
11,3.500,0.950,6,319
11,3.500,0.950,1,310
11,3.500,0.950,16,299
11,3.500,0.950,29,474
11,3.500,0.950,1,405
11,3.500,0.950,18,422
11,3.500,0.950,4,1091
11,3.500,0.950,10,278
11,3.500,0.950,9,224
11,3.500,0.950,9,108
11,3.500,0.950,16,218
11,3.500,0.950,3,590
11,3.500,0.950,7,105
11,3.500,0.950,18,297
11,3.500,0.950,15,184
11,3.500,0.950,22,428
11,3.500,0.950,25,263
11,3.500,0.950,7,410
11,3.500,0.950,22,756
11,3.500,0.950,16,402
11,3.500,0.950,5,405
11,3.500,0.950,19,528
11,3.500,0.950,15,282
11,3.500,0.950,20,470
11,3.500,0.950,5,302
11,3.500,0.950,5,1250
11,3.500,0.950,5,443
11,3.500,0.950,10,126
11,3.500,0.950,11,485
11,3.500,0.950,27,539
11,3.500,0.950,18,212
11,3.500,0.950,25,1036
11,3.500,0.950,26,696
11,3.500,0.950,2,141
11,3.500,0.950,9,70
11,3.500,0.950,24,762
11,3.500,0.950,7,216
11,3.500,0.950,3,158
11,3.500,0.950,15,170
11,3.500,0.950,46,432
11,3.500,0.950,3,100
11,3.500,0.950,3,139
11,3.500,0.950,9,426
11,3.500,0.950,18,474
11,3.500,0.950,25,306
11,3.500,0.950,23,215
11,3.500,0.950,1,270
11,3.500,0.950,2,206
11,3.500,0.950,32,325
11,3.500,0.950,7,815
11,3.500,0.950,16,1049
11,3.500,0.950,13,601
11,3.500,0.950,1,50
11,3.500,0.950,16,371
11,3.500,0.950,9,100
11,3.500,0.950,11,94
11,3.500,0.950,2,126
11,3.500,0.950,9,303
11,3.500,0.950,7,247
11,3.500,0.950,12,112
11,3.500,0.950,15,676
11,3.500,0.950,22,1001
11,3.500,0.950,21,308
11,3.500,0.950,1,208
11,3.500,0.950,3,122
11,3.500,0.950,3,219
11,3.500,0.950,15,520
11,3.500,0.950,12,70
11,3.500,0.950,9,220
11,3.500,0.950,4,95
11,3.500,0.950,13,158
11,3.500,0.950,5,501
11,3.500,0.950,6,97
11,3.500,0.950,11,621
11,3.500,0.950,2,25
11,3.500,0.950,37,527
11,3.500,0.950,4,704
11,3.500,0.950,18,237
11,3.500,0.950,13,346
11,3.500,0.950,12,199
11,3.500,0.950,12,609
11,3.500,0.950,4,135
11,3.500,0.950,11,357
11,3.500,0.950,24,219
11,3.500,0.950,4,214
11,3.500,0.950,1,188
11,3.500,0.950,21,236
11,3.500,0.950,1,62
11,3.500,0.950,13,390
11,3.500,0.950,27,365
11,3.500,0.950,4,212
11,3.500,0.950,7,857
11,3.500,0.950,1,299
11,3.500,0.950,14,385
11,3.500,0.950,23,745
11,3.500,0.950,14,288
11,3.500,0.950,6,241
11,3.500,0.950,10,272
11,3.500,0.950,7,134
11,3.500,0.950,7,322
11,3.500,0.950,5,70
11,3.500,0.950,11,897
11,3.500,0.950,12,226
11,3.500,0.950,9,232
11,3.500,0.950,2,270
11,3.500,0.950,9,1188
11,3.500,0.950,9,318
11,3.500,0.950,2,142
11,3.500,0.950,2,68
11,3.500,0.950,2,297
11,3.500,0.950,8,251
11,3.500,0.950,3,440
11,3.500,0.950,10,746
11,3.500,0.950,45,163
11,3.500,0.950,8,275
11,3.500,0.950,21,478
11,3.500,0.950,3,352
11,3.500,0.950,7,214
11,3.500,0.950,15,398
11,3.500,0.950,3,72
11,3.500,0.950,1,538
11,3.500,0.950,5,134
11,3.500,0.950,9,417
11,3.500,0.950,5,664
11,3.500,0.950,28,345
11,3.500,0.950,8,663
11,3.500,0.950,11,207
11,3.500,0.950,9,164
11,3.500,0.950,6,126
11,3.500,0.950,11,243
11,3.500,0.950,29,263
11,3.500,0.950,2,65
11,3.500,0.950,10,174
11,3.500,0.950,5,68
11,3.500,0.950,6,93
11,3.500,0.950,5,121
11,3.500,0.950,8,177
11,3.500,0.950,5,201
11,3.500,0.950,7,387
11,3.500,0.950,12,170
11,3.500,0.950,5,78
11,3.500,0.950,8,466
11,3.500,0.950,8,545
11,3.500,0.950,9,207
11,3.500,0.950,12,339
11,3.500,0.950,7,372
11,3.500,0.950,16,351
11,3.500,0.950,21,91
11,3.500,0.950,12,200
11,3.500,0.950,17,632
11,3.500,0.950,1,43
11,3.500,0.950,3,134
11,3.500,0.950,6,126
11,3.500,0.950,13,751
11,3.500,0.950,16,156
11,3.500,0.950,11,1143
11,3.500,0.950,7,286
11,3.500,0.950,30,675
11,3.500,0.950,6,204
11,3.500,0.950,2,478
11,3.500,0.950,2,70
11,3.500,0.950,17,373
11,3.500,0.950,11,540
11,3.500,0.950,2,42
11,3.500,0.950,20,740
11,3.500,0.950,1,48
11,3.500,0.950,1,56
11,3.500,0.950,13,348
11,3.500,0.950,20,352
11,3.500,0.950,25,491
11,3.500,0.950,11,882
11,3.500,0.950,2,155
11,3.500,0.950,6,103
11,3.500,0.950,1,245
11,3.500,0.950,13,398
11,3.500,0.950,11,608
11,3.500,0.950,11,358
11,3.500,0.950,9,574
11,3.500,0.950,3,343
11,3.500,0.950,5,123
11,3.500,0.950,13,144
11,3.500,0.950,4,242
11,3.500,0.950,3,95
11,3.500,0.950,8,270
11,3.500,0.950,5,362
11,3.500,0.950,18,510
11,3.500,0.950,9,388
11,3.500,0.950,7,330
11,3.500,0.950,2,102
11,3.500,0.950,7,327
11,3.500,0.950,12,397
11,3.500,0.950,7,77
11,3.500,0.950,9,477
11,3.500,0.950,5,629
11,3.500,0.950,5,148
11,3.500,0.950,10,440
11,3.500,1.000,33,58
11,3.500,1.000,8,19
11,3.500,1.000,49,53
11,3.500,1.000,16,30
11,3.500,1.000,10,24
11,3.500,1.000,5,9
11,3.500,1.000,18,38
11,3.500,1.000,12,21
11,3.500,1.000,9,31
11,3.500,1.000,16,43
11,3.500,1.000,7,23
11,3.500,1.000,6,13
11,3.500,1.000,17,28
11,3.500,1.000,13,40
11,3.500,1.000,7,28
11,3.500,1.000,7,20
11,3.500,1.000,22,31
11,3.500,1.000,14,24
11,3.500,1.000,14,33
11,3.500,1.000,9,20
11,3.500,1.000,14,26
11,3.500,1.000,3,9
11,3.500,1.000,19,34
11,3.500,1.000,9,17
11,3.500,1.000,7,12
11,3.500,1.000,16,36
11,3.500,1.000,34,54
11,3.500,1.000,18,22
11,3.500,1.000,8,16
11,3.500,1.000,24,32
11,3.500,1.000,4,12
11,3.500,1.000,5,15
11,3.500,1.000,16,26
11,3.500,1.000,4,14
11,3.500,1.000,4,6
11,3.500,1.000,5,19
11,3.500,1.000,6,17
11,3.500,1.000,3,9
11,3.500,1.000,4,16
11,3.500,1.000,13,25
11,3.500,1.000,14,27
11,3.500,1.000,10,6
11,3.500,1.000,25,50
11,3.500,1.000,5,14
11,3.500,1.000,12,22
11,3.500,1.000,18,35
11,3.500,1.000,1,7
11,3.500,1.000,7,17
11,3.500,1.000,22,38
11,3.500,1.000,12,23
11,3.500,1.000,33,53
11,3.500,1.000,4,10
11,3.500,1.000,12,21
11,3.500,1.000,13,27
11,3.500,1.000,14,20
11,3.500,1.000,4,19
11,3.500,1.000,7,16
11,3.500,1.000,24,54
11,3.500,1.000,13,35
11,3.500,1.000,25,39
11,3.500,1.000,4,15
11,3.500,1.000,12,26
11,3.500,1.000,5,15
11,3.500,1.000,5,17
11,3.500,1.000,12,10
11,3.500,1.000,6,19
11,3.500,1.000,27,32
11,3.500,1.000,12,12
11,3.500,1.000,4,13
11,3.500,1.000,1,7
11,3.500,1.000,11,30
11,3.500,1.000,2,5
11,3.500,1.000,2,12
11,3.500,1.000,2,7
11,3.500,1.000,16,16
11,3.500,1.000,1,6
11,3.500,1.000,3,13
11,3.500,1.000,5,8
11,3.500,1.000,4,17
11,3.500,1.000,13,18
11,3.500,1.000,11,27
11,3.500,1.000,15,40
11,3.500,1.000,25,45
11,3.500,1.000,4,15
11,3.500,1.000,24,61
11,3.500,1.000,10,21
11,3.500,1.000,6,27
11,3.500,1.000,5,8
11,3.500,1.000,3,11
11,3.500,1.000,13,33
11,3.500,1.000,10,28
11,3.500,1.000,4,13
11,3.500,1.000,11,18
11,3.500,1.000,7,20
11,3.500,1.000,30,27
11,3.500,1.000,10,12
11,3.500,1.000,8,25
11,3.500,1.000,14,19
11,3.500,1.000,9,32
11,3.500,1.000,8,33
11,3.500,1.000,18,33
11,3.500,1.000,16,33
11,3.500,1.000,1,6
11,3.500,1.000,6,17
11,3.500,1.000,6,14
11,3.500,1.000,2,8
11,3.500,1.000,24,56
11,3.500,1.000,3,15
11,3.500,1.000,12,17
11,3.500,1.000,6,7
11,3.500,1.000,22,65
11,3.500,1.000,12,18
11,3.500,1.000,30,36
11,3.500,1.000,20,41
11,3.500,1.000,10,34
11,3.500,1.000,16,39
11,3.500,1.000,11,30
11,3.500,1.000,4,6
11,3.500,1.000,3,5
11,3.500,1.000,10,19
11,3.500,1.000,28,60
11,3.500,1.000,16,35
11,3.500,1.000,5,19
11,3.500,1.000,8,24
11,3.500,1.000,2,6
11,3.500,1.000,20,19
11,3.500,1.000,2,6
11,3.500,1.000,2,6
11,3.500,1.000,8,11
11,3.500,1.000,6,20
11,3.500,1.000,2,4
11,3.500,1.000,12,31
11,3.500,1.000,4,17
11,3.500,1.000,15,37
11,3.500,1.000,10,24
11,3.500,1.000,4,18
11,3.500,1.000,4,14
11,3.500,1.000,2,6
11,3.500,1.000,3,12
11,3.500,1.000,9,18
11,3.500,1.000,4,12
11,3.500,1.000,23,56
11,3.500,1.000,8,25
11,3.500,1.000,8,12
11,3.500,1.000,4,6
11,3.500,1.000,5,16
11,3.500,1.000,6,19
11,3.500,1.000,16,39
11,3.500,1.000,25,40
11,3.500,1.000,6,25
11,3.500,1.000,10,7
11,3.500,1.000,7,20
11,3.500,1.000,20,50
11,3.500,1.000,6,18
11,3.500,1.000,1,6
11,3.500,1.000,3,4
11,3.500,1.000,17,38
11,3.500,1.000,8,23
11,3.500,1.000,6,13
11,3.500,1.000,15,22
11,3.500,1.000,5,9
11,3.500,1.000,8,13
11,3.500,1.000,9,16
11,3.500,1.000,4,8
11,3.500,1.000,9,10
11,3.500,1.000,10,21
11,3.500,1.000,7,17
11,3.500,1.000,5,16
11,3.500,1.000,33,35
11,3.500,1.000,6,9
11,3.500,1.000,1,4
11,3.500,1.000,28,41
11,3.500,1.000,13,33
11,3.500,1.000,9,16
11,3.500,1.000,11,33
11,3.500,1.000,12,24
11,3.500,1.000,1,6
11,3.500,1.000,17,27
11,3.500,1.000,8,16
11,3.500,1.000,17,35
11,3.500,1.000,4,15
11,3.500,1.000,21,47
11,3.500,1.000,19,28
11,3.500,1.000,29,40
11,3.500,1.000,5,17
11,3.500,1.000,1,8
11,3.500,1.000,12,32
11,3.500,1.000,10,25
11,3.500,1.000,5,13
11,3.500,1.000,8,22
11,3.500,1.000,24,32
11,3.500,1.000,7,9
11,3.500,1.000,5,12
11,3.500,1.000,16,32
11,3.500,1.000,7,24
11,3.500,1.000,10,24
11,3.500,1.000,17,37
11,3.500,1.000,14,11
11,3.500,1.000,14,18
11,3.500,1.000,13,36
11,3.500,1.000,15,24
11,3.500,1.000,20,41
11,3.500,1.000,7,11
11,3.500,1.000,9,23
11,3.500,1.000,4,13
11,3.500,1.000,1,6
11,3.500,1.000,8,20
11,3.500,1.000,5,18
11,3.500,1.000,9,13
11,3.500,1.000,10,22
11,3.500,1.000,6,8
11,3.500,1.000,2,14
11,3.500,1.000,10,22
11,3.500,1.000,16,35
11,3.500,1.000,8,25
11,3.500,1.000,11,31
11,3.500,1.000,4,7
11,3.500,1.000,4,9
11,3.500,1.000,5,14
11,3.500,1.000,23,41
11,3.500,1.000,14,18
11,3.500,1.000,9,16
11,3.500,1.000,2,6
11,3.500,1.000,1,9
11,3.500,1.000,6,16
11,3.500,1.000,13,28
11,3.500,1.000,22,20
11,3.500,1.000,6,19
11,3.500,1.000,4,12
11,3.500,1.000,8,20
11,3.500,1.000,4,6
11,3.500,1.000,17,27
11,3.500,1.000,13,30
11,3.500,1.000,10,27
11,3.500,1.000,20,59
11,3.500,1.000,5,23
11,3.500,1.000,7,15
11,3.500,1.000,6,8
11,3.500,1.000,9,15
11,3.500,1.000,4,5
11,3.500,1.000,16,36
11,3.500,1.000,5,11
11,3.500,1.000,2,7
11,3.500,1.000,28,42
11,3.500,1.000,2,15
11,3.500,1.000,8,23
11,3.500,1.000,13,26
11,3.500,1.000,13,30
11,3.500,1.000,14,35
11,3.500,1.000,7,36
11,3.500,1.000,3,7
11,3.500,1.000,15,30
11,3.500,1.000,1,5
11,3.500,1.000,26,60
11,3.500,1.000,13,28
11,3.500,1.000,17,37
11,3.500,1.000,4,17
11,3.500,1.000,11,38
11,3.500,1.000,8,29
11,3.500,1.000,2,7
11,3.500,1.000,1,6
11,3.500,1.000,8,19
11,3.500,1.000,2,10
11,3.500,1.000,4,3
11,3.500,1.000,19,28
11,3.500,1.000,9,18
11,3.500,1.000,19,38
11,3.500,1.000,8,15
11,3.500,1.000,6,15
11,3.500,1.000,5,13
11,3.500,1.000,1,4
11,3.500,1.000,14,44
11,3.500,1.000,4,16
11,3.500,1.000,8,27
11,3.500,1.000,14,23
11,3.500,1.000,9,23
11,3.500,1.000,11,23
11,3.500,1.000,3,6
11,3.500,1.000,7,27
11,3.500,1.000,9,15
11,3.500,1.000,4,9
11,3.500,1.000,7,30
11,3.500,1.000,3,8
11,3.500,1.000,36,55
11,3.500,1.000,11,29
11,3.500,1.000,9,22
12,3.500,0.200,1,59
12,3.500,0.200,46,310
12,3.500,0.200,21,1243
12,3.500,0.200,34,634
12,3.500,0.200,24,417
12,3.500,0.200,34,1350
12,3.500,0.200,10,1530
12,3.500,0.200,9,356
12,3.500,0.200,4,134
12,3.500,0.200,2,43
12,3.500,0.200,5,389
12,3.500,0.200,7,661
12,3.500,0.200,10,282
12,3.500,0.200,44,959
12,3.500,0.200,1,175
12,3.500,0.200,6,709
12,3.500,0.200,5,564
12,3.500,0.200,10,345
12,3.500,0.200,6,487
12,3.500,0.200,10,555
12,3.500,0.200,18,387
12,3.500,0.200,8,116
12,3.500,0.200,47,751
12,3.500,0.200,19,1234
12,3.500,0.200,11,1149
12,3.500,0.200,22,105
12,3.500,0.200,30,531
12,3.500,0.200,11,781
12,3.500,0.200,4,606
12,3.500,0.200,7,398
12,3.500,0.200,13,1001
12,3.500,0.200,5,911
12,3.500,0.200,12,253
12,3.500,0.200,17,376
12,3.500,0.200,24,692
12,3.500,0.200,3,71
12,3.500,0.200,4,1343
12,3.500,0.200,21,576
12,3.500,0.200,7,667
12,3.500,0.200,3,291
12,3.500,0.200,34,1192
12,3.500,0.200,8,766
12,3.500,0.200,4,115
12,3.500,0.200,7,448
12,3.500,0.200,8,198
12,3.500,0.200,6,185
12,3.500,0.200,9,209
12,3.500,0.200,5,667
12,3.500,0.200,25,238
12,3.500,0.200,31,714
12,3.500,0.200,21,1279
12,3.500,0.200,5,339
12,3.500,0.200,20,503
12,3.500,0.200,5,717
12,3.500,0.200,34,1861
12,3.500,0.200,6,88
12,3.500,0.200,28,1765
12,3.500,0.200,22,532
12,3.500,0.200,25,387
12,3.500,0.200,22,270
12,3.500,0.200,9,739
12,3.500,0.200,5,276
12,3.500,0.200,2,111
12,3.500,0.200,7,403
12,3.500,0.200,2,164
12,3.500,0.200,12,719
12,3.500,0.200,16,277
12,3.500,0.200,8,51
12,3.500,0.200,4,299
12,3.500,0.200,15,1275
12,3.500,0.200,23,568
12,3.500,0.200,14,553
12,3.500,0.200,13,483
12,3.500,0.200,7,482
12,3.500,0.200,10,253
12,3.500,0.200,6,185
12,3.500,0.200,9,1012
12,3.500,0.200,32,1007
12,3.500,0.200,30,655
12,3.500,0.200,3,548
12,3.500,0.200,1,173
12,3.500,0.200,15,520
12,3.500,0.200,20,540
12,3.500,0.200,30,852
12,3.500,0.200,4,475
12,3.500,0.200,27,464
12,3.500,0.200,9,1465
12,3.500,0.200,2,47
12,3.500,0.200,36,1986
12,3.500,0.200,11,1839
12,3.500,0.200,5,422
12,3.500,0.200,12,310
12,3.500,0.200,7,766
12,3.500,0.200,21,249
12,3.500,0.200,17,1292
12,3.500,0.200,40,606
12,3.500,0.200,32,746
12,3.500,0.200,27,422
12,3.500,0.200,64,1066
12,3.500,0.200,23,1539
12,3.500,0.200,60,590
12,3.500,0.200,19,1287
12,3.500,0.200,14,287
12,3.500,0.200,34,783
12,3.500,0.200,10,563
12,3.500,0.200,9,308
12,3.500,0.200,26,783
12,3.500,0.200,22,135
12,3.500,0.200,3,158
12,3.500,0.200,5,582
12,3.500,0.200,5,329
12,3.500,0.200,4,131
12,3.500,0.200,2,177
12,3.500,0.200,1,147
12,3.500,0.200,11,663
12,3.500,0.200,10,1044
12,3.500,0.200,1,44
12,3.500,0.200,7,245
12,3.500,0.200,9,319
12,3.500,0.200,12,375
12,3.500,0.200,19,581
12,3.500,0.200,24,531
12,3.500,0.200,20,643
12,3.500,0.200,6,297
12,3.500,0.200,9,600
12,3.500,0.200,6,91
12,3.500,0.200,45,699
12,3.500,0.200,2,45
12,3.500,0.200,13,115
12,3.500,0.200,18,355
12,3.500,0.200,35,722
12,3.500,0.200,8,176
12,3.500,0.200,38,726
12,3.500,0.200,7,837
12,3.500,0.200,16,706
12,3.500,0.200,3,196
12,3.500,0.200,14,49
12,3.500,0.200,9,180
12,3.500,0.200,2,284
12,3.500,0.200,7,379
12,3.500,0.200,54,1351
12,3.500,0.200,40,1670
12,3.500,0.200,5,252
12,3.500,0.200,27,597
12,3.500,0.200,12,537
12,3.500,0.200,4,401
12,3.500,0.200,23,994
12,3.500,0.200,32,1166
12,3.500,0.200,10,456
12,3.500,0.200,17,895
12,3.500,0.200,1,380
12,3.500,0.200,10,370
12,3.500,0.200,11,731
12,3.500,0.200,17,947
12,3.500,0.200,3,446
12,3.500,0.200,8,253
12,3.500,0.200,20,741
12,3.500,0.200,15,603
12,3.500,0.200,59,635
12,3.500,0.200,26,2160
12,3.500,0.200,11,591
12,3.500,0.200,16,415
12,3.500,0.200,14,530
12,3.500,0.200,25,999
12,3.500,0.200,30,1257
12,3.500,0.200,42,1156
12,3.500,0.200,28,1615
12,3.500,0.200,5,249
12,3.500,0.200,10,906
12,3.500,0.200,8,88
12,3.500,0.200,66,2059
12,3.500,0.200,15,652
12,3.500,0.200,69,758
12,3.500,0.200,10,512
12,3.500,0.200,20,501
12,3.500,0.200,37,2442
12,3.500,0.200,13,535
12,3.500,0.200,1,192
12,3.500,0.200,14,766
12,3.500,0.200,2,271
12,3.500,0.200,12,224
12,3.500,0.200,9,548
12,3.500,0.200,31,606
12,3.500,0.200,8,321
12,3.500,0.200,6,431
12,3.500,0.200,18,1479
12,3.500,0.200,21,1948
12,3.500,0.200,33,941
12,3.500,0.200,11,62
12,3.500,0.200,22,230
12,3.500,0.200,22,2463
12,3.500,0.200,4,453
12,3.500,0.200,19,1389
12,3.500,0.200,7,660
12,3.500,0.200,8,482
12,3.500,0.200,50,1139
12,3.500,0.200,16,1038
12,3.500,0.200,37,1109
12,3.500,0.200,17,1250
12,3.500,0.200,6,65
12,3.500,0.200,31,664
12,3.500,0.200,8,259
12,3.500,0.200,31,1224
12,3.500,0.200,21,320
12,3.500,0.200,46,2097
12,3.500,0.200,41,787
12,3.500,0.200,23,630
12,3.500,0.200,8,455
12,3.500,0.200,2,70
12,3.500,0.200,3,55
12,3.500,0.200,6,284
12,3.500,0.200,18,721
12,3.500,0.200,17,550
12,3.500,0.200,14,762
12,3.500,0.200,1,255
12,3.500,0.200,6,604
12,3.500,0.200,2,163
12,3.500,0.200,3,307
12,3.500,0.200,11,978
12,3.500,0.200,12,1886
12,3.500,0.200,3,309
12,3.500,0.200,5,175
12,3.500,0.200,22,587
12,3.500,0.200,23,879
12,3.500,0.200,11,889
12,3.500,0.200,11,1064
12,3.500,0.200,3,419
12,3.500,0.200,2,187
12,3.500,0.200,30,1315
12,3.500,0.200,14,820
12,3.500,0.200,5,230
12,3.500,0.200,24,294
12,3.500,0.200,23,546
12,3.500,0.200,11,216
12,3.500,0.200,11,172
12,3.500,0.200,1,91
12,3.500,0.200,20,666
12,3.500,0.200,11,837
12,3.500,0.200,25,745
12,3.500,0.200,29,1002
12,3.500,0.200,16,240
12,3.500,0.200,5,112
12,3.500,0.200,3,607
12,3.500,0.200,5,249
12,3.500,0.200,13,573
12,3.500,0.200,32,895
12,3.500,0.200,6,342
12,3.500,0.200,4,1426
12,3.500,0.200,4,183
12,3.500,0.200,10,133
12,3.500,0.200,10,217
12,3.500,0.200,44,900
12,3.500,0.200,21,292
12,3.500,0.200,11,745
12,3.500,0.200,8,393
12,3.500,0.200,7,131
12,3.500,0.200,9,315
12,3.500,0.200,10,46
12,3.500,0.200,53,1479
12,3.500,0.200,13,750
12,3.500,0.200,4,176
12,3.500,0.200,16,141
12,3.500,0.200,57,936
12,3.500,0.200,2,187
12,3.500,0.200,14,701
12,3.500,0.200,12,2332
12,3.500,0.200,14,187
12,3.500,0.200,12,683
12,3.500,0.200,40,754
12,3.500,0.200,19,2689
12,3.500,0.200,4,140
12,3.500,0.200,17,700
12,3.500,0.200,8,160
12,3.500,0.200,18,607
12,3.500,0.200,20,781
12,3.500,0.200,1,52
12,3.500,0.200,4,565
12,3.500,0.200,17,116
12,3.500,0.200,64,1474
12,3.500,0.200,4,301
12,3.500,0.200,21,1023
12,3.500,0.200,26,283
12,3.500,0.200,23,430
12,3.500,0.200,19,1386
12,3.500,0.200,4,490
12,3.500,0.200,42,773
12,3.500,0.500,3,183
12,3.500,0.500,2,39
12,3.500,0.500,12,286
12,3.500,0.500,6,602
12,3.500,0.500,18,1554
12,3.500,0.500,58,1375
12,3.500,0.500,1,541
12,3.500,0.500,19,655
12,3.500,0.500,9,717
12,3.500,0.500,31,1731
12,3.500,0.500,8,205
12,3.500,0.500,22,428
12,3.500,0.500,40,591
12,3.500,0.500,6,660
12,3.500,0.500,9,652
12,3.500,0.500,17,476
12,3.500,0.500,30,653
12,3.500,0.500,5,365
12,3.500,0.500,3,1119
12,3.500,0.500,27,686
12,3.500,0.500,29,1111
12,3.500,0.500,10,58
12,3.500,0.500,23,709
12,3.500,0.500,6,514
12,3.500,0.500,18,309
12,3.500,0.500,10,1173
12,3.500,0.500,3,79
12,3.500,0.500,10,250
12,3.500,0.500,6,171
12,3.500,0.500,16,1038
12,3.500,0.500,25,690
12,3.500,0.500,33,1015
12,3.500,0.500,14,1094
12,3.500,0.500,6,72
12,3.500,0.500,18,807
12,3.500,0.500,38,723
12,3.500,0.500,47,640
12,3.500,0.500,2,52
12,3.500,0.500,8,740
12,3.500,0.500,22,2711
12,3.500,0.500,5,335
12,3.500,0.500,48,1266
12,3.500,0.500,8,568
12,3.500,0.500,1,307
12,3.500,0.500,11,262
12,3.500,0.500,12,708
12,3.500,0.500,20,1038
12,3.500,0.500,16,860
12,3.500,0.500,3,201
12,3.500,0.500,3,107
12,3.500,0.500,25,292
12,3.500,0.500,17,853
12,3.500,0.500,12,738
12,3.500,0.500,24,297
12,3.500,0.500,8,550
12,3.500,0.500,28,344
12,3.500,0.500,31,1641
12,3.500,0.500,9,289
12,3.500,0.500,13,614
12,3.500,0.500,2,577
12,3.500,0.500,12,212
12,3.500,0.500,4,300
12,3.500,0.500,9,684
12,3.500,0.500,6,39
12,3.500,0.500,56,1638
12,3.500,0.500,1,42
12,3.500,0.500,36,313
12,3.500,0.500,26,968
12,3.500,0.500,17,330
12,3.500,0.500,20,696
12,3.500,0.500,4,91
12,3.500,0.500,8,565
12,3.500,0.500,6,276
12,3.500,0.500,5,1027
12,3.500,0.500,18,768
12,3.500,0.500,16,677
12,3.500,0.500,5,511
12,3.500,0.500,27,623
12,3.500,0.500,8,378
12,3.500,0.500,20,425
12,3.500,0.500,18,918
12,3.500,0.500,4,79
12,3.500,0.500,6,340
12,3.500,0.500,18,494
12,3.500,0.500,6,131
12,3.500,0.500,7,344
12,3.500,0.500,9,212
12,3.500,0.500,12,328
12,3.500,0.500,3,291
12,3.500,0.500,12,750
12,3.500,0.500,4,488
12,3.500,0.500,9,515
12,3.500,0.500,6,233
12,3.500,0.500,22,339
12,3.500,0.500,9,434
12,3.500,0.500,14,1196
12,3.500,0.500,18,655
12,3.500,0.500,26,289
12,3.500,0.500,46,372
12,3.500,0.500,16,972
12,3.500,0.500,2,485
12,3.500,0.500,16,688
12,3.500,0.500,22,910
12,3.500,0.500,19,567
12,3.500,0.500,10,572
12,3.500,0.500,16,357
12,3.500,0.500,30,456
12,3.500,0.500,11,1087
12,3.500,0.500,1,214
12,3.500,0.500,36,686
12,3.500,0.500,48,1139
12,3.500,0.500,22,736
12,3.500,0.500,13,464
12,3.500,0.500,10,171
12,3.500,0.500,13,211
12,3.500,0.500,4,217
12,3.500,0.500,15,1806
12,3.500,0.500,13,287
12,3.500,0.500,36,1000
12,3.500,0.500,20,719
12,3.500,0.500,20,348
12,3.500,0.500,9,383
12,3.500,0.500,8,135
12,3.500,0.500,6,1706
12,3.500,0.500,13,646
12,3.500,0.500,2,134
12,3.500,0.500,5,329
12,3.500,0.500,9,1301
12,3.500,0.500,38,948
12,3.500,0.500,3,623
12,3.500,0.500,3,104
12,3.500,0.500,27,282
12,3.500,0.500,4,266
12,3.500,0.500,46,926
12,3.500,0.500,20,482
12,3.500,0.500,10,467
12,3.500,0.500,18,399
12,3.500,0.500,20,1663
12,3.500,0.500,21,830
12,3.500,0.500,17,763
12,3.500,0.500,16,575
12,3.500,0.500,18,672
12,3.500,0.500,16,279
12,3.500,0.500,17,2398
12,3.500,0.500,4,220
12,3.500,0.500,11,749
12,3.500,0.500,29,1140
12,3.500,0.500,1,2070
12,3.500,0.500,30,894
12,3.500,0.500,7,1345
12,3.500,0.500,7,220
12,3.500,0.500,14,1432
12,3.500,0.500,33,158
12,3.500,0.500,4,481
12,3.500,0.500,6,583
12,3.500,0.500,41,2302
12,3.500,0.500,10,494
12,3.500,0.500,12,411
12,3.500,0.500,20,525
12,3.500,0.500,5,694
12,3.500,0.500,28,1392
12,3.500,0.500,9,192
12,3.500,0.500,3,272
12,3.500,0.500,2,325
12,3.500,0.500,19,703
12,3.500,0.500,21,389
12,3.500,0.500,15,918
12,3.500,0.500,17,218
12,3.500,0.500,2,167
12,3.500,0.500,4,324
12,3.500,0.500,51,641
12,3.500,0.500,19,255
12,3.500,0.500,14,1413
12,3.500,0.500,15,2095
12,3.500,0.500,17,1448
12,3.500,0.500,4,197
12,3.500,0.500,23,347
12,3.500,0.500,1,87
12,3.500,0.500,5,1084
12,3.500,0.500,2,453
12,3.500,0.500,1,41
12,3.500,0.500,29,636
12,3.500,0.500,11,627
12,3.500,0.500,35,1460
12,3.500,0.500,42,434
12,3.500,0.500,9,195
12,3.500,0.500,71,1027
12,3.500,0.500,27,828
12,3.500,0.500,6,199
12,3.500,0.500,7,316
12,3.500,0.500,14,372
12,3.500,0.500,30,1202
12,3.500,0.500,6,237
12,3.500,0.500,14,1213
12,3.500,0.500,1,964
12,3.500,0.500,32,698
12,3.500,0.500,7,231
12,3.500,0.500,5,173
12,3.500,0.500,28,331
12,3.500,0.500,9,521
12,3.500,0.500,47,1745
12,3.500,0.500,31,1057
12,3.500,0.500,15,191
12,3.500,0.500,32,933
12,3.500,0.500,10,435
12,3.500,0.500,32,390
12,3.500,0.500,11,460
12,3.500,0.500,11,277
12,3.500,0.500,2,92
12,3.500,0.500,2,224
12,3.500,0.500,14,918
12,3.500,0.500,12,1096
12,3.500,0.500,50,1184
12,3.500,0.500,15,543
12,3.500,0.500,27,548
12,3.500,0.500,4,277
12,3.500,0.500,14,1509
12,3.500,0.500,2,127
12,3.500,0.500,16,479
12,3.500,0.500,11,463
12,3.500,0.500,13,702
12,3.500,0.500,1,337
12,3.500,0.500,16,373
12,3.500,0.500,15,153
12,3.500,0.500,22,266
12,3.500,0.500,10,493
12,3.500,0.500,20,552
12,3.500,0.500,12,1011
12,3.500,0.500,12,107
12,3.500,0.500,8,319
12,3.500,0.500,16,121
12,3.500,0.500,14,427
12,3.500,0.500,18,207
12,3.500,0.500,29,320
12,3.500,0.500,17,361
12,3.500,0.500,18,299
12,3.500,0.500,2,207
12,3.500,0.500,8,579
12,3.500,0.500,13,410
12,3.500,0.500,6,44
12,3.500,0.500,13,418
12,3.500,0.500,5,139
12,3.500,0.500,6,342
12,3.500,0.500,11,780
12,3.500,0.500,64,421
12,3.500,0.500,6,510
12,3.500,0.500,18,204
12,3.500,0.500,4,820
12,3.500,0.500,4,564
12,3.500,0.500,1,92
12,3.500,0.500,55,590
12,3.500,0.500,39,806
12,3.500,0.500,14,1582
12,3.500,0.500,5,1814
12,3.500,0.500,8,655
12,3.500,0.500,31,1151
12,3.500,0.500,13,1621
12,3.500,0.500,4,193
12,3.500,0.500,11,1009
12,3.500,0.500,19,675
12,3.500,0.500,14,1110
12,3.500,0.500,13,431
12,3.500,0.500,4,62
12,3.500,0.500,7,289
12,3.500,0.500,13,392
12,3.500,0.500,57,450
12,3.500,0.500,14,609
12,3.500,0.500,10,374
12,3.500,0.500,34,1135
12,3.500,0.500,18,736
12,3.500,0.500,30,571
12,3.500,0.500,5,431
12,3.500,0.500,34,242
12,3.500,0.500,24,730
12,3.500,0.500,51,2232
12,3.500,0.500,3,310
12,3.500,0.500,18,830
12,3.500,0.500,43,1121
12,3.500,0.500,8,500
12,3.500,0.500,31,776
12,3.500,0.500,7,305
12,3.500,0.500,39,945
12,3.500,0.500,8,197
12,3.500,0.500,14,1045
12,3.500,0.500,3,69
12,3.500,0.500,24,729
12,3.500,0.500,5,909
12,3.500,0.500,6,155
12,3.500,0.500,4,997
12,3.500,0.500,10,757
12,3.500,0.500,4,149
12,3.500,0.500,11,360
12,3.500,0.500,21,333
12,3.500,0.500,6,527
12,3.500,0.500,8,130
12,3.500,0.750,28,1023
12,3.500,0.750,24,824
12,3.500,0.750,17,446
12,3.500,0.750,26,578
12,3.500,0.750,5,254
12,3.500,0.750,26,384
12,3.500,0.750,6,379
12,3.500,0.750,13,1104
12,3.500,0.750,21,342
12,3.500,0.750,14,267
12,3.500,0.750,8,370
12,3.500,0.750,5,569
12,3.500,0.750,18,742
12,3.500,0.750,16,304
12,3.500,0.750,10,612
12,3.500,0.750,13,804
12,3.500,0.750,25,404
12,3.500,0.750,4,194
12,3.500,0.750,4,574
12,3.500,0.750,13,399
12,3.500,0.750,32,1495
12,3.500,0.750,11,447
12,3.500,0.750,24,662
12,3.500,0.750,21,1065
12,3.500,0.750,10,455
12,3.500,0.750,2,311
12,3.500,0.750,5,255
12,3.500,0.750,12,1233
12,3.500,0.750,7,390
12,3.500,0.750,9,1236
12,3.500,0.750,13,452
12,3.500,0.750,20,909
12,3.500,0.750,5,1003
12,3.500,0.750,17,941
12,3.500,0.750,13,1627
12,3.500,0.750,22,401
12,3.500,0.750,6,220
12,3.500,0.750,2,77
12,3.500,0.750,11,617
12,3.500,0.750,20,1432
12,3.500,0.750,5,1221
12,3.500,0.750,23,417
12,3.500,0.750,19,377
12,3.500,0.750,13,241
12,3.500,0.750,36,1599
12,3.500,0.750,10,500
12,3.500,0.750,32,623
12,3.500,0.750,52,242
12,3.500,0.750,53,440
12,3.500,0.750,3,1410
12,3.500,0.750,6,464
12,3.500,0.750,5,199
12,3.500,0.750,9,212
12,3.500,0.750,34,720
12,3.500,0.750,56,837
12,3.500,0.750,24,412
12,3.500,0.750,29,1122
12,3.500,0.750,14,430
12,3.500,0.750,3,326
12,3.500,0.750,3,125
12,3.500,0.750,20,1064
12,3.500,0.750,30,518
12,3.500,0.750,15,910
12,3.500,0.750,6,285
12,3.500,0.750,11,198
12,3.500,0.750,19,514
12,3.500,0.750,33,694
12,3.500,0.750,7,1191
12,3.500,0.750,20,1288
12,3.500,0.750,23,504
12,3.500,0.750,9,201
12,3.500,0.750,10,411
12,3.500,0.750,7,189
12,3.500,0.750,7,482
12,3.500,0.750,10,506
12,3.500,0.750,20,1308
12,3.500,0.750,9,525
12,3.500,0.750,10,828
12,3.500,0.750,3,493
12,3.500,0.750,4,163
12,3.500,0.750,14,175
12,3.500,0.750,5,533
12,3.500,0.750,10,467
12,3.500,0.750,2,61
12,3.500,0.750,7,692
12,3.500,0.750,3,180
12,3.500,0.750,39,223
12,3.500,0.750,4,107
12,3.500,0.750,14,862
12,3.500,0.750,5,167
12,3.500,0.750,8,776
12,3.500,0.750,13,722
12,3.500,0.750,11,502
12,3.500,0.750,23,803
12,3.500,0.750,14,322
12,3.500,0.750,10,538
12,3.500,0.750,26,1064
12,3.500,0.750,19,472
12,3.500,0.750,23,399
12,3.500,0.750,3,164
12,3.500,0.750,11,432
12,3.500,0.750,21,669
12,3.500,0.750,10,394
12,3.500,0.750,10,434
12,3.500,0.750,25,706
12,3.500,0.750,4,288
12,3.500,0.750,28,1296
12,3.500,0.750,6,315
12,3.500,0.750,4,76
12,3.500,0.750,3,117
12,3.500,0.750,28,1105
12,3.500,0.750,15,1549
12,3.500,0.750,6,129
12,3.500,0.750,1,215
12,3.500,0.750,15,195
12,3.500,0.750,14,519
12,3.500,0.750,6,320
12,3.500,0.750,14,418
12,3.500,0.750,26,958
12,3.500,0.750,37,1051
12,3.500,0.750,5,1323
12,3.500,0.750,8,491
12,3.500,0.750,12,394
12,3.500,0.750,42,806
12,3.500,0.750,10,556
12,3.500,0.750,24,1336
12,3.500,0.750,3,252
12,3.500,0.750,8,387
12,3.500,0.750,1,315
12,3.500,0.750,8,602
12,3.500,0.750,23,1889
12,3.500,0.750,22,783
12,3.500,0.750,7,659
12,3.500,0.750,1,301
12,3.500,0.750,11,1178
12,3.500,0.750,17,282
12,3.500,0.750,19,1117
12,3.500,0.750,2,255
12,3.500,0.750,6,363
12,3.500,0.750,44,1140
12,3.500,0.750,17,139
12,3.500,0.750,20,848
12,3.500,0.750,2,319
12,3.500,0.750,3,343
12,3.500,0.750,5,203
12,3.500,0.750,5,863
12,3.500,0.750,9,764
12,3.500,0.750,6,407
12,3.500,0.750,7,908
12,3.500,0.750,17,2003
12,3.500,0.750,45,935
12,3.500,0.750,7,829
12,3.500,0.750,21,3607
12,3.500,0.750,3,207
12,3.500,0.750,13,252
12,3.500,0.750,2,62
12,3.500,0.750,13,264
12,3.500,0.750,15,468
12,3.500,0.750,18,467
12,3.500,0.750,27,324
12,3.500,0.750,51,669
12,3.500,0.750,10,938
12,3.500,0.750,6,108
12,3.500,0.750,10,408
12,3.500,0.750,8,204
12,3.500,0.750,15,355
12,3.500,0.750,31,747
12,3.500,0.750,21,661
12,3.500,0.750,6,133
12,3.500,0.750,11,1016
12,3.500,0.750,8,247
12,3.500,0.750,8,726
12,3.500,0.750,8,720
12,3.500,0.750,15,859
12,3.500,0.750,4,183
12,3.500,0.750,16,443
12,3.500,0.750,28,1175
12,3.500,0.750,32,475
12,3.500,0.750,20,621
12,3.500,0.750,38,688
12,3.500,0.750,11,309
12,3.500,0.750,69,452
12,3.500,0.750,14,1020
12,3.500,0.750,11,705
12,3.500,0.750,15,229
12,3.500,0.750,6,139
12,3.500,0.750,17,639
12,3.500,0.750,16,805
12,3.500,0.750,8,675
12,3.500,0.750,66,859
12,3.500,0.750,10,473
12,3.500,0.750,1,421
12,3.500,0.750,15,1381
12,3.500,0.750,10,879
12,3.500,0.750,40,888
12,3.500,0.750,24,167
12,3.500,0.750,17,2069
12,3.500,0.750,2,178
12,3.500,0.750,3,347
12,3.500,0.750,10,221
12,3.500,0.750,4,314
12,3.500,0.750,6,470
12,3.500,0.750,27,719
12,3.500,0.750,12,333
12,3.500,0.750,1,25
12,3.500,0.750,4,944
12,3.500,0.750,6,555
12,3.500,0.750,9,663
12,3.500,0.750,13,792
12,3.500,0.750,41,630
12,3.500,0.750,6,156
12,3.500,0.750,10,439
12,3.500,0.750,1,771
12,3.500,0.750,9,668
12,3.500,0.750,5,258
12,3.500,0.750,6,604
12,3.500,0.750,5,432
12,3.500,0.750,32,160
12,3.500,0.750,9,679
12,3.500,0.750,27,1406
12,3.500,0.750,11,807
12,3.500,0.750,29,667
12,3.500,0.750,8,433
12,3.500,0.750,6,533
12,3.500,0.750,24,1948
12,3.500,0.750,9,550
12,3.500,0.750,7,332
12,3.500,0.750,2,111
12,3.500,0.750,4,331
12,3.500,0.750,17,385
12,3.500,0.750,10,213
12,3.500,0.750,32,445
12,3.500,0.750,14,219
12,3.500,0.750,8,1099
12,3.500,0.750,13,547
12,3.500,0.750,15,748
12,3.500,0.750,16,487
12,3.500,0.750,5,159
12,3.500,0.750,19,392
12,3.500,0.750,12,508
12,3.500,0.750,3,510
12,3.500,0.750,16,682
12,3.500,0.750,24,202
12,3.500,0.750,4,342
12,3.500,0.750,12,131
12,3.500,0.750,4,655
12,3.500,0.750,6,524
12,3.500,0.750,30,1354
12,3.500,0.750,7,196
12,3.500,0.750,35,466
12,3.500,0.750,30,506
12,3.500,0.750,30,761
12,3.500,0.750,61,1338
12,3.500,0.750,6,469
12,3.500,0.750,8,225
12,3.500,0.750,24,641
12,3.500,0.750,3,271
12,3.500,0.750,28,1023
12,3.500,0.750,17,1200
12,3.500,0.750,15,196
12,3.500,0.750,18,410
12,3.500,0.750,5,1016
12,3.500,0.750,4,329
12,3.500,0.750,10,962
12,3.500,0.750,51,1076
12,3.500,0.750,7,171
12,3.500,0.750,3,208
12,3.500,0.750,11,561
12,3.500,0.750,4,107
12,3.500,0.750,2,207
12,3.500,0.750,18,1244
12,3.500,0.750,23,285
12,3.500,0.750,1,103
12,3.500,0.750,15,854
12,3.500,0.750,17,199
12,3.500,0.750,21,526
12,3.500,0.750,16,369
12,3.500,0.750,10,613
12,3.500,0.750,14,328
12,3.500,0.750,1,900
12,3.500,0.750,13,892
12,3.500,0.750,1,241
12,3.500,0.750,6,280
12,3.500,0.750,6,263
12,3.500,0.750,15,551
12,3.500,0.750,3,958
12,3.500,0.750,3,545
12,3.500,0.750,10,574
12,3.500,0.750,19,1551
12,3.500,0.750,6,1388
12,3.500,0.900,10,254
12,3.500,0.900,15,574
12,3.500,0.900,4,461
12,3.500,0.900,14,1072
12,3.500,0.900,5,129
12,3.500,0.900,1,79
12,3.500,0.900,4,678
12,3.500,0.900,9,797
12,3.500,0.900,12,531
12,3.500,0.900,25,621
12,3.500,0.900,1,269
12,3.500,0.900,12,1081
12,3.500,0.900,1,235
12,3.500,0.900,17,627
12,3.500,0.900,50,423
12,3.500,0.900,39,1423
12,3.500,0.900,43,1082
12,3.500,0.900,6,205
12,3.500,0.900,19,1572
12,3.500,0.900,19,717
12,3.500,0.900,2,605
12,3.500,0.900,15,240
12,3.500,0.900,17,439
12,3.500,0.900,6,565
12,3.500,0.900,10,761
12,3.500,0.900,4,579
12,3.500,0.900,6,453
12,3.500,0.900,7,383
12,3.500,0.900,13,112
12,3.500,0.900,3,309
12,3.500,0.900,15,1776
12,3.500,0.900,1,341
12,3.500,0.900,28,742
12,3.500,0.900,27,159
12,3.500,0.900,22,662
12,3.500,0.900,2,402
12,3.500,0.900,7,668
12,3.500,0.900,14,1754
12,3.500,0.900,16,655
12,3.500,0.900,6,2264
12,3.500,0.900,2,331
12,3.500,0.900,19,721
12,3.500,0.900,6,164
12,3.500,0.900,17,473
12,3.500,0.900,16,379
12,3.500,0.900,16,278
12,3.500,0.900,2,1367
12,3.500,0.900,13,777
12,3.500,0.900,39,494
12,3.500,0.900,65,1359
12,3.500,0.900,4,362
12,3.500,0.900,17,391
12,3.500,0.900,20,633
12,3.500,0.900,28,340
12,3.500,0.900,1,400
12,3.500,0.900,4,157
12,3.500,0.900,3,267
12,3.500,0.900,20,763
12,3.500,0.900,19,1342
12,3.500,0.900,3,296
12,3.500,0.900,24,1296
12,3.500,0.900,25,103
12,3.500,0.900,15,1368
12,3.500,0.900,28,689
12,3.500,0.900,29,1149
12,3.500,0.900,28,1341
12,3.500,0.900,33,667
12,3.500,0.900,3,987
12,3.500,0.900,11,156
12,3.500,0.900,11,601
12,3.500,0.900,2,217
12,3.500,0.900,13,649
12,3.500,0.900,11,805
12,3.500,0.900,38,236
12,3.500,0.900,2,284
12,3.500,0.900,3,161
12,3.500,0.900,25,573
12,3.500,0.900,38,544
12,3.500,0.900,18,279
12,3.500,0.900,6,357
12,3.500,0.900,3,592
12,3.500,0.900,8,258
12,3.500,0.900,4,38
12,3.500,0.900,10,718
12,3.500,0.900,14,210
12,3.500,0.900,26,303
12,3.500,0.900,13,261
12,3.500,0.900,18,1651
12,3.500,0.900,6,453
12,3.500,0.900,12,131
12,3.500,0.900,22,1128
12,3.500,0.900,4,322
12,3.500,0.900,34,787
12,3.500,0.900,1,1093
12,3.500,0.900,1,47
12,3.500,0.900,16,601
12,3.500,0.900,8,290
12,3.500,0.900,2,69
12,3.500,0.900,8,285
12,3.500,0.900,16,359
12,3.500,0.900,7,840
12,3.500,0.900,3,602
12,3.500,0.900,20,257
12,3.500,0.900,2,99
12,3.500,0.900,11,455
12,3.500,0.900,3,241
12,3.500,0.900,9,1124
12,3.500,0.900,28,743
12,3.500,0.900,3,496
12,3.500,0.900,16,339
12,3.500,0.900,18,295
12,3.500,0.900,17,528
12,3.500,0.900,19,1313
12,3.500,0.900,10,296
12,3.500,0.900,27,403
12,3.500,0.900,7,304
12,3.500,0.900,4,146
12,3.500,0.900,1,42
12,3.500,0.900,2,1113
12,3.500,0.900,22,1010
12,3.500,0.900,5,533
12,3.500,0.900,4,486
12,3.500,0.900,10,361
12,3.500,0.900,1,80
12,3.500,0.900,6,969
12,3.500,0.900,29,984
12,3.500,0.900,2,99
12,3.500,0.900,14,1030
12,3.500,0.900,14,421
12,3.500,0.900,15,1270
12,3.500,0.900,9,163
12,3.500,0.900,2,67
12,3.500,0.900,13,395
12,3.500,0.900,4,182
12,3.500,0.900,22,175
12,3.500,0.900,29,1751
12,3.500,0.900,15,563
12,3.500,0.900,37,1263
12,3.500,0.900,8,600
12,3.500,0.900,44,1074
12,3.500,0.900,5,308
12,3.500,0.900,38,705
12,3.500,0.900,23,1307
12,3.500,0.900,9,1605
12,3.500,0.900,21,257
12,3.500,0.900,7,297
12,3.500,0.900,2,180
12,3.500,0.900,10,892
12,3.500,0.900,8,627
12,3.500,0.900,2,100
12,3.500,0.900,25,829
12,3.500,0.900,12,119
12,3.500,0.900,29,2397
12,3.500,0.900,8,413
12,3.500,0.900,5,805
12,3.500,0.900,1,587
12,3.500,0.900,16,132
12,3.500,0.900,34,162
12,3.500,0.900,11,997
12,3.500,0.900,11,473
12,3.500,0.900,9,997
12,3.500,0.900,49,1310
12,3.500,0.900,16,82
12,3.500,0.900,11,257
12,3.500,0.900,5,720
12,3.500,0.900,1,67
12,3.500,0.900,7,504
12,3.500,0.900,17,802
12,3.500,0.900,6,711
12,3.500,0.900,9,339
12,3.500,0.900,19,888
12,3.500,0.900,10,736
12,3.500,0.900,10,1419
12,3.500,0.900,28,896
12,3.500,0.900,13,218
12,3.500,0.900,5,786
12,3.500,0.900,2,829
12,3.500,0.900,2,415
12,3.500,0.900,5,146
12,3.500,0.900,7,521
12,3.500,0.900,17,616
12,3.500,0.900,15,863
12,3.500,0.900,1,149
12,3.500,0.900,14,426
12,3.500,0.900,7,526
12,3.500,0.900,13,220
12,3.500,0.900,7,303
12,3.500,0.900,4,556
12,3.500,0.900,25,1242
12,3.500,0.900,7,1070
12,3.500,0.900,12,520
12,3.500,0.900,7,294
12,3.500,0.900,6,699
12,3.500,0.900,10,737
12,3.500,0.900,12,1924
12,3.500,0.900,28,665
12,3.500,0.900,20,210
12,3.500,0.900,9,1963
12,3.500,0.900,14,343
12,3.500,0.900,32,982
12,3.500,0.900,25,151
12,3.500,0.900,11,1184
12,3.500,0.900,12,263
12,3.500,0.900,2,275
12,3.500,0.900,22,500
12,3.500,0.900,41,1101
12,3.500,0.900,37,522
12,3.500,0.900,16,143
12,3.500,0.900,4,253
12,3.500,0.900,3,304
12,3.500,0.900,19,585
12,3.500,0.900,3,131
12,3.500,0.900,17,731
12,3.500,0.900,18,1015
12,3.500,0.900,13,214
12,3.500,0.900,2,153
12,3.500,0.900,29,299
12,3.500,0.900,27,877
12,3.500,0.900,1,203
12,3.500,0.900,9,653
12,3.500,0.900,13,619
12,3.500,0.900,38,577
12,3.500,0.900,22,337
12,3.500,0.900,9,636
12,3.500,0.900,6,150
12,3.500,0.900,25,2427
12,3.500,0.900,1,333
12,3.500,0.900,16,487
12,3.500,0.900,6,191
12,3.500,0.900,14,1048
12,3.500,0.900,11,399
12,3.500,0.900,25,958
12,3.500,0.900,5,980
12,3.500,0.900,31,1110
12,3.500,0.900,7,1305
12,3.500,0.900,7,414
12,3.500,0.900,27,798
12,3.500,0.900,6,452
12,3.500,0.900,6,650
12,3.500,0.900,13,895
12,3.500,0.900,2,649
12,3.500,0.900,17,268
12,3.500,0.900,4,55
12,3.500,0.900,8,232
12,3.500,0.900,59,442
12,3.500,0.900,8,547
12,3.500,0.900,10,311
12,3.500,0.900,8,887
12,3.500,0.900,5,195
12,3.500,0.900,4,394
12,3.500,0.900,16,285
12,3.500,0.900,2,80
12,3.500,0.900,65,766
12,3.500,0.900,19,651
12,3.500,0.900,2,511
12,3.500,0.900,4,180
12,3.500,0.900,3,852
12,3.500,0.900,2,83
12,3.500,0.900,15,895
12,3.500,0.900,20,544
12,3.500,0.900,19,620
12,3.500,0.900,13,367
12,3.500,0.900,4,113
12,3.500,0.900,24,635
12,3.500,0.900,16,869
12,3.500,0.900,14,579
12,3.500,0.900,13,1059
12,3.500,0.900,7,1964
12,3.500,0.900,15,265
12,3.500,0.900,10,126
12,3.500,0.900,21,644
12,3.500,0.900,5,206
12,3.500,0.900,5,228
12,3.500,0.900,12,98
12,3.500,0.900,14,1015
12,3.500,0.900,8,652
12,3.500,0.900,21,1075
12,3.500,0.900,6,402
12,3.500,0.900,19,605
12,3.500,0.900,17,432
12,3.500,0.900,30,994
12,3.500,0.900,7,596
12,3.500,0.900,17,907
12,3.500,0.900,19,240
12,3.500,0.950,13,344
12,3.500,0.950,1,179
12,3.500,0.950,6,559
12,3.500,0.950,1,84
12,3.500,0.950,35,801
12,3.500,0.950,3,592
12,3.500,0.950,10,243
12,3.500,0.950,7,324
12,3.500,0.950,16,439
12,3.500,0.950,8,840
12,3.500,0.950,15,812
12,3.500,0.950,6,95
12,3.500,0.950,2,85
12,3.500,0.950,10,503
12,3.500,0.950,18,941
12,3.500,0.950,58,892
12,3.500,0.950,11,343
12,3.500,0.950,2,344
12,3.500,0.950,13,185
12,3.500,0.950,13,418
12,3.500,0.950,5,323
12,3.500,0.950,6,177
12,3.500,0.950,6,135
12,3.500,0.950,18,541
12,3.500,0.950,18,750
12,3.500,0.950,11,400
12,3.500,0.950,12,363
12,3.500,0.950,34,345
12,3.500,0.950,11,627
12,3.500,0.950,18,550
12,3.500,0.950,5,483
12,3.500,0.950,25,237
12,3.500,0.950,4,75
12,3.500,0.950,4,205
12,3.500,0.950,13,775
12,3.500,0.950,15,838
12,3.500,0.950,13,363
12,3.500,0.950,27,436
12,3.500,0.950,8,99
12,3.500,0.950,31,764
12,3.500,0.950,8,659
12,3.500,0.950,6,77
12,3.500,0.950,9,961
12,3.500,0.950,10,308
12,3.500,0.950,19,530
12,3.500,0.950,13,246
12,3.500,0.950,22,579
12,3.500,0.950,1,90
12,3.500,0.950,12,273
12,3.500,0.950,8,354
12,3.500,0.950,8,437
12,3.500,0.950,20,702
12,3.500,0.950,21,996
12,3.500,0.950,8,687
12,3.500,0.950,4,135
12,3.500,0.950,21,843
12,3.500,0.950,10,596
12,3.500,0.950,33,681
12,3.500,0.950,24,249
12,3.500,0.950,27,618
12,3.500,0.950,9,448
12,3.500,0.950,21,379
12,3.500,0.950,15,1053
12,3.500,0.950,14,585
12,3.500,0.950,14,361
12,3.500,0.950,30,304
12,3.500,0.950,21,232
12,3.500,0.950,11,374
12,3.500,0.950,25,259
12,3.500,0.950,8,35
12,3.500,0.950,9,610
12,3.500,0.950,30,172
12,3.500,0.950,9,409
12,3.500,0.950,23,482
12,3.500,0.950,8,340
12,3.500,0.950,7,562
12,3.500,0.950,26,165
12,3.500,0.950,14,193
12,3.500,0.950,13,783
12,3.500,0.950,9,878
12,3.500,0.950,10,444
12,3.500,0.950,15,497
12,3.500,0.950,15,220
12,3.500,0.950,8,173
12,3.500,0.950,8,566
12,3.500,0.950,11,233
12,3.500,0.950,16,498
12,3.500,0.950,30,1177
12,3.500,0.950,46,885
12,3.500,0.950,18,377
12,3.500,0.950,1,651
12,3.500,0.950,52,533
12,3.500,0.950,13,614
12,3.500,0.950,8,382
12,3.500,0.950,8,239
12,3.500,0.950,23,727
12,3.500,0.950,15,450
12,3.500,0.950,33,417
12,3.500,0.950,35,394
12,3.500,0.950,19,1247
12,3.500,0.950,52,2701
12,3.500,0.950,13,387
12,3.500,0.950,3,552
12,3.500,0.950,1,1068
12,3.500,0.950,2,176
12,3.500,0.950,12,3022
12,3.500,0.950,23,532
12,3.500,0.950,3,540
12,3.500,0.950,19,554
12,3.500,0.950,21,797
12,3.500,0.950,20,589
12,3.500,0.950,4,55
12,3.500,0.950,8,754
12,3.500,0.950,30,642
12,3.500,0.950,3,183
12,3.500,0.950,1,293
12,3.500,0.950,17,2205
12,3.500,0.950,15,537
12,3.500,0.950,8,227
12,3.500,0.950,10,534
12,3.500,0.950,3,260
12,3.500,0.950,15,931
12,3.500,0.950,31,434
12,3.500,0.950,10,80
12,3.500,0.950,3,273
12,3.500,0.950,18,850
12,3.500,0.950,2,84
12,3.500,0.950,6,194
12,3.500,0.950,8,501
12,3.500,0.950,1,173
12,3.500,0.950,20,566
12,3.500,0.950,4,607
12,3.500,0.950,1,155
12,3.500,0.950,9,192
12,3.500,0.950,8,278
12,3.500,0.950,37,546
12,3.500,0.950,11,301
12,3.500,0.950,3,766
12,3.500,0.950,14,591
12,3.500,0.950,33,356
12,3.500,0.950,7,297
12,3.500,0.950,16,445
12,3.500,0.950,22,539
12,3.500,0.950,5,670
12,3.500,0.950,2,68
12,3.500,0.950,25,822
12,3.500,0.950,8,751
12,3.500,0.950,15,183
12,3.500,0.950,23,403
12,3.500,0.950,21,786
12,3.500,0.950,36,200
12,3.500,0.950,16,1733
12,3.500,0.950,28,622
12,3.500,0.950,6,407
12,3.500,0.950,5,1850
12,3.500,0.950,22,989
12,3.500,0.950,39,1120
12,3.500,0.950,7,49
12,3.500,0.950,31,1315
12,3.500,0.950,18,1074
12,3.500,0.950,5,538
12,3.500,0.950,30,856
12,3.500,0.950,24,729
12,3.500,0.950,12,650
12,3.500,0.950,14,455
12,3.500,0.950,1,63
12,3.500,0.950,4,498
12,3.500,0.950,5,1227
12,3.500,0.950,7,2170
12,3.500,0.950,15,316
12,3.500,0.950,3,2068
12,3.500,0.950,17,1283
12,3.500,0.950,7,384
12,3.500,0.950,13,186
12,3.500,0.950,7,408
12,3.500,0.950,1,31
12,3.500,0.950,12,920
12,3.500,0.950,28,518
12,3.500,0.950,20,620
12,3.500,0.950,6,540
12,3.500,0.950,10,398
12,3.500,0.950,5,668
12,3.500,0.950,9,338
12,3.500,0.950,6,84
12,3.500,0.950,2,77
12,3.500,0.950,4,684
12,3.500,0.950,12,442
12,3.500,0.950,12,290
12,3.500,0.950,14,869
12,3.500,0.950,11,215
12,3.500,0.950,40,517
12,3.500,0.950,12,372
12,3.500,0.950,33,977
12,3.500,0.950,4,1173
12,3.500,0.950,15,810
12,3.500,0.950,15,1022
12,3.500,0.950,7,594
12,3.500,0.950,43,843
12,3.500,0.950,25,1547
12,3.500,0.950,7,241
12,3.500,0.950,12,542
12,3.500,0.950,11,934
12,3.500,0.950,6,414
12,3.500,0.950,18,1275
12,3.500,0.950,2,141
12,3.500,0.950,5,543
12,3.500,0.950,4,395
12,3.500,0.950,7,423
12,3.500,0.950,50,507
12,3.500,0.950,5,498
12,3.500,0.950,11,1052
12,3.500,0.950,21,589
12,3.500,0.950,16,181
12,3.500,0.950,32,427
12,3.500,0.950,1,459
12,3.500,0.950,19,322
12,3.500,0.950,32,1077
12,3.500,0.950,1,209
12,3.500,0.950,20,1554
12,3.500,0.950,4,399
12,3.500,0.950,1,75
12,3.500,0.950,6,1673
12,3.500,0.950,22,1569
12,3.500,0.950,36,671
12,3.500,0.950,5,100
12,3.500,0.950,28,1457
12,3.500,0.950,6,123
12,3.500,0.950,9,479
12,3.500,0.950,7,170
12,3.500,0.950,19,413
12,3.500,0.950,1,263
12,3.500,0.950,17,552
12,3.500,0.950,7,189
12,3.500,0.950,6,215
12,3.500,0.950,9,160
12,3.500,0.950,9,861
12,3.500,0.950,13,854
12,3.500,0.950,57,806
12,3.500,0.950,25,635
12,3.500,0.950,11,603
12,3.500,0.950,8,380
12,3.500,0.950,33,1853
12,3.500,0.950,13,1141
12,3.500,0.950,33,222
12,3.500,0.950,14,526
12,3.500,0.950,13,353
12,3.500,0.950,29,1275
12,3.500,0.950,7,624
12,3.500,0.950,19,688
12,3.500,0.950,15,290
12,3.500,0.950,14,211
12,3.500,0.950,10,538
12,3.500,0.950,7,82
12,3.500,0.950,1,334
12,3.500,0.950,14,387
12,3.500,0.950,2,156
12,3.500,0.950,7,536
12,3.500,0.950,6,369
12,3.500,0.950,8,879
12,3.500,0.950,26,589
12,3.500,0.950,3,518
12,3.500,0.950,15,734
12,3.500,0.950,26,1107
12,3.500,0.950,42,289
12,3.500,0.950,3,199
12,3.500,0.950,12,619
12,3.500,0.950,2,29
12,3.500,0.950,5,387
12,3.500,0.950,6,1148
12,3.500,0.950,22,449
12,3.500,0.950,19,938
12,3.500,0.950,2,367
12,3.500,0.950,13,1515
12,3.500,0.950,7,448
12,3.500,0.950,23,688
12,3.500,0.950,20,362
12,3.500,0.950,1,123
12,3.500,0.950,12,303
12,3.500,0.950,16,476
12,3.500,0.950,15,791
12,3.500,0.950,1,55
12,3.500,0.950,19,278
12,3.500,0.950,15,2065
12,3.500,1.000,17,19
12,3.500,1.000,16,16
12,3.500,1.000,33,36
12,3.500,1.000,28,71
12,3.500,1.000,17,42
12,3.500,1.000,3,9
12,3.500,1.000,23,71
12,3.500,1.000,29,54
12,3.500,1.000,2,6
12,3.500,1.000,4,12
12,3.500,1.000,2,5
12,3.500,1.000,8,29
12,3.500,1.000,3,20
12,3.500,1.000,4,7
12,3.500,1.000,17,39
12,3.500,1.000,8,15
12,3.500,1.000,24,46
12,3.500,1.000,5,18
12,3.500,1.000,2,5
12,3.500,1.000,49,59
12,3.500,1.000,44,53
12,3.500,1.000,6,10
12,3.500,1.000,36,97
12,3.500,1.000,6,16
12,3.500,1.000,3,14
12,3.500,1.000,14,23
12,3.500,1.000,7,14
12,3.500,1.000,24,55
12,3.500,1.000,13,32
12,3.500,1.000,7,11
12,3.500,1.000,7,32
12,3.500,1.000,18,29
12,3.500,1.000,4,22
12,3.500,1.000,16,34
12,3.500,1.000,20,21
12,3.500,1.000,9,23
12,3.500,1.000,5,17
12,3.500,1.000,3,10
12,3.500,1.000,2,11
12,3.500,1.000,7,18
12,3.500,1.000,10,35
12,3.500,1.000,4,11
12,3.500,1.000,16,26
12,3.500,1.000,12,30
12,3.500,1.000,12,31
12,3.500,1.000,12,29
12,3.500,1.000,7,17
12,3.500,1.000,32,46
12,3.500,1.000,11,21
12,3.500,1.000,7,18
12,3.500,1.000,10,18
12,3.500,1.000,25,34
12,3.500,1.000,17,31
12,3.500,1.000,13,22
12,3.500,1.000,14,40
12,3.500,1.000,3,9
12,3.500,1.000,12,37
12,3.500,1.000,9,25
12,3.500,1.000,31,37
12,3.500,1.000,4,6
12,3.500,1.000,20,27
12,3.500,1.000,16,44
12,3.500,1.000,2,5
12,3.500,1.000,2,6
12,3.500,1.000,33,41
12,3.500,1.000,10,13
12,3.500,1.000,11,24
12,3.500,1.000,35,86
12,3.500,1.000,31,46
12,3.500,1.000,6,17
12,3.500,1.000,3,8
12,3.500,1.000,1,3
12,3.500,1.000,16,39
12,3.500,1.000,14,32
12,3.500,1.000,6,13
12,3.500,1.000,8,20
12,3.500,1.000,19,38
12,3.500,1.000,13,39
12,3.500,1.000,3,11
12,3.500,1.000,31,66
12,3.500,1.000,18,28
12,3.500,1.000,37,59
12,3.500,1.000,19,42
12,3.500,1.000,5,12
12,3.500,1.000,1,3
12,3.500,1.000,2,5
12,3.500,1.000,2,11
12,3.500,1.000,11,26
12,3.500,1.000,4,11
12,3.500,1.000,54,100
12,3.500,1.000,16,20
12,3.500,1.000,18,47
12,3.500,1.000,14,16
12,3.500,1.000,3,12
12,3.500,1.000,21,35
12,3.500,1.000,31,64
12,3.500,1.000,13,25
12,3.500,1.000,31,48
12,3.500,1.000,22,31
12,3.500,1.000,11,30
12,3.500,1.000,27,54
12,3.500,1.000,13,22
12,3.500,1.000,31,67
12,3.500,1.000,2,5
12,3.500,1.000,9,23
12,3.500,1.000,42,61
12,3.500,1.000,9,22
12,3.500,1.000,13,16
12,3.500,1.000,13,20
12,3.500,1.000,12,15
12,3.500,1.000,8,34
12,3.500,1.000,3,10
12,3.500,1.000,9,21
12,3.500,1.000,8,16
12,3.500,1.000,7,18
12,3.500,1.000,43,49
12,3.500,1.000,31,49
12,3.500,1.000,31,67
12,3.500,1.000,4,10
12,3.500,1.000,13,33
12,3.500,1.000,25,49
12,3.500,1.000,33,45
12,3.500,1.000,2,6
12,3.500,1.000,7,15
12,3.500,1.000,20,59
12,3.500,1.000,6,9
12,3.500,1.000,15,36
12,3.500,1.000,20,43
12,3.500,1.000,16,25
12,3.500,1.000,19,31
12,3.500,1.000,15,29
12,3.500,1.000,16,37
12,3.500,1.000,28,53
12,3.500,1.000,4,19
12,3.500,1.000,16,30
12,3.500,1.000,2,14
12,3.500,1.000,6,18
12,3.500,1.000,13,29
12,3.500,1.000,6,13
12,3.500,1.000,28,59
12,3.500,1.000,5,19
12,3.500,1.000,7,15
12,3.500,1.000,7,24
12,3.500,1.000,16,31
12,3.500,1.000,17,39
12,3.500,1.000,2,9
12,3.500,1.000,21,55
12,3.500,1.000,53,95
12,3.500,1.000,4,12
12,3.500,1.000,4,18
12,3.500,1.000,16,47
12,3.500,1.000,13,39
12,3.500,1.000,27,34
12,3.500,1.000,25,35
12,3.500,1.000,3,10
12,3.500,1.000,11,25
12,3.500,1.000,5,12
12,3.500,1.000,19,42
12,3.500,1.000,15,53
12,3.500,1.000,7,19
12,3.500,1.000,7,11
12,3.500,1.000,13,43
12,3.500,1.000,40,69
12,3.500,1.000,8,11
12,3.500,1.000,24,46
12,3.500,1.000,7,23
12,3.500,1.000,10,43
12,3.500,1.000,36,64
12,3.500,1.000,12,27
12,3.500,1.000,23,75
12,3.500,1.000,15,49
12,3.500,1.000,10,30
12,3.500,1.000,6,14
12,3.500,1.000,24,50
12,3.500,1.000,32,21
12,3.500,1.000,20,47
12,3.500,1.000,1,4
12,3.500,1.000,7,13
12,3.500,1.000,10,26
12,3.500,1.000,16,30
12,3.500,1.000,7,21
12,3.500,1.000,22,49
12,3.500,1.000,9,16
12,3.500,1.000,14,34
12,3.500,1.000,14,25
12,3.500,1.000,27,40
12,3.500,1.000,23,37
12,3.500,1.000,1,8
12,3.500,1.000,27,45
12,3.500,1.000,25,42
12,3.500,1.000,23,48
12,3.500,1.000,28,57
12,3.500,1.000,6,13
12,3.500,1.000,14,30
12,3.500,1.000,12,31
12,3.500,1.000,9,31
12,3.500,1.000,11,37
12,3.500,1.000,7,15
12,3.500,1.000,8,31
12,3.500,1.000,7,19
12,3.500,1.000,29,26
12,3.500,1.000,39,56
12,3.500,1.000,12,32
12,3.500,1.000,6,9
12,3.500,1.000,7,19
12,3.500,1.000,2,6
12,3.500,1.000,23,52
12,3.500,1.000,10,17
12,3.500,1.000,19,46
12,3.500,1.000,28,24
12,3.500,1.000,2,8
12,3.500,1.000,15,34
12,3.500,1.000,27,42
12,3.500,1.000,7,17
12,3.500,1.000,11,28
12,3.500,1.000,4,23
12,3.500,1.000,9,21
12,3.500,1.000,10,31
12,3.500,1.000,7,16
12,3.500,1.000,11,19
12,3.500,1.000,13,20
12,3.500,1.000,58,94
12,3.500,1.000,15,25
12,3.500,1.000,5,13
12,3.500,1.000,32,27
12,3.500,1.000,10,31
12,3.500,1.000,18,29
12,3.500,1.000,6,21
12,3.500,1.000,16,32
12,3.500,1.000,3,21
12,3.500,1.000,15,37
12,3.500,1.000,14,40
12,3.500,1.000,10,37
12,3.500,1.000,7,18
12,3.500,1.000,9,20
12,3.500,1.000,6,21
12,3.500,1.000,13,23
12,3.500,1.000,4,7
12,3.500,1.000,55,80
12,3.500,1.000,20,39
12,3.500,1.000,36,51
12,3.500,1.000,11,20
12,3.500,1.000,1,8
12,3.500,1.000,3,9
12,3.500,1.000,30,56
12,3.500,1.000,6,15
12,3.500,1.000,6,16
12,3.500,1.000,1,5
12,3.500,1.000,3,14
12,3.500,1.000,7,17
12,3.500,1.000,21,29
12,3.500,1.000,42,53
12,3.500,1.000,16,21
12,3.500,1.000,19,43
12,3.500,1.000,12,32
12,3.500,1.000,8,37
12,3.500,1.000,4,7
12,3.500,1.000,8,26
12,3.500,1.000,9,23
12,3.500,1.000,16,18
12,3.500,1.000,13,15
12,3.500,1.000,18,47
12,3.500,1.000,16,38
12,3.500,1.000,17,19
12,3.500,1.000,7,20
12,3.500,1.000,15,22
12,3.500,1.000,8,23
12,3.500,1.000,24,55
12,3.500,1.000,5,16
12,3.500,1.000,1,8
12,3.500,1.000,9,21
12,3.500,1.000,12,28
12,3.500,1.000,3,16
12,3.500,1.000,17,53
12,3.500,1.000,24,14
12,3.500,1.000,17,26
12,3.500,1.000,6,11
12,3.500,1.000,13,48
12,3.500,1.000,15,34
12,3.500,1.000,8,17
12,3.500,1.000,17,40
12,3.500,1.000,42,78
12,3.500,1.000,30,55
12,3.500,1.000,5,15
12,3.500,1.000,8,14
12,3.500,1.000,27,40
12,3.500,1.000,5,22
12,3.500,1.000,14,9
12,3.500,1.000,6,8
12,3.500,1.000,4,12
12,3.500,1.000,71,94
13,3.500,0.200,22,1282
13,3.500,0.200,2,611
13,3.500,0.200,49,843
13,3.500,0.200,14,453
13,3.500,0.200,3,1964
13,3.500,0.200,32,751
13,3.500,0.200,2,133
13,3.500,0.200,19,472
13,3.500,0.200,2,556
13,3.500,0.200,13,2304
13,3.500,0.200,6,738
13,3.500,0.200,11,2992
13,3.500,0.200,17,462
13,3.500,0.200,33,3767
13,3.500,0.200,52,2252
13,3.500,0.200,11,1921
13,3.500,0.200,7,409
13,3.500,0.200,82,1272
13,3.500,0.200,8,1563
13,3.500,0.200,16,132
13,3.500,0.200,41,1035
13,3.500,0.200,7,547
13,3.500,0.200,30,1800
13,3.500,0.200,25,1172
13,3.500,0.200,31,4339
13,3.500,0.200,32,528
13,3.500,0.200,29,927
13,3.500,0.200,8,245
13,3.500,0.200,4,868
13,3.500,0.200,1,142
13,3.500,0.200,17,664
13,3.500,0.200,14,898
13,3.500,0.200,2,192
13,3.500,0.200,1,82
13,3.500,0.200,5,219
13,3.500,0.200,12,1104
13,3.500,0.200,27,968
13,3.500,0.200,42,2713
13,3.500,0.200,4,743
13,3.500,0.200,21,120
13,3.500,0.200,2,182
13,3.500,0.200,5,225
13,3.500,0.200,13,1154
13,3.500,0.200,25,530
13,3.500,0.200,2,256
13,3.500,0.200,10,1769
13,3.500,0.200,19,206
13,3.500,0.200,3,283
13,3.500,0.200,2,188
13,3.500,0.200,45,1422
13,3.500,0.200,33,1111
13,3.500,0.200,4,339
13,3.500,0.200,52,781
13,3.500,0.200,4,199
13,3.500,0.200,7,394
13,3.500,0.200,26,1497
13,3.500,0.200,3,2139
13,3.500,0.200,5,447
13,3.500,0.200,19,1231
13,3.500,0.200,33,1925
13,3.500,0.200,8,2293
13,3.500,0.200,24,591
13,3.500,0.200,8,1411
13,3.500,0.200,5,336
13,3.500,0.200,21,985
13,3.500,0.200,3,765
13,3.500,0.200,8,471
13,3.500,0.200,22,1592
13,3.500,0.200,5,166
13,3.500,0.200,10,275
13,3.500,0.200,5,335
13,3.500,0.200,38,287
13,3.500,0.200,5,349
13,3.500,0.200,31,909
13,3.500,0.200,13,206
13,3.500,0.200,23,1590
13,3.500,0.200,21,2118
13,3.500,0.200,25,1247
13,3.500,0.200,7,319
13,3.500,0.200,30,2900
13,3.500,0.200,36,1947
13,3.500,0.200,43,546
13,3.500,0.200,10,836
13,3.500,0.200,30,2047
13,3.500,0.200,28,1135
13,3.500,0.200,17,1493
13,3.500,0.200,33,1815
13,3.500,0.200,6,1602
13,3.500,0.200,10,179
13,3.500,0.200,18,2517
13,3.500,0.200,34,1864
13,3.500,0.200,12,661
13,3.500,0.200,16,2064
13,3.500,0.200,3,1741
13,3.500,0.200,2,4096
13,3.500,0.200,4,176
13,3.500,0.200,7,388
13,3.500,0.200,12,815
13,3.500,0.200,20,2500
13,3.500,0.200,5,260
13,3.500,0.200,9,1392
13,3.500,0.200,22,771
13,3.500,0.200,11,480
13,3.500,0.200,44,599
13,3.500,0.200,23,613
13,3.500,0.200,10,1207
13,3.500,0.200,8,740
13,3.500,0.200,13,576
13,3.500,0.200,28,1201
13,3.500,0.200,20,467
13,3.500,0.200,25,825
13,3.500,0.200,5,1785
13,3.500,0.200,9,472
13,3.500,0.200,41,2737
13,3.500,0.200,10,811
13,3.500,0.200,12,699
13,3.500,0.200,79,904
13,3.500,0.200,28,364
13,3.500,0.200,16,266
13,3.500,0.200,19,1271
13,3.500,0.200,10,1791
13,3.500,0.200,28,583
13,3.500,0.200,4,108
13,3.500,0.200,72,1234
13,3.500,0.200,9,2068
13,3.500,0.200,7,636
13,3.500,0.200,14,1071
13,3.500,0.200,41,3100
13,3.500,0.200,31,1718
13,3.500,0.200,5,968
13,3.500,0.200,7,1077
13,3.500,0.200,27,1451
13,3.500,0.200,27,1799
13,3.500,0.200,1,78
13,3.500,0.200,9,1812
13,3.500,0.200,13,1472
13,3.500,0.200,7,326
13,3.500,0.200,2,528
13,3.500,0.200,27,1237
13,3.500,0.200,10,315
13,3.500,0.200,28,876
13,3.500,0.200,4,188
13,3.500,0.200,3,1835
13,3.500,0.200,11,610
13,3.500,0.200,4,328
13,3.500,0.200,10,496
13,3.500,0.200,5,624
13,3.500,0.200,25,862
13,3.500,0.200,2,362
13,3.500,0.200,12,458
13,3.500,0.200,50,427
13,3.500,0.200,6,129
13,3.500,0.200,6,616
13,3.500,0.200,18,545
13,3.500,0.200,3,147
13,3.500,0.200,9,1061
13,3.500,0.200,21,757
13,3.500,0.200,33,565
13,3.500,0.200,10,594
13,3.500,0.200,50,1247
13,3.500,0.200,26,1875
13,3.500,0.200,10,630
13,3.500,0.200,4,88
13,3.500,0.200,31,281
13,3.500,0.200,13,696
13,3.500,0.200,4,294
13,3.500,0.200,17,2828
13,3.500,0.200,14,1636
13,3.500,0.200,1,476
13,3.500,0.200,2,298
13,3.500,0.200,17,720
13,3.500,0.200,52,2616
13,3.500,0.200,40,2068
13,3.500,0.200,2,118
13,3.500,0.200,17,901
13,3.500,0.200,6,888
13,3.500,0.200,14,186
13,3.500,0.200,7,572
13,3.500,0.200,8,1444
13,3.500,0.200,10,513
13,3.500,0.200,19,2000
13,3.500,0.200,20,563
13,3.500,0.200,11,1365
13,3.500,0.200,31,1608
13,3.500,0.200,9,462
13,3.500,0.200,1,63
13,3.500,0.200,16,878
13,3.500,0.200,17,1365
13,3.500,0.200,17,614
13,3.500,0.200,23,1192
13,3.500,0.200,2,316
13,3.500,0.200,20,327
13,3.500,0.200,39,2036
13,3.500,0.200,19,1178
13,3.500,0.200,15,366
13,3.500,0.200,22,1076
13,3.500,0.200,9,2267
13,3.500,0.200,20,1136
13,3.500,0.200,18,1411
13,3.500,0.200,11,79
13,3.500,0.200,5,1437
13,3.500,0.200,22,1109
13,3.500,0.200,7,668
13,3.500,0.200,11,729
13,3.500,0.200,21,1897
13,3.500,0.200,6,684
13,3.500,0.200,15,946
13,3.500,0.200,48,1857
13,3.500,0.200,3,379
13,3.500,0.200,4,605
13,3.500,0.200,17,614
13,3.500,0.200,22,1710
13,3.500,0.200,41,430
13,3.500,0.200,10,1588
13,3.500,0.200,46,2595
13,3.500,0.200,2,656
13,3.500,0.200,4,77
13,3.500,0.200,6,1081
13,3.500,0.200,5,102
13,3.500,0.200,40,1238
13,3.500,0.200,2,636
13,3.500,0.200,37,364
13,3.500,0.200,20,1610
13,3.500,0.200,12,1896
13,3.500,0.200,20,760
13,3.500,0.200,15,603
13,3.500,0.200,42,562
13,3.500,0.200,19,3410
13,3.500,0.200,27,1143
13,3.500,0.200,1,62
13,3.500,0.200,4,1663
13,3.500,0.200,12,1520
13,3.500,0.200,20,360
13,3.500,0.200,10,587
13,3.500,0.200,14,374
13,3.500,0.200,4,138
13,3.500,0.200,15,785
13,3.500,0.200,22,897
13,3.500,0.200,22,1243
13,3.500,0.200,3,213
13,3.500,0.200,8,1495
13,3.500,0.200,9,1378
13,3.500,0.200,20,1095
13,3.500,0.200,23,530
13,3.500,0.200,16,1000
13,3.500,0.200,18,583
13,3.500,0.200,6,300
13,3.500,0.200,23,741
13,3.500,0.200,25,585
13,3.500,0.200,28,1600
13,3.500,0.200,72,1083
13,3.500,0.200,18,772
13,3.500,0.200,26,499
13,3.500,0.200,50,1451
13,3.500,0.200,7,862
13,3.500,0.200,28,1236
13,3.500,0.200,19,280
13,3.500,0.200,18,307
13,3.500,0.200,23,356
13,3.500,0.200,13,324
13,3.500,0.200,5,494
13,3.500,0.200,11,1423
13,3.500,0.200,7,1099
13,3.500,0.200,8,262
13,3.500,0.200,49,3652
13,3.500,0.200,7,620
13,3.500,0.200,8,1124
13,3.500,0.200,8,1689
13,3.500,0.200,20,580
13,3.500,0.200,11,570
13,3.500,0.200,2,93
13,3.500,0.200,25,1572
13,3.500,0.200,6,428
13,3.500,0.200,5,347
13,3.500,0.200,33,1198
13,3.500,0.200,12,314
13,3.500,0.200,3,249
13,3.500,0.200,13,860
13,3.500,0.200,1,93
13,3.500,0.200,1,408
13,3.500,0.200,11,1022
13,3.500,0.200,56,2204
13,3.500,0.500,16,550
13,3.500,0.500,28,398
13,3.500,0.500,11,510
13,3.500,0.500,13,813
13,3.500,0.500,24,1049
13,3.500,0.500,4,299
13,3.500,0.500,13,615
13,3.500,0.500,78,1781
13,3.500,0.500,9,536
13,3.500,0.500,16,1368
13,3.500,0.500,5,113
13,3.500,0.500,21,873
13,3.500,0.500,74,1253
13,3.500,0.500,18,1363
13,3.500,0.500,4,296
13,3.500,0.500,16,1993
13,3.500,0.500,8,1468
13,3.500,0.500,6,253
13,3.500,0.500,10,806
13,3.500,0.500,6,1235
13,3.500,0.500,17,1687
13,3.500,0.500,5,122
13,3.500,0.500,13,882
13,3.500,0.500,8,788
13,3.500,0.500,4,718
13,3.500,0.500,48,944
13,3.500,0.500,18,832
13,3.500,0.500,12,141
13,3.500,0.500,21,508
13,3.500,0.500,63,1006
13,3.500,0.500,13,726
13,3.500,0.500,15,1533
13,3.500,0.500,10,176
13,3.500,0.500,14,672
13,3.500,0.500,6,34
13,3.500,0.500,1,216
13,3.500,0.500,23,1365
13,3.500,0.500,6,521
13,3.500,0.500,21,983
13,3.500,0.500,5,358
13,3.500,0.500,12,896
13,3.500,0.500,24,948
13,3.500,0.500,15,1163
13,3.500,0.500,19,687
13,3.500,0.500,46,1405
13,3.500,0.500,39,815
13,3.500,0.500,25,818
13,3.500,0.500,35,1529
13,3.500,0.500,2,161
13,3.500,0.500,19,4649
13,3.500,0.500,20,968
13,3.500,0.500,1,52
13,3.500,0.500,7,216
13,3.500,0.500,10,1806
13,3.500,0.500,9,357
13,3.500,0.500,39,1145
13,3.500,0.500,46,1982
13,3.500,0.500,33,845
13,3.500,0.500,12,179
13,3.500,0.500,8,1516
13,3.500,0.500,17,1703
13,3.500,0.500,6,235
13,3.500,0.500,28,2052
13,3.500,0.500,33,2125
13,3.500,0.500,2,204
13,3.500,0.500,15,316
13,3.500,0.500,32,358
13,3.500,0.500,6,1295
13,3.500,0.500,4,363
13,3.500,0.500,11,668
13,3.500,0.500,9,848
13,3.500,0.500,20,451
13,3.500,0.500,5,103
13,3.500,0.500,16,1964
13,3.500,0.500,39,1309
13,3.500,0.500,19,652
13,3.500,0.500,8,984
13,3.500,0.500,6,1257
13,3.500,0.500,35,1110
13,3.500,0.500,31,855
13,3.500,0.500,25,1098
13,3.500,0.500,17,463
13,3.500,0.500,16,709
13,3.500,0.500,22,740
13,3.500,0.500,11,2062
13,3.500,0.500,22,236
13,3.500,0.500,64,1093
13,3.500,0.500,10,66
13,3.500,0.500,14,1779
13,3.500,0.500,41,1692
13,3.500,0.500,18,1046
13,3.500,0.500,10,928
13,3.500,0.500,13,328
13,3.500,0.500,15,487
13,3.500,0.500,18,1325
13,3.500,0.500,5,1109
13,3.500,0.500,10,1280
13,3.500,0.500,28,912
13,3.500,0.500,27,2001
13,3.500,0.500,1,1292
13,3.500,0.500,47,549
13,3.500,0.500,9,531
13,3.500,0.500,2,540
13,3.500,0.500,6,627
13,3.500,0.500,33,3860
13,3.500,0.500,25,841
13,3.500,0.500,27,783
13,3.500,0.500,50,993
13,3.500,0.500,39,457
13,3.500,0.500,31,799
13,3.500,0.500,12,1192
13,3.500,0.500,7,394
13,3.500,0.500,5,561
13,3.500,0.500,19,2156
13,3.500,0.500,14,852
13,3.500,0.500,29,1285
13,3.500,0.500,28,1859
13,3.500,0.500,25,1293
13,3.500,0.500,21,1107
13,3.500,0.500,4,94
13,3.500,0.500,13,798
13,3.500,0.500,73,910
13,3.500,0.500,24,2270
13,3.500,0.500,24,339
13,3.500,0.500,14,692
13,3.500,0.500,38,714
13,3.500,0.500,9,192
13,3.500,0.500,28,540
13,3.500,0.500,17,1118
13,3.500,0.500,65,1010
13,3.500,0.500,9,610
13,3.500,0.500,16,204
13,3.500,0.500,40,1540
13,3.500,0.500,10,673
13,3.500,0.500,27,521
13,3.500,0.500,19,285
13,3.500,0.500,11,2614
13,3.500,0.500,15,887
13,3.500,0.500,2,271
13,3.500,0.500,16,191
13,3.500,0.500,8,417
13,3.500,0.500,6,3160
13,3.500,0.500,37,911
13,3.500,0.500,4,550
13,3.500,0.500,21,857
13,3.500,0.500,17,1070
13,3.500,0.500,3,125
13,3.500,0.500,23,1255
13,3.500,0.500,23,545
13,3.500,0.500,13,460
13,3.500,0.500,1,81
13,3.500,0.500,8,1677
13,3.500,0.500,20,437
13,3.500,0.500,3,450
13,3.500,0.500,29,1075
13,3.500,0.500,59,2013
13,3.500,0.500,6,423
13,3.500,0.500,50,1499
13,3.500,0.500,29,2158
13,3.500,0.500,6,998
13,3.500,0.500,9,625
13,3.500,0.500,14,856
13,3.500,0.500,5,753
13,3.500,0.500,36,2726
13,3.500,0.500,1,218
13,3.500,0.500,13,155
13,3.500,0.500,19,2174
13,3.500,0.500,14,1096
13,3.500,0.500,40,713
13,3.500,0.500,6,796
13,3.500,0.500,54,1243
13,3.500,0.500,18,479
13,3.500,0.500,46,1800
13,3.500,0.500,14,242
13,3.500,0.500,32,3458
13,3.500,0.500,12,300
13,3.500,0.500,6,241
13,3.500,0.500,8,124
13,3.500,0.500,4,446
13,3.500,0.500,30,832
13,3.500,0.500,12,448
13,3.500,0.500,18,1305
13,3.500,0.500,13,1740
13,3.500,0.500,9,625
13,3.500,0.500,11,723
13,3.500,0.500,31,667
13,3.500,0.500,14,1219
13,3.500,0.500,20,537
13,3.500,0.500,25,2099
13,3.500,0.500,31,989
13,3.500,0.500,36,1755
13,3.500,0.500,22,1389
13,3.500,0.500,29,1389
13,3.500,0.500,22,869
13,3.500,0.500,28,425
13,3.500,0.500,16,811
13,3.500,0.500,6,308
13,3.500,0.500,23,1372
13,3.500,0.500,47,2127
13,3.500,0.500,20,871
13,3.500,0.500,5,205
13,3.500,0.500,1,320
13,3.500,0.500,13,408
13,3.500,0.500,1,485
13,3.500,0.500,13,581
13,3.500,0.500,6,3365
13,3.500,0.500,10,236
13,3.500,0.500,5,1500
13,3.500,0.500,17,2762
13,3.500,0.500,17,1213
13,3.500,0.500,24,619
13,3.500,0.500,20,1015
13,3.500,0.500,5,596
13,3.500,0.500,10,401
13,3.500,0.500,8,449
13,3.500,0.500,11,433
13,3.500,0.500,52,763
13,3.500,0.500,7,380
13,3.500,0.500,7,1453
13,3.500,0.500,7,687
13,3.500,0.500,12,665
13,3.500,0.500,5,409
13,3.500,0.500,1,349
13,3.500,0.500,4,367
13,3.500,0.500,10,343
13,3.500,0.500,18,817
13,3.500,0.500,63,2371
13,3.500,0.500,12,953
13,3.500,0.500,9,468
13,3.500,0.500,10,658
13,3.500,0.500,12,731
13,3.500,0.500,26,1578
13,3.500,0.500,24,1698
13,3.500,0.500,6,684
13,3.500,0.500,6,352
13,3.500,0.500,16,813
13,3.500,0.500,46,2749
13,3.500,0.500,3,186
13,3.500,0.500,7,122
13,3.500,0.500,24,574
13,3.500,0.500,7,862
13,3.500,0.500,8,415
13,3.500,0.500,8,292
13,3.500,0.500,12,1904
13,3.500,0.500,26,349
13,3.500,0.500,22,2298
13,3.500,0.500,8,1347
13,3.500,0.500,4,485
13,3.500,0.500,33,1481
13,3.500,0.500,3,149
13,3.500,0.500,4,2039
13,3.500,0.500,10,295
13,3.500,0.500,12,1041
13,3.500,0.500,12,1308
13,3.500,0.500,20,434
13,3.500,0.500,27,950
13,3.500,0.500,18,820
13,3.500,0.500,8,317
13,3.500,0.500,46,1527
13,3.500,0.500,10,729
13,3.500,0.500,38,2315
13,3.500,0.500,16,860
13,3.500,0.500,26,2248
13,3.500,0.500,20,511
13,3.500,0.500,21,815
13,3.500,0.500,13,706
13,3.500,0.500,10,2535
13,3.500,0.500,26,1470
13,3.500,0.500,2,113
13,3.500,0.500,24,1131
13,3.500,0.500,46,2041
13,3.500,0.500,24,1178
13,3.500,0.500,10,204
13,3.500,0.500,35,1238
13,3.500,0.500,10,232
13,3.500,0.500,8,457
13,3.500,0.500,21,2438
13,3.500,0.500,14,475
13,3.500,0.500,12,871
13,3.500,0.500,6,887
13,3.500,0.500,11,499
13,3.500,0.500,18,549
13,3.500,0.500,74,1708
13,3.500,0.750,15,1162
13,3.500,0.750,43,430
13,3.500,0.750,70,5161
13,3.500,0.750,61,2977
13,3.500,0.750,26,713
13,3.500,0.750,19,1494
13,3.500,0.750,2,188
13,3.500,0.750,13,520
13,3.500,0.750,25,346
13,3.500,0.750,29,2797
13,3.500,0.750,66,787
13,3.500,0.750,4,439
13,3.500,0.750,6,373
13,3.500,0.750,16,728
13,3.500,0.750,25,595
13,3.500,0.750,13,1069
13,3.500,0.750,2,44
13,3.500,0.750,1,101
13,3.500,0.750,11,450
13,3.500,0.750,20,1350
13,3.500,0.750,12,98
13,3.500,0.750,9,183
13,3.500,0.750,6,427
13,3.500,0.750,9,766
13,3.500,0.750,19,518
13,3.500,0.750,6,278
13,3.500,0.750,17,1635
13,3.500,0.750,4,80
13,3.500,0.750,17,1116
13,3.500,0.750,27,2252
13,3.500,0.750,18,595
13,3.500,0.750,10,806
13,3.500,0.750,3,334
13,3.500,0.750,19,907
13,3.500,0.750,14,275
13,3.500,0.750,14,764
13,3.500,0.750,11,572
13,3.500,0.750,20,412
13,3.500,0.750,1,52
13,3.500,0.750,80,1228
13,3.500,0.750,25,1454
13,3.500,0.750,21,963
13,3.500,0.750,67,1206
13,3.500,0.750,41,2136
13,3.500,0.750,10,184
13,3.500,0.750,20,493
13,3.500,0.750,22,3698
13,3.500,0.750,11,698
13,3.500,0.750,16,2664
13,3.500,0.750,30,1102
13,3.500,0.750,4,74
13,3.500,0.750,90,1349
13,3.500,0.750,8,147
13,3.500,0.750,14,282
13,3.500,0.750,13,1300
13,3.500,0.750,3,1280
13,3.500,0.750,11,649
13,3.500,0.750,28,1339
13,3.500,0.750,36,1313
13,3.500,0.750,1,254
13,3.500,0.750,24,1658
13,3.500,0.750,3,312
13,3.500,0.750,4,1741
13,3.500,0.750,45,1176
13,3.500,0.750,5,216
13,3.500,0.750,12,496
13,3.500,0.750,15,1091
13,3.500,0.750,5,782
13,3.500,0.750,6,95
13,3.500,0.750,4,704
13,3.500,0.750,58,946
13,3.500,0.750,22,1593
13,3.500,0.750,24,3027
13,3.500,0.750,33,915
13,3.500,0.750,16,687
13,3.500,0.750,12,218
13,3.500,0.750,3,511
13,3.500,0.750,17,2452
13,3.500,0.750,11,3076
13,3.500,0.750,13,292
13,3.500,0.750,8,263
13,3.500,0.750,9,2255
13,3.500,0.750,6,2829
13,3.500,0.750,2,119
13,3.500,0.750,10,1790
13,3.500,0.750,16,314
13,3.500,0.750,7,214
13,3.500,0.750,1,1044
13,3.500,0.750,10,950
13,3.500,0.750,2,294
13,3.500,0.750,6,466
13,3.500,0.750,2,154
13,3.500,0.750,44,1492
13,3.500,0.750,36,1152
13,3.500,0.750,4,332
13,3.500,0.750,3,304
13,3.500,0.750,6,445
13,3.500,0.750,26,385
13,3.500,0.750,9,636
13,3.500,0.750,16,704
13,3.500,0.750,16,836
13,3.500,0.750,6,1247
13,3.500,0.750,33,251
13,3.500,0.750,50,3067
13,3.500,0.750,15,1078
13,3.500,0.750,18,282
13,3.500,0.750,11,719
13,3.500,0.750,10,1325
13,3.500,0.750,4,423
13,3.500,0.750,13,960
13,3.500,0.750,15,467
13,3.500,0.750,27,571
13,3.500,0.750,3,4451
13,3.500,0.750,6,88
13,3.500,0.750,8,471
13,3.500,0.750,2,74
13,3.500,0.750,7,2356
13,3.500,0.750,9,1693
13,3.500,0.750,27,1725
13,3.500,0.750,14,168
13,3.500,0.750,23,2384
13,3.500,0.750,33,705
13,3.500,0.750,19,3323
13,3.500,0.750,9,981
13,3.500,0.750,3,46
13,3.500,0.750,10,819
13,3.500,0.750,1,124
13,3.500,0.750,5,435
13,3.500,0.750,17,957
13,3.500,0.750,29,712
13,3.500,0.750,1,124
13,3.500,0.750,2,1539
13,3.500,0.750,14,912
13,3.500,0.750,16,332
13,3.500,0.750,14,715
13,3.500,0.750,15,271
13,3.500,0.750,9,97
13,3.500,0.750,6,462
13,3.500,0.750,13,628
13,3.500,0.750,46,1977
13,3.500,0.750,6,1075
13,3.500,0.750,10,472
13,3.500,0.750,2,160
13,3.500,0.750,39,423
13,3.500,0.750,1,212
13,3.500,0.750,38,1386
13,3.500,0.750,24,718
13,3.500,0.750,40,718
13,3.500,0.750,4,1733
13,3.500,0.750,21,188
13,3.500,0.750,1,221
13,3.500,0.750,9,1789
13,3.500,0.750,19,2149
13,3.500,0.750,5,387
13,3.500,0.750,27,783
13,3.500,0.750,16,393
13,3.500,0.750,43,1158
13,3.500,0.750,6,730
13,3.500,0.750,3,435
13,3.500,0.750,6,365
13,3.500,0.750,39,1192
13,3.500,0.750,8,469
13,3.500,0.750,16,1120
13,3.500,0.750,11,461
13,3.500,0.750,14,2705
13,3.500,0.750,12,684
13,3.500,0.750,4,962
13,3.500,0.750,11,1315
13,3.500,0.750,10,403
13,3.500,0.750,27,1562
13,3.500,0.750,6,429
13,3.500,0.750,28,1746
13,3.500,0.750,14,364
13,3.500,0.750,22,5093
13,3.500,0.750,9,477
13,3.500,0.750,9,410
13,3.500,0.750,9,1082
13,3.500,0.750,5,1773
13,3.500,0.750,20,2749
13,3.500,0.750,9,972
13,3.500,0.750,10,164
13,3.500,0.750,11,2003
13,3.500,0.750,14,2498
13,3.500,0.750,6,501
13,3.500,0.750,13,4848
13,3.500,0.750,14,481
13,3.500,0.750,7,512
13,3.500,0.750,22,507
13,3.500,0.750,59,1835
13,3.500,0.750,12,418
13,3.500,0.750,7,333
13,3.500,0.750,84,2009
13,3.500,0.750,23,713
13,3.500,0.750,7,1194
13,3.500,0.750,15,1111
13,3.500,0.750,10,749
13,3.500,0.750,18,1100
13,3.500,0.750,10,924
13,3.500,0.750,7,245
13,3.500,0.750,41,677
13,3.500,0.750,34,751
13,3.500,0.750,5,2576
13,3.500,0.750,9,192
13,3.500,0.750,10,472
13,3.500,0.750,30,833
13,3.500,0.750,6,349
13,3.500,0.750,19,980
13,3.500,0.750,37,631
13,3.500,0.750,15,1262
13,3.500,0.750,48,416
13,3.500,0.750,17,882
13,3.500,0.750,15,358
13,3.500,0.750,22,2100
13,3.500,0.750,11,664
13,3.500,0.750,35,2467
13,3.500,0.750,5,507
13,3.500,0.750,25,1415
13,3.500,0.750,17,946
13,3.500,0.750,11,871
13,3.500,0.750,12,3971
13,3.500,0.750,12,157
13,3.500,0.750,17,534
13,3.500,0.750,27,895
13,3.500,0.750,32,1666
13,3.500,0.750,24,289
13,3.500,0.750,19,4151
13,3.500,0.750,60,671
13,3.500,0.750,5,139
13,3.500,0.750,44,1368
13,3.500,0.750,22,554
13,3.500,0.750,11,594
13,3.500,0.750,33,726
13,3.500,0.750,3,502
13,3.500,0.750,19,141
13,3.500,0.750,6,426
13,3.500,0.750,5,312
13,3.500,0.750,54,1909
13,3.500,0.750,15,315
13,3.500,0.750,15,484
13,3.500,0.750,11,1180
13,3.500,0.750,9,673
13,3.500,0.750,1,444
13,3.500,0.750,10,246
13,3.500,0.750,6,231
13,3.500,0.750,12,229
13,3.500,0.750,3,469
13,3.500,0.750,4,567
13,3.500,0.750,31,384
13,3.500,0.750,22,1832
13,3.500,0.750,15,330
13,3.500,0.750,9,754
13,3.500,0.750,4,682
13,3.500,0.750,40,534
13,3.500,0.750,39,1524
13,3.500,0.750,1,242
13,3.500,0.750,19,624
13,3.500,0.750,5,824
13,3.500,0.750,15,3469
13,3.500,0.750,2,53
13,3.500,0.750,5,1164
13,3.500,0.750,13,1771
13,3.500,0.750,5,224
13,3.500,0.750,6,503
13,3.500,0.750,4,390
13,3.500,0.750,29,3239
13,3.500,0.750,30,562
13,3.500,0.750,22,1413
13,3.500,0.750,19,584
13,3.500,0.750,47,1049
13,3.500,0.750,9,1334
13,3.500,0.750,4,386
13,3.500,0.750,36,1276
13,3.500,0.750,32,3045
13,3.500,0.750,13,2352
13,3.500,0.750,17,1413
13,3.500,0.750,16,979
13,3.500,0.750,14,431
13,3.500,0.750,14,414
13,3.500,0.750,30,1625
13,3.500,0.750,14,625
13,3.500,0.750,22,519
13,3.500,0.750,24,1734
13,3.500,0.750,3,412
13,3.500,0.750,11,274
13,3.500,0.900,5,487
13,3.500,0.900,4,148
13,3.500,0.900,18,244
13,3.500,0.900,11,667
13,3.500,0.900,10,142
13,3.500,0.900,3,632
13,3.500,0.900,8,1359
13,3.500,0.900,6,259
13,3.500,0.900,9,224
13,3.500,0.900,23,485
13,3.500,0.900,37,1752
13,3.500,0.900,6,709
13,3.500,0.900,3,614
13,3.500,0.900,14,972
13,3.500,0.900,19,387
13,3.500,0.900,17,1173
13,3.500,0.900,7,613
13,3.500,0.900,2,542
13,3.500,0.900,15,1202
13,3.500,0.900,1,169
13,3.500,0.900,9,235
13,3.500,0.900,53,3092
13,3.500,0.900,44,1507
13,3.500,0.900,16,995
13,3.500,0.900,24,649
13,3.500,0.900,19,1249
13,3.500,0.900,14,590
13,3.500,0.900,15,1395
13,3.500,0.900,4,113
13,3.500,0.900,38,677
13,3.500,0.900,17,1447
13,3.500,0.900,15,326
13,3.500,0.900,25,1782
13,3.500,0.900,14,662
13,3.500,0.900,1,121
13,3.500,0.900,17,4994
13,3.500,0.900,57,999
13,3.500,0.900,1,168
13,3.500,0.900,8,550
13,3.500,0.900,13,1150
13,3.500,0.900,4,96
13,3.500,0.900,22,1508
13,3.500,0.900,10,675
13,3.500,0.900,25,967
13,3.500,0.900,11,566
13,3.500,0.900,33,891
13,3.500,0.900,57,864
13,3.500,0.900,61,2226
13,3.500,0.900,52,6229
13,3.500,0.900,4,246
13,3.500,0.900,19,1326
13,3.500,0.900,7,403
13,3.500,0.900,9,775
13,3.500,0.900,3,1169
13,3.500,0.900,5,558
13,3.500,0.900,18,456
13,3.500,0.900,5,102
13,3.500,0.900,12,339
13,3.500,0.900,43,971
13,3.500,0.900,9,1009
13,3.500,0.900,40,2264
13,3.500,0.900,4,156
13,3.500,0.900,16,620
13,3.500,0.900,3,217
13,3.500,0.900,3,734
13,3.500,0.900,7,293
13,3.500,0.900,9,370
13,3.500,0.900,5,274
13,3.500,0.900,17,2565
13,3.500,0.900,24,1576
13,3.500,0.900,7,446
13,3.500,0.900,16,699
13,3.500,0.900,9,3101
13,3.500,0.900,7,385
13,3.500,0.900,12,1637
13,3.500,0.900,40,569
13,3.500,0.900,16,253
13,3.500,0.900,2,150
13,3.500,0.900,3,1166
13,3.500,0.900,14,1202
13,3.500,0.900,2,181
13,3.500,0.900,12,2779
13,3.500,0.900,13,944
13,3.500,0.900,6,618
13,3.500,0.900,56,3742
13,3.500,0.900,7,809
13,3.500,0.900,45,1102
13,3.500,0.900,26,661
13,3.500,0.900,2,461
13,3.500,0.900,17,1393
13,3.500,0.900,12,608
13,3.500,0.900,23,433
13,3.500,0.900,7,329
13,3.500,0.900,3,1067
13,3.500,0.900,18,575
13,3.500,0.900,19,589
13,3.500,0.900,13,855
13,3.500,0.900,32,227
13,3.500,0.900,18,1652
13,3.500,0.900,6,129
13,3.500,0.900,10,60
13,3.500,0.900,9,2311
13,3.500,0.900,18,1645
13,3.500,0.900,5,684
13,3.500,0.900,11,434
13,3.500,0.900,17,1199
13,3.500,0.900,19,659
13,3.500,0.900,17,1376
13,3.500,0.900,2,912
13,3.500,0.900,20,3243
13,3.500,0.900,10,785
13,3.500,0.900,3,2199
13,3.500,0.900,7,324
13,3.500,0.900,27,657
13,3.500,0.900,1,820
13,3.500,0.900,2,117
13,3.500,0.900,6,440
13,3.500,0.900,11,528
13,3.500,0.900,26,857
13,3.500,0.900,18,1302
13,3.500,0.900,26,1733
13,3.500,0.900,25,1231
13,3.500,0.900,53,1953
13,3.500,0.900,1,92
13,3.500,0.900,7,1720
13,3.500,0.900,38,753
13,3.500,0.900,43,1300
13,3.500,0.900,13,1369
13,3.500,0.900,15,1919
13,3.500,0.900,1,316
13,3.500,0.900,19,307
13,3.500,0.900,6,1023
13,3.500,0.900,22,2272
13,3.500,0.900,5,975
13,3.500,0.900,13,2696
13,3.500,0.900,13,522
13,3.500,0.900,6,1059
13,3.500,0.900,6,406
13,3.500,0.900,23,1118
13,3.500,0.900,21,1357
13,3.500,0.900,33,2036
13,3.500,0.900,45,1949
13,3.500,0.900,21,1037
13,3.500,0.900,2,176
13,3.500,0.900,25,529
13,3.500,0.900,21,3474
13,3.500,0.900,7,470
13,3.500,0.900,21,767
13,3.500,0.900,8,508
13,3.500,0.900,33,1994
13,3.500,0.900,3,119
13,3.500,0.900,30,1697
13,3.500,0.900,34,729
13,3.500,0.900,8,996
13,3.500,0.900,18,1508
13,3.500,0.900,4,236
13,3.500,0.900,43,718
13,3.500,0.900,10,596
13,3.500,0.900,18,211
13,3.500,0.900,10,1091
13,3.500,0.900,16,350
13,3.500,0.900,19,297
13,3.500,0.900,30,1651
13,3.500,0.900,11,1682
13,3.500,0.900,10,256
13,3.500,0.900,7,563
13,3.500,0.900,39,1660
13,3.500,0.900,8,1176
13,3.500,0.900,27,2294
13,3.500,0.900,13,702
13,3.500,0.900,9,689
13,3.500,0.900,18,982
13,3.500,0.900,3,281
13,3.500,0.900,10,628
13,3.500,0.900,7,732
13,3.500,0.900,36,751
13,3.500,0.900,16,1350
13,3.500,0.900,5,562
13,3.500,0.900,10,1188
13,3.500,0.900,13,1182
13,3.500,0.900,31,1248
13,3.500,0.900,34,1126
13,3.500,0.900,11,2204
13,3.500,0.900,46,860
13,3.500,0.900,18,213
13,3.500,0.900,38,283
13,3.500,0.900,7,355
13,3.500,0.900,4,695
13,3.500,0.900,5,666
13,3.500,0.900,29,577
13,3.500,0.900,26,2588
13,3.500,0.900,3,225
13,3.500,0.900,9,1050
13,3.500,0.900,14,608
13,3.500,0.900,16,1035
13,3.500,0.900,16,1641
13,3.500,0.900,8,1000
13,3.500,0.900,48,2455
13,3.500,0.900,32,539
13,3.500,0.900,2,170
13,3.500,0.900,4,54
13,3.500,0.900,16,891
13,3.500,0.900,43,1170
13,3.500,0.900,23,1221
13,3.500,0.900,38,819
13,3.500,0.900,9,2868
13,3.500,0.900,14,1614
13,3.500,0.900,37,359
13,3.500,0.900,15,1141
13,3.500,0.900,4,218
13,3.500,0.900,9,279
13,3.500,0.900,8,442
13,3.500,0.900,4,1109
13,3.500,0.900,2,172
13,3.500,0.900,25,710
13,3.500,0.900,29,2426
13,3.500,0.900,19,754
13,3.500,0.900,16,1789
13,3.500,0.900,1,152
13,3.500,0.900,45,877
13,3.500,0.900,18,1173
13,3.500,0.900,5,1051
13,3.500,0.900,17,469
13,3.500,0.900,10,531
13,3.500,0.900,58,1799
13,3.500,0.900,15,631
13,3.500,0.900,20,491
13,3.500,0.900,21,397
13,3.500,0.900,8,667
13,3.500,0.900,10,2437
13,3.500,0.900,17,3337
13,3.500,0.900,19,2403
13,3.500,0.900,19,5739
13,3.500,0.900,17,4031
13,3.500,0.900,20,988
13,3.500,0.900,34,518
13,3.500,0.900,19,340
13,3.500,0.900,2,146
13,3.500,0.900,6,438
13,3.500,0.900,10,168
13,3.500,0.900,16,390
13,3.500,0.900,54,2201
13,3.500,0.900,38,861
13,3.500,0.900,22,619
13,3.500,0.900,21,263
13,3.500,0.900,33,1114
13,3.500,0.900,12,279
13,3.500,0.900,6,520
13,3.500,0.900,1,97
13,3.500,0.900,30,1323
13,3.500,0.900,26,195
13,3.500,0.900,13,2092
13,3.500,0.900,15,2849
13,3.500,0.900,30,1253
13,3.500,0.900,27,618
13,3.500,0.900,4,860
13,3.500,0.900,27,4575
13,3.500,0.900,25,1001
13,3.500,0.900,7,610
13,3.500,0.900,3,124
13,3.500,0.900,41,1278
13,3.500,0.900,40,459
13,3.500,0.900,8,472
13,3.500,0.900,56,3071
13,3.500,0.900,6,98
13,3.500,0.900,14,581
13,3.500,0.900,5,386
13,3.500,0.900,2,572
13,3.500,0.900,10,1450
13,3.500,0.900,24,1153
13,3.500,0.900,8,139
13,3.500,0.900,59,2574
13,3.500,0.900,1,190
13,3.500,0.900,14,662
13,3.500,0.900,5,407
13,3.500,0.900,7,216
13,3.500,0.900,35,1495
13,3.500,0.900,13,2366
13,3.500,0.900,12,1607
13,3.500,0.900,26,1579
13,3.500,0.900,20,550
13,3.500,0.900,4,176
13,3.500,0.900,16,1862
13,3.500,0.900,36,1415
13,3.500,0.900,29,1740
13,3.500,0.900,51,1171
13,3.500,0.900,14,1983
13,3.500,0.900,19,1115
13,3.500,0.950,44,894
13,3.500,0.950,9,1265
13,3.500,0.950,9,1240
13,3.500,0.950,7,206
13,3.500,0.950,5,194
13,3.500,0.950,6,349
13,3.500,0.950,2,96
13,3.500,0.950,29,935
13,3.500,0.950,18,1054
13,3.500,0.950,7,910
13,3.500,0.950,7,465
13,3.500,0.950,25,1342
13,3.500,0.950,11,704
13,3.500,0.950,1,287
13,3.500,0.950,2,78
13,3.500,0.950,33,639
13,3.500,0.950,4,34
13,3.500,0.950,33,977
13,3.500,0.950,22,940
13,3.500,0.950,20,821
13,3.500,0.950,7,722
13,3.500,0.950,4,227
13,3.500,0.950,29,2251
13,3.500,0.950,5,268
13,3.500,0.950,25,1578
13,3.500,0.950,22,1274
13,3.500,0.950,6,266
13,3.500,0.950,2,71
13,3.500,0.950,15,435
13,3.500,0.950,44,1943
13,3.500,0.950,22,2044
13,3.500,0.950,30,2675
13,3.500,0.950,39,1071
13,3.500,0.950,31,1643
13,3.500,0.950,3,951
13,3.500,0.950,19,410
13,3.500,0.950,3,749
13,3.500,0.950,4,362
13,3.500,0.950,3,626
13,3.500,0.950,10,276
13,3.500,0.950,14,2323
13,3.500,0.950,23,785
13,3.500,0.950,5,515
13,3.500,0.950,5,270
13,3.500,0.950,17,668
13,3.500,0.950,8,344
13,3.500,0.950,15,297
13,3.500,0.950,8,436
13,3.500,0.950,9,585
13,3.500,0.950,21,1073
13,3.500,0.950,23,6626
13,3.500,0.950,13,2880
13,3.500,0.950,3,616
13,3.500,0.950,4,680
13,3.500,0.950,11,174
13,3.500,0.950,5,793
13,3.500,0.950,5,781
13,3.500,0.950,11,327
13,3.500,0.950,31,1584
13,3.500,0.950,6,56
13,3.500,0.950,9,213
13,3.500,0.950,20,571
13,3.500,0.950,22,1552
13,3.500,0.950,55,476
13,3.500,0.950,21,1220
13,3.500,0.950,58,661
13,3.500,0.950,19,1032
13,3.500,0.950,6,325
13,3.500,0.950,38,832
13,3.500,0.950,29,1297
13,3.500,0.950,18,369
13,3.500,0.950,48,425
13,3.500,0.950,4,332
13,3.500,0.950,11,245
13,3.500,0.950,17,273
13,3.500,0.950,16,1151
13,3.500,0.950,9,813
13,3.500,0.950,16,1577
13,3.500,0.950,7,677
13,3.500,0.950,4,152
13,3.500,0.950,9,315
13,3.500,0.950,8,141
13,3.500,0.950,44,829
13,3.500,0.950,1,276
13,3.500,0.950,22,1149
13,3.500,0.950,20,404
13,3.500,0.950,52,838
13,3.500,0.950,25,1157
13,3.500,0.950,8,208
13,3.500,0.950,70,1996
13,3.500,0.950,22,1547
13,3.500,0.950,10,1343
13,3.500,0.950,8,176
13,3.500,0.950,13,667
13,3.500,0.950,15,200
13,3.500,0.950,12,802
13,3.500,0.950,17,812
13,3.500,0.950,5,1216
13,3.500,0.950,8,990
13,3.500,0.950,2,51
13,3.500,0.950,23,1908
13,3.500,0.950,43,688
13,3.500,0.950,2,320
13,3.500,0.950,28,759
13,3.500,0.950,7,686
13,3.500,0.950,6,196
13,3.500,0.950,20,1258
13,3.500,0.950,20,443
13,3.500,0.950,7,732
13,3.500,0.950,6,709
13,3.500,0.950,13,983
13,3.500,0.950,5,971
13,3.500,0.950,43,2235
13,3.500,0.950,16,1124
13,3.500,0.950,8,211
13,3.500,0.950,52,1198
13,3.500,0.950,14,974
13,3.500,0.950,1,93
13,3.500,0.950,7,668
13,3.500,0.950,11,1061
13,3.500,0.950,19,507
13,3.500,0.950,19,1097
13,3.500,0.950,1,66
13,3.500,0.950,12,438
13,3.500,0.950,9,703
13,3.500,0.950,6,1106
13,3.500,0.950,18,1187
13,3.500,0.950,10,924
13,3.500,0.950,2,178
13,3.500,0.950,14,906
13,3.500,0.950,6,991
13,3.500,0.950,2,124
13,3.500,0.950,22,681
13,3.500,0.950,25,223
13,3.500,0.950,12,818
13,3.500,0.950,33,1272
13,3.500,0.950,22,396
13,3.500,0.950,2,400
13,3.500,0.950,12,1206
13,3.500,0.950,10,238
13,3.500,0.950,7,744
13,3.500,0.950,21,1815
13,3.500,0.950,4,186
13,3.500,0.950,3,234
13,3.500,0.950,21,815
13,3.500,0.950,17,1199
13,3.500,0.950,74,999
13,3.500,0.950,4,863
13,3.500,0.950,5,430
13,3.500,0.950,34,1643
13,3.500,0.950,11,360
13,3.500,0.950,59,478
13,3.500,0.950,9,349
13,3.500,0.950,36,1203
13,3.500,0.950,16,882
13,3.500,0.950,2,705
13,3.500,0.950,14,1254
13,3.500,0.950,7,421
13,3.500,0.950,7,814
13,3.500,0.950,19,969
13,3.500,0.950,10,874
13,3.500,0.950,14,214
13,3.500,0.950,20,1821
13,3.500,0.950,10,1897
13,3.500,0.950,15,333
13,3.500,0.950,59,1416
13,3.500,0.950,37,3123
13,3.500,0.950,26,1826
13,3.500,0.950,20,2221
13,3.500,0.950,6,306
13,3.500,0.950,12,1121
13,3.500,0.950,13,258
13,3.500,0.950,3,259
13,3.500,0.950,8,53
13,3.500,0.950,29,2111
13,3.500,0.950,8,353
13,3.500,0.950,7,120
13,3.500,0.950,44,1489
13,3.500,0.950,16,2360
13,3.500,0.950,7,215
13,3.500,0.950,73,2117
13,3.500,0.950,8,1815
13,3.500,0.950,18,549
13,3.500,0.950,25,657
13,3.500,0.950,16,608
13,3.500,0.950,25,2522
13,3.500,0.950,22,522
13,3.500,0.950,3,186
13,3.500,0.950,23,1699
13,3.500,0.950,37,1647
13,3.500,0.950,4,210
13,3.500,0.950,17,560
13,3.500,0.950,7,132
13,3.500,0.950,108,2631
13,3.500,0.950,8,734
13,3.500,0.950,10,176
13,3.500,0.950,8,720
13,3.500,0.950,36,1411
13,3.500,0.950,8,59
13,3.500,0.950,35,1381
13,3.500,0.950,9,436
13,3.500,0.950,33,1078
13,3.500,0.950,6,151
13,3.500,0.950,14,1125
13,3.500,0.950,32,309
13,3.500,0.950,4,433
13,3.500,0.950,13,1008
13,3.500,0.950,2,101
13,3.500,0.950,11,1710
13,3.500,0.950,12,936
13,3.500,0.950,28,2058
13,3.500,0.950,6,274
13,3.500,0.950,8,1167
13,3.500,0.950,5,178
13,3.500,0.950,11,861
13,3.500,0.950,27,790
13,3.500,0.950,20,1656
13,3.500,0.950,40,569
13,3.500,0.950,42,1231
13,3.500,0.950,3,361
13,3.500,0.950,6,217
13,3.500,0.950,2,422
13,3.500,0.950,10,214
13,3.500,0.950,15,1602
13,3.500,0.950,12,976
13,3.500,0.950,23,900
13,3.500,0.950,14,326
13,3.500,0.950,14,1196
13,3.500,0.950,15,260
13,3.500,0.950,8,228
13,3.500,0.950,13,455
13,3.500,0.950,26,1050
13,3.500,0.950,6,688
13,3.500,0.950,3,371
13,3.500,0.950,14,1684
13,3.500,0.950,27,710
13,3.500,0.950,13,497
13,3.500,0.950,24,4298
13,3.500,0.950,46,934
13,3.500,0.950,12,1724
13,3.500,0.950,8,440
13,3.500,0.950,15,1283
13,3.500,0.950,10,1332
13,3.500,0.950,10,569
13,3.500,0.950,14,130
13,3.500,0.950,10,1393
13,3.500,0.950,14,340
13,3.500,0.950,8,253
13,3.500,0.950,8,620
13,3.500,0.950,25,539
13,3.500,0.950,10,316
13,3.500,0.950,19,1716
13,3.500,0.950,26,1351
13,3.500,0.950,60,1679
13,3.500,0.950,9,2126
13,3.500,0.950,7,1420
13,3.500,0.950,9,362
13,3.500,0.950,78,1456
13,3.500,0.950,18,834
13,3.500,0.950,20,1348
13,3.500,0.950,4,406
13,3.500,0.950,10,291
13,3.500,0.950,39,2307
13,3.500,0.950,9,676
13,3.500,0.950,5,881
13,3.500,0.950,17,1229
13,3.500,0.950,28,693
13,3.500,0.950,24,1462
13,3.500,0.950,11,506
13,3.500,0.950,4,1329
13,3.500,0.950,10,620
13,3.500,0.950,21,682
13,3.500,0.950,28,533
13,3.500,0.950,44,1282
13,3.500,0.950,39,2021
13,3.500,0.950,14,158
13,3.500,0.950,8,1414
13,3.500,0.950,40,1223
13,3.500,0.950,16,940
13,3.500,0.950,6,132
13,3.500,0.950,4,3168
13,3.500,0.950,9,1217
13,3.500,0.950,2,884
13,3.500,0.950,52,760
13,3.500,0.950,7,158
13,3.500,0.950,5,573
13,3.500,0.950,9,2210
13,3.500,0.950,17,569
13,3.500,0.950,9,321
13,3.500,1.000,4,15
13,3.500,1.000,61,65
13,3.500,1.000,28,76
13,3.500,1.000,6,25
13,3.500,1.000,6,19
13,3.500,1.000,19,21
13,3.500,1.000,16,21
13,3.500,1.000,17,31
13,3.500,1.000,14,46
13,3.500,1.000,10,26
13,3.500,1.000,61,82
13,3.500,1.000,6,26
13,3.500,1.000,27,70
13,3.500,1.000,13,34
13,3.500,1.000,11,33
13,3.500,1.000,19,45
13,3.500,1.000,10,20
13,3.500,1.000,19,44
13,3.500,1.000,19,35
13,3.500,1.000,15,22
13,3.500,1.000,22,16
13,3.500,1.000,17,36
13,3.500,1.000,14,26
13,3.500,1.000,18,50
13,3.500,1.000,4,10
13,3.500,1.000,13,28
13,3.500,1.000,20,17
13,3.500,1.000,8,22
13,3.500,1.000,3,12
13,3.500,1.000,23,65
13,3.500,1.000,9,29
13,3.500,1.000,5,9
13,3.500,1.000,7,17
13,3.500,1.000,5,16
13,3.500,1.000,8,16
13,3.500,1.000,51,85
13,3.500,1.000,10,32
13,3.500,1.000,34,26
13,3.500,1.000,44,27
13,3.500,1.000,4,10
13,3.500,1.000,2,8
13,3.500,1.000,8,24
13,3.500,1.000,19,41
13,3.500,1.000,2,8
13,3.500,1.000,61,90
13,3.500,1.000,7,18
13,3.500,1.000,4,16
13,3.500,1.000,22,66
13,3.500,1.000,33,42
13,3.500,1.000,12,17
13,3.500,1.000,28,31
13,3.500,1.000,10,27
13,3.500,1.000,15,25
13,3.500,1.000,6,28
13,3.500,1.000,17,50
13,3.500,1.000,2,10
13,3.500,1.000,40,44
13,3.500,1.000,8,22
13,3.500,1.000,10,17
13,3.500,1.000,17,39
13,3.500,1.000,7,20
13,3.500,1.000,9,25
13,3.500,1.000,14,21
13,3.500,1.000,8,31
13,3.500,1.000,1,4
13,3.500,1.000,1,8
13,3.500,1.000,9,36
13,3.500,1.000,13,41
13,3.500,1.000,4,8
13,3.500,1.000,25,70
13,3.500,1.000,26,42
13,3.500,1.000,22,45
13,3.500,1.000,17,30
13,3.500,1.000,16,33
13,3.500,1.000,2,8
13,3.500,1.000,22,56
13,3.500,1.000,48,89
13,3.500,1.000,49,96
13,3.500,1.000,14,31
13,3.500,1.000,4,11
13,3.500,1.000,25,53
13,3.500,1.000,44,72
13,3.500,1.000,22,52
13,3.500,1.000,21,56
13,3.500,1.000,3,10
13,3.500,1.000,16,48
13,3.500,1.000,15,24
13,3.500,1.000,4,20
13,3.500,1.000,38,48
13,3.500,1.000,30,74
13,3.500,1.000,9,24
13,3.500,1.000,9,26
13,3.500,1.000,32,67
13,3.500,1.000,20,36
13,3.500,1.000,46,101
13,3.500,1.000,9,28
13,3.500,1.000,32,81
13,3.500,1.000,8,23
13,3.500,1.000,15,26
13,3.500,1.000,6,24
13,3.500,1.000,11,21
13,3.500,1.000,2,6
13,3.500,1.000,53,74
13,3.500,1.000,3,15
13,3.500,1.000,1,5
13,3.500,1.000,21,64
13,3.500,1.000,10,30
13,3.500,1.000,12,20
13,3.500,1.000,16,42
13,3.500,1.000,12,17
13,3.500,1.000,7,18
13,3.500,1.000,27,65
13,3.500,1.000,6,12
13,3.500,1.000,5,21
13,3.500,1.000,59,102
13,3.500,1.000,2,7
13,3.500,1.000,19,38
13,3.500,1.000,6,20
13,3.500,1.000,2,4
13,3.500,1.000,3,11
13,3.500,1.000,5,20
13,3.500,1.000,85,100
13,3.500,1.000,12,36
13,3.500,1.000,11,26
13,3.500,1.000,2,9
13,3.500,1.000,2,6
13,3.500,1.000,20,60
13,3.500,1.000,7,18
13,3.500,1.000,7,30
13,3.500,1.000,8,30
13,3.500,1.000,1,2
13,3.500,1.000,8,20
13,3.500,1.000,4,11
13,3.500,1.000,4,15
13,3.500,1.000,5,16
13,3.500,1.000,48,47
13,3.500,1.000,5,24
13,3.500,1.000,41,76
13,3.500,1.000,2,6
13,3.500,1.000,39,85
13,3.500,1.000,47,85
13,3.500,1.000,17,25
13,3.500,1.000,2,9
13,3.500,1.000,23,29
13,3.500,1.000,17,43
13,3.500,1.000,1,5
13,3.500,1.000,12,25
13,3.500,1.000,9,25
13,3.500,1.000,4,16
13,3.500,1.000,6,10
13,3.500,1.000,26,32
13,3.500,1.000,18,43
13,3.500,1.000,7,13
13,3.500,1.000,8,23
13,3.500,1.000,43,50
13,3.500,1.000,8,25
13,3.500,1.000,26,26
13,3.500,1.000,4,17
13,3.500,1.000,14,39
13,3.500,1.000,7,20
13,3.500,1.000,2,6
13,3.500,1.000,5,22
13,3.500,1.000,9,27
13,3.500,1.000,4,14
13,3.500,1.000,11,39
13,3.500,1.000,20,35
13,3.500,1.000,1,5
13,3.500,1.000,5,21
13,3.500,1.000,46,84
13,3.500,1.000,29,31
13,3.500,1.000,17,50
13,3.500,1.000,23,47
13,3.500,1.000,8,9
13,3.500,1.000,21,51
13,3.500,1.000,14,41
13,3.500,1.000,22,48
13,3.500,1.000,21,49
13,3.500,1.000,11,33
13,3.500,1.000,8,15
13,3.500,1.000,2,7
13,3.500,1.000,39,111
13,3.500,1.000,26,35
13,3.500,1.000,4,17
13,3.500,1.000,1,7
13,3.500,1.000,26,50
13,3.500,1.000,11,34
13,3.500,1.000,12,40
13,3.500,1.000,17,24
13,3.500,1.000,23,29
13,3.500,1.000,25,58
13,3.500,1.000,14,40
13,3.500,1.000,2,6
13,3.500,1.000,17,29
13,3.500,1.000,5,12
13,3.500,1.000,27,46
13,3.500,1.000,8,23
13,3.500,1.000,25,36
13,3.500,1.000,14,29
13,3.500,1.000,18,40
13,3.500,1.000,1,7
13,3.500,1.000,12,20
13,3.500,1.000,16,41
13,3.500,1.000,24,57
13,3.500,1.000,38,108
13,3.500,1.000,15,42
13,3.500,1.000,2,6
13,3.500,1.000,5,18
13,3.500,1.000,3,9
13,3.500,1.000,14,42
13,3.500,1.000,8,19
13,3.500,1.000,19,28
13,3.500,1.000,50,106
13,3.500,1.000,10,14
13,3.500,1.000,27,45
13,3.500,1.000,40,68
13,3.500,1.000,33,57
13,3.500,1.000,36,44
13,3.500,1.000,14,25
13,3.500,1.000,19,26
13,3.500,1.000,8,17
13,3.500,1.000,14,31
13,3.500,1.000,6,12
13,3.500,1.000,32,55
13,3.500,1.000,17,36
13,3.500,1.000,11,26
13,3.500,1.000,6,17
13,3.500,1.000,7,15
13,3.500,1.000,10,26
13,3.500,1.000,11,27
13,3.500,1.000,24,49
13,3.500,1.000,18,18
13,3.500,1.000,7,46
13,3.500,1.000,20,51
13,3.500,1.000,27,33
13,3.500,1.000,10,25
13,3.500,1.000,26,50
13,3.500,1.000,58,81
13,3.500,1.000,19,64
13,3.500,1.000,66,118
13,3.500,1.000,12,36
13,3.500,1.000,28,63
13,3.500,1.000,1,8
13,3.500,1.000,3,12
13,3.500,1.000,3,11
13,3.500,1.000,1,8
13,3.500,1.000,46,72
13,3.500,1.000,61,101
13,3.500,1.000,6,7
13,3.500,1.000,57,76
13,3.500,1.000,16,45
13,3.500,1.000,4,9
13,3.500,1.000,6,10
13,3.500,1.000,13,30
13,3.500,1.000,35,83
13,3.500,1.000,15,37
13,3.500,1.000,10,16
13,3.500,1.000,10,23
13,3.500,1.000,18,30
13,3.500,1.000,38,64
13,3.500,1.000,9,19
13,3.500,1.000,39,98
13,3.500,1.000,5,22
13,3.500,1.000,19,45
13,3.500,1.000,3,16
13,3.500,1.000,23,69
13,3.500,1.000,12,11
13,3.500,1.000,7,22
13,3.500,1.000,4,21
13,3.500,1.000,4,10
13,3.500,1.000,10,27
13,3.500,1.000,7,16
13,3.500,1.000,27,35
13,3.500,1.000,20,34
13,3.500,1.000,9,27
13,3.500,1.000,11,30
13,3.500,1.000,23,36
13,3.500,1.000,8,22
13,3.500,1.000,11,34
13,3.500,1.000,4,7
13,3.500,1.000,28,42
13,3.500,1.000,39,74
13,3.500,1.000,22,60
13,3.500,1.000,4,16
13,3.500,1.000,15,38
13,3.500,1.000,20,41
13,3.500,1.000,81,77
13,3.500,1.000,19,31
13,3.500,1.000,11,23
13,3.500,1.000,6,21
14,3.500,0.200,16,1649
14,3.500,0.200,28,4823
14,3.500,0.200,48,6010
14,3.500,0.200,4,1575
14,3.500,0.200,10,1117
14,3.500,0.200,3,715
14,3.500,0.200,20,1565
14,3.500,0.200,2,1681
14,3.500,0.200,2,39
14,3.500,0.200,8,2054
14,3.500,0.200,8,740
14,3.500,0.200,12,389
14,3.500,0.200,25,2201
14,3.500,0.200,40,3271
14,3.500,0.200,29,3071
14,3.500,0.200,5,507
14,3.500,0.200,20,5809
14,3.500,0.200,32,989
14,3.500,0.200,55,2588
14,3.500,0.200,4,455
14,3.500,0.200,25,5503
14,3.500,0.200,17,1617
14,3.500,0.200,20,1968
14,3.500,0.200,98,8496
14,3.500,0.200,39,1660
14,3.500,0.200,38,1473
14,3.500,0.200,20,1448
14,3.500,0.200,14,821
14,3.500,0.200,28,1381
14,3.500,0.200,40,2640
14,3.500,0.200,3,2126
14,3.500,0.200,29,324
14,3.500,0.200,44,5018
14,3.500,0.200,10,1167
14,3.500,0.200,23,1561
14,3.500,0.200,3,424
14,3.500,0.200,4,257
14,3.500,0.200,25,2461
14,3.500,0.200,8,1165
14,3.500,0.200,7,2232
14,3.500,0.200,9,589
14,3.500,0.200,19,1148
14,3.500,0.200,9,800
14,3.500,0.200,4,1101
14,3.500,0.200,50,8274
14,3.500,0.200,24,905
14,3.500,0.200,56,2210
14,3.500,0.200,19,1076
14,3.500,0.200,4,968
14,3.500,0.200,20,375
14,3.500,0.200,34,3756
14,3.500,0.200,5,3099
14,3.500,0.200,9,585
14,3.500,0.200,17,2696
14,3.500,0.200,3,87
14,3.500,0.200,17,738
14,3.500,0.200,26,1711
14,3.500,0.200,21,605
14,3.500,0.200,8,545
14,3.500,0.200,25,2534
14,3.500,0.200,14,667
14,3.500,0.200,1,369
14,3.500,0.200,36,1577
14,3.500,0.200,30,2251
14,3.500,0.200,16,684
14,3.500,0.200,19,923
14,3.500,0.200,7,1063
14,3.500,0.200,4,792
14,3.500,0.200,20,1591
14,3.500,0.200,4,169
14,3.500,0.200,13,9510
14,3.500,0.200,14,839
14,3.500,0.200,7,619
14,3.500,0.200,29,1055
14,3.500,0.200,25,762
14,3.500,0.200,50,2408
14,3.500,0.200,19,283
14,3.500,0.200,2,541
14,3.500,0.200,5,805
14,3.500,0.200,9,1696
14,3.500,0.200,21,2890
14,3.500,0.200,63,1574
14,3.500,0.200,17,3263
14,3.500,0.200,40,3919
14,3.500,0.200,1,149
14,3.500,0.200,19,2720
14,3.500,0.200,13,3421
14,3.500,0.200,17,417
14,3.500,0.200,12,128
14,3.500,0.200,10,975
14,3.500,0.200,73,1817
14,3.500,0.200,20,1356
14,3.500,0.200,9,1333
14,3.500,0.200,20,3918
14,3.500,0.200,7,562
14,3.500,0.200,16,4447
14,3.500,0.200,28,1876
14,3.500,0.200,5,776
14,3.500,0.200,39,1985
14,3.500,0.200,2,429
14,3.500,0.200,29,4419
14,3.500,0.200,29,1041
14,3.500,0.200,24,741
14,3.500,0.200,2,153
14,3.500,0.200,5,490
14,3.500,0.200,12,2558
14,3.500,0.200,14,1152
14,3.500,0.200,12,289
14,3.500,0.200,20,3375
14,3.500,0.200,8,297
14,3.500,0.200,33,1221
14,3.500,0.200,5,528
14,3.500,0.200,15,1373
14,3.500,0.200,1,103
14,3.500,0.200,30,1037
14,3.500,0.200,49,3563
14,3.500,0.200,22,867
14,3.500,0.200,23,996
14,3.500,0.200,9,499
14,3.500,0.200,34,3304
14,3.500,0.200,44,1108
14,3.500,0.200,25,1343
14,3.500,0.200,17,593
14,3.500,0.200,14,524
14,3.500,0.200,13,545
14,3.500,0.200,16,2365
14,3.500,0.200,2,242
14,3.500,0.200,23,3111
14,3.500,0.200,11,447
14,3.500,0.200,10,1972
14,3.500,0.200,37,1523
14,3.500,0.200,2,142
14,3.500,0.200,15,3363
14,3.500,0.200,4,82
14,3.500,0.200,11,2975
14,3.500,0.200,59,2038
14,3.500,0.200,25,1147
14,3.500,0.200,28,1447
14,3.500,0.200,15,778
14,3.500,0.200,28,3376
14,3.500,0.200,13,15376
14,3.500,0.200,5,894
14,3.500,0.200,62,1058
14,3.500,0.200,20,1424
14,3.500,0.200,20,2039
14,3.500,0.200,18,512
14,3.500,0.200,7,2300
14,3.500,0.200,32,5294
14,3.500,0.200,11,2163
14,3.500,0.200,34,567
14,3.500,0.200,63,2842
14,3.500,0.200,40,2060
14,3.500,0.200,16,1389
14,3.500,0.200,17,697
14,3.500,0.200,3,374
14,3.500,0.200,11,3100
14,3.500,0.200,31,1773
14,3.500,0.200,18,278
14,3.500,0.200,12,1167
14,3.500,0.200,23,4030
14,3.500,0.200,2,729
14,3.500,0.200,2,1614
14,3.500,0.200,27,2070
14,3.500,0.200,13,709
14,3.500,0.200,24,427
14,3.500,0.200,39,2402
14,3.500,0.200,35,1606
14,3.500,0.200,23,399
14,3.500,0.200,9,2487
14,3.500,0.200,22,1257
14,3.500,0.200,53,1410
14,3.500,0.200,13,1344
14,3.500,0.200,49,1679
14,3.500,0.200,74,1276
14,3.500,0.200,35,4018
14,3.500,0.200,16,1626
14,3.500,0.200,1,165
14,3.500,0.200,8,1041
14,3.500,0.200,4,205
14,3.500,0.200,75,4260
14,3.500,0.200,17,616
14,3.500,0.200,34,1551
14,3.500,0.200,19,3617
14,3.500,0.200,8,328
14,3.500,0.200,28,596
14,3.500,0.200,7,5480
14,3.500,0.200,13,4959
14,3.500,0.200,15,993
14,3.500,0.200,24,494
14,3.500,0.200,5,693
14,3.500,0.200,62,941
14,3.500,0.200,68,438
14,3.500,0.200,3,986
14,3.500,0.200,1,413
14,3.500,0.200,12,8239
14,3.500,0.200,12,709
14,3.500,0.200,8,666
14,3.500,0.200,34,1807
14,3.500,0.200,73,1984
14,3.500,0.200,36,1272
14,3.500,0.200,1,1065
14,3.500,0.200,2,124
14,3.500,0.200,51,2336
14,3.500,0.200,20,389
14,3.500,0.200,18,417
14,3.500,0.200,6,1393
14,3.500,0.200,7,583
14,3.500,0.200,42,3470
14,3.500,0.200,7,697
14,3.500,0.200,10,2431
14,3.500,0.200,34,367
14,3.500,0.200,8,1601
14,3.500,0.200,36,3692
14,3.500,0.200,10,5560
14,3.500,0.200,15,3272
14,3.500,0.200,25,1198
14,3.500,0.200,24,1247
14,3.500,0.200,4,649
14,3.500,0.200,32,896
14,3.500,0.200,8,174
14,3.500,0.200,10,730
14,3.500,0.200,83,1629
14,3.500,0.200,2,361
14,3.500,0.200,4,469
14,3.500,0.200,4,1326
14,3.500,0.200,9,1046
14,3.500,0.200,28,4817
14,3.500,0.200,3,652
14,3.500,0.200,2,95
14,3.500,0.200,9,361
14,3.500,0.200,2,124
14,3.500,0.200,55,4727
14,3.500,0.200,21,1867
14,3.500,0.200,23,3374
14,3.500,0.200,8,2519
14,3.500,0.200,44,4107
14,3.500,0.200,28,1621
14,3.500,0.200,104,2207
14,3.500,0.200,37,497
14,3.500,0.200,16,4065
14,3.500,0.200,25,2209
14,3.500,0.200,6,605
14,3.500,0.200,9,856
14,3.500,0.200,34,8117
14,3.500,0.200,36,1499
14,3.500,0.200,3,530
14,3.500,0.200,9,482
14,3.500,0.200,15,417
14,3.500,0.200,23,1853
14,3.500,0.200,27,1131
14,3.500,0.200,13,576
14,3.500,0.200,23,969
14,3.500,0.200,42,1667
14,3.500,0.200,8,1681
14,3.500,0.200,21,724
14,3.500,0.200,5,726
14,3.500,0.200,20,726
14,3.500,0.200,6,3484
14,3.500,0.200,46,2765
14,3.500,0.200,28,4732
14,3.500,0.200,39,1589
14,3.500,0.200,67,2710
14,3.500,0.200,20,1389
14,3.500,0.200,11,512
14,3.500,0.200,70,1574
14,3.500,0.200,24,1932
14,3.500,0.200,33,838
14,3.500,0.200,91,3997
14,3.500,0.200,13,1140
14,3.500,0.200,57,6285
14,3.500,0.200,17,4196
14,3.500,0.200,27,1262
14,3.500,0.200,45,1211
14,3.500,0.200,13,1807
14,3.500,0.200,20,402
14,3.500,0.200,21,957
14,3.500,0.200,13,638
14,3.500,0.200,41,2400
14,3.500,0.200,12,467
14,3.500,0.200,10,347
14,3.500,0.200,31,1690
14,3.500,0.200,7,1257
14,3.500,0.200,30,93
14,3.500,0.200,59,2004
14,3.500,0.200,8,888
14,3.500,0.200,2,227
14,3.500,0.500,10,683
14,3.500,0.500,10,1430
14,3.500,0.500,18,4244
14,3.500,0.500,9,3977
14,3.500,0.500,19,2257
14,3.500,0.500,17,4722
14,3.500,0.500,31,3292
14,3.500,0.500,7,525
14,3.500,0.500,30,572
14,3.500,0.500,55,2362
14,3.500,0.500,28,1245
14,3.500,0.500,27,1593
14,3.500,0.500,13,656
14,3.500,0.500,16,4412
14,3.500,0.500,52,2346
14,3.500,0.500,19,1578
14,3.500,0.500,1,291
14,3.500,0.500,13,505
14,3.500,0.500,12,1252
14,3.500,0.500,12,1518
14,3.500,0.500,5,985
14,3.500,0.500,10,2030
14,3.500,0.500,19,2901
14,3.500,0.500,1,433
14,3.500,0.500,14,622
14,3.500,0.500,1,2319
14,3.500,0.500,8,1013
14,3.500,0.500,11,913
14,3.500,0.500,44,6459
14,3.500,0.500,37,3281
14,3.500,0.500,16,2320
14,3.500,0.500,17,1266
14,3.500,0.500,70,2836
14,3.500,0.500,27,2830
14,3.500,0.500,24,1613
14,3.500,0.500,23,1083
14,3.500,0.500,21,1088
14,3.500,0.500,6,909
14,3.500,0.500,16,1619
14,3.500,0.500,17,68
14,3.500,0.500,2,346
14,3.500,0.500,3,1292
14,3.500,0.500,37,1763
14,3.500,0.500,16,1143
14,3.500,0.500,15,984
14,3.500,0.500,47,3571
14,3.500,0.500,16,1570
14,3.500,0.500,40,2758
14,3.500,0.500,21,1673
14,3.500,0.500,6,481
14,3.500,0.500,24,1849
14,3.500,0.500,35,1927
14,3.500,0.500,44,2746
14,3.500,0.500,59,3137
14,3.500,0.500,1,130
14,3.500,0.500,14,557
14,3.500,0.500,92,1784
14,3.500,0.500,18,2144
14,3.500,0.500,21,1081
14,3.500,0.500,17,953
14,3.500,0.500,12,512
14,3.500,0.500,60,2671
14,3.500,0.500,12,1625
14,3.500,0.500,17,2055
14,3.500,0.500,10,2259
14,3.500,0.500,48,1508
14,3.500,0.500,8,758
14,3.500,0.500,14,2698
14,3.500,0.500,22,2477
14,3.500,0.500,70,4211
14,3.500,0.500,16,963
14,3.500,0.500,6,1488
14,3.500,0.500,15,721
14,3.500,0.500,28,960
14,3.500,0.500,30,623
14,3.500,0.500,5,942
14,3.500,0.500,41,2203
14,3.500,0.500,21,1968
14,3.500,0.500,10,958
14,3.500,0.500,16,336
14,3.500,0.500,2,935
14,3.500,0.500,20,1591
14,3.500,0.500,72,4401
14,3.500,0.500,47,1641
14,3.500,0.500,27,1045
14,3.500,0.500,2,1208
14,3.500,0.500,24,1691
14,3.500,0.500,10,1739
14,3.500,0.500,4,1219
14,3.500,0.500,12,193
14,3.500,0.500,2,587
14,3.500,0.500,17,1118
14,3.500,0.500,122,587
14,3.500,0.500,27,718
14,3.500,0.500,55,4233
14,3.500,0.500,10,1027
14,3.500,0.500,28,1331
14,3.500,0.500,6,317
14,3.500,0.500,16,507
14,3.500,0.500,33,1135
14,3.500,0.500,12,442
14,3.500,0.500,27,2162
14,3.500,0.500,9,567
14,3.500,0.500,11,1063
14,3.500,0.500,40,1251
14,3.500,0.500,10,275
14,3.500,0.500,15,1012
14,3.500,0.500,20,858
14,3.500,0.500,7,900
14,3.500,0.500,9,852
14,3.500,0.500,2,1174
14,3.500,0.500,18,996
14,3.500,0.500,4,42
14,3.500,0.500,31,3374
14,3.500,0.500,13,5209
14,3.500,0.500,16,2164
14,3.500,0.500,5,1250
14,3.500,0.500,23,1332
14,3.500,0.500,5,124
14,3.500,0.500,9,495
14,3.500,0.500,57,4446
14,3.500,0.500,11,900
14,3.500,0.500,68,1949
14,3.500,0.500,37,864
14,3.500,0.500,3,671
14,3.500,0.500,4,157
14,3.500,0.500,5,545
14,3.500,0.500,5,705
14,3.500,0.500,6,319
14,3.500,0.500,44,4977
14,3.500,0.500,62,2443
14,3.500,0.500,9,2341
14,3.500,0.500,2,509
14,3.500,0.500,67,2868
14,3.500,0.500,36,1379
14,3.500,0.500,10,939
14,3.500,0.500,2,225
14,3.500,0.500,31,4863
14,3.500,0.500,17,3786
14,3.500,0.500,7,453
14,3.500,0.500,46,4099
14,3.500,0.500,22,432
14,3.500,0.500,37,1668
14,3.500,0.500,19,903
14,3.500,0.500,29,1622
14,3.500,0.500,2,205
14,3.500,0.500,16,934
14,3.500,0.500,25,1218
14,3.500,0.500,1,936
14,3.500,0.500,7,811
14,3.500,0.500,3,1661
14,3.500,0.500,23,907
14,3.500,0.500,28,2387
14,3.500,0.500,54,1314
14,3.500,0.500,40,1010
14,3.500,0.500,22,911
14,3.500,0.500,12,1017
14,3.500,0.500,1,520
14,3.500,0.500,65,2936
14,3.500,0.500,36,5967
14,3.500,0.500,24,1349
14,3.500,0.500,14,999
14,3.500,0.500,17,3549
14,3.500,0.500,52,3999
14,3.500,0.500,60,1811
14,3.500,0.500,21,2321
14,3.500,0.500,54,2796
14,3.500,0.500,32,583
14,3.500,0.500,17,2677
14,3.500,0.500,26,1784
14,3.500,0.500,21,1724
14,3.500,0.500,17,1428
14,3.500,0.500,21,3412
14,3.500,0.500,5,219
14,3.500,0.500,25,2172
14,3.500,0.500,6,243
14,3.500,0.500,86,1149
14,3.500,0.500,7,730
14,3.500,0.500,12,1193
14,3.500,0.500,26,658
14,3.500,0.500,27,1072
14,3.500,0.500,32,1238
14,3.500,0.500,22,1425
14,3.500,0.500,26,1180
14,3.500,0.500,22,1978
14,3.500,0.500,21,1983
14,3.500,0.500,16,1124
14,3.500,0.500,41,780
14,3.500,0.500,8,1047
14,3.500,0.500,62,2331
14,3.500,0.500,22,3152
14,3.500,0.500,15,1127
14,3.500,0.500,31,2872
14,3.500,0.500,19,1429
14,3.500,0.500,46,2510
14,3.500,0.500,24,892
14,3.500,0.500,37,1318
14,3.500,0.500,15,5843
14,3.500,0.500,12,2780
14,3.500,0.500,18,475
14,3.500,0.500,18,743
14,3.500,0.500,25,642
14,3.500,0.500,4,600
14,3.500,0.500,34,1871
14,3.500,0.500,4,1205
14,3.500,0.500,7,1648
14,3.500,0.500,8,2012
14,3.500,0.500,13,932
14,3.500,0.500,30,897
14,3.500,0.500,4,404
14,3.500,0.500,49,1738
14,3.500,0.500,46,1130
14,3.500,0.500,18,811
14,3.500,0.500,90,614
14,3.500,0.500,5,446
14,3.500,0.500,12,1418
14,3.500,0.500,28,3875
14,3.500,0.500,10,1060
14,3.500,0.500,49,1752
14,3.500,0.500,40,3314
14,3.500,0.500,12,479
14,3.500,0.500,5,437
14,3.500,0.500,8,73
14,3.500,0.500,13,1870
14,3.500,0.500,45,1014
14,3.500,0.500,53,9770
14,3.500,0.500,7,284
14,3.500,0.500,34,1139
14,3.500,0.500,2,474
14,3.500,0.500,13,245
14,3.500,0.500,14,311
14,3.500,0.500,9,2506
14,3.500,0.500,2,375
14,3.500,0.500,3,1293
14,3.500,0.500,14,736
14,3.500,0.500,31,1804
14,3.500,0.500,13,10268
14,3.500,0.500,36,1346
14,3.500,0.500,23,817
14,3.500,0.500,83,2237
14,3.500,0.500,14,1269
14,3.500,0.500,13,1838
14,3.500,0.500,10,1934
14,3.500,0.500,17,703
14,3.500,0.500,11,1123
14,3.500,0.500,19,1010
14,3.500,0.500,40,3697
14,3.500,0.500,35,4468
14,3.500,0.500,23,1457
14,3.500,0.500,8,325
14,3.500,0.500,15,600
14,3.500,0.500,7,989
14,3.500,0.500,41,1458
14,3.500,0.500,21,5433
14,3.500,0.500,51,2511
14,3.500,0.500,23,2113
14,3.500,0.500,1,318
14,3.500,0.500,4,4622
14,3.500,0.500,14,409
14,3.500,0.500,13,2804
14,3.500,0.500,5,291
14,3.500,0.500,31,1000
14,3.500,0.500,27,1830
14,3.500,0.500,10,392
14,3.500,0.500,30,1493
14,3.500,0.500,15,5567
14,3.500,0.500,62,2698
14,3.500,0.500,10,1302
14,3.500,0.500,20,1798
14,3.500,0.500,9,298
14,3.500,0.500,9,392
14,3.500,0.500,5,3651
14,3.500,0.500,34,1888
14,3.500,0.500,10,1906
14,3.500,0.500,64,797
14,3.500,0.500,10,849
14,3.500,0.500,6,133
14,3.500,0.500,2,338
14,3.500,0.500,10,2844
14,3.500,0.500,90,3577
14,3.500,0.500,10,1910
14,3.500,0.500,61,4127
14,3.500,0.500,10,2163
14,3.500,0.500,15,1014
14,3.500,0.500,18,393
14,3.500,0.500,76,741
14,3.500,0.500,24,1142
14,3.500,0.500,12,424
14,3.500,0.500,25,1556
14,3.500,0.500,35,3013
14,3.500,0.500,16,2288
14,3.500,0.750,54,2867
14,3.500,0.750,20,646
14,3.500,0.750,37,3644
14,3.500,0.750,41,4467
14,3.500,0.750,5,850
14,3.500,0.750,4,251
14,3.500,0.750,1,655
14,3.500,0.750,7,1473
14,3.500,0.750,11,6275
14,3.500,0.750,4,72
14,3.500,0.750,21,741
14,3.500,0.750,5,94
14,3.500,0.750,13,490
14,3.500,0.750,15,758
14,3.500,0.750,24,995
14,3.500,0.750,17,2536
14,3.500,0.750,39,2159
14,3.500,0.750,42,1347
14,3.500,0.750,34,2218
14,3.500,0.750,43,1830
14,3.500,0.750,9,1026
14,3.500,0.750,18,2263
14,3.500,0.750,4,708
14,3.500,0.750,19,1734
14,3.500,0.750,19,1994
14,3.500,0.750,36,1326
14,3.500,0.750,6,518
14,3.500,0.750,2,638
14,3.500,0.750,5,216
14,3.500,0.750,6,590
14,3.500,0.750,5,399
14,3.500,0.750,36,2632
14,3.500,0.750,28,953
14,3.500,0.750,13,1325
14,3.500,0.750,6,159
14,3.500,0.750,71,2691
14,3.500,0.750,15,1277
14,3.500,0.750,34,2314
14,3.500,0.750,19,387
14,3.500,0.750,32,6853
14,3.500,0.750,33,1361
14,3.500,0.750,18,622
14,3.500,0.750,46,4459
14,3.500,0.750,6,728
14,3.500,0.750,2,361
14,3.500,0.750,14,936
14,3.500,0.750,25,924
14,3.500,0.750,22,1131
14,3.500,0.750,32,8766
14,3.500,0.750,20,1245
14,3.500,0.750,23,1119
14,3.500,0.750,20,908
14,3.500,0.750,10,1753
14,3.500,0.750,25,554
14,3.500,0.750,16,737
14,3.500,0.750,18,1031
14,3.500,0.750,27,2572
14,3.500,0.750,19,460
14,3.500,0.750,22,2564
14,3.500,0.750,3,601
14,3.500,0.750,16,1629
14,3.500,0.750,21,1323
14,3.500,0.750,19,1006
14,3.500,0.750,38,1123
14,3.500,0.750,9,1066
14,3.500,0.750,33,4080
14,3.500,0.750,28,1112
14,3.500,0.750,28,830
14,3.500,0.750,20,1581
14,3.500,0.750,27,1311
14,3.500,0.750,33,1741
14,3.500,0.750,1,194
14,3.500,0.750,22,1104
14,3.500,0.750,53,4414
14,3.500,0.750,82,4258
14,3.500,0.750,33,3398
14,3.500,0.750,20,2842
14,3.500,0.750,35,3301
14,3.500,0.750,8,990
14,3.500,0.750,10,1908
14,3.500,0.750,25,1277
14,3.500,0.750,98,1720
14,3.500,0.750,24,823
14,3.500,0.750,4,1143
14,3.500,0.750,6,203
14,3.500,0.750,25,3855
14,3.500,0.750,23,2366
14,3.500,0.750,4,1691
14,3.500,0.750,19,3471
14,3.500,0.750,74,2421
14,3.500,0.750,50,1951
14,3.500,0.750,9,227
14,3.500,0.750,9,1255
14,3.500,0.750,18,898
14,3.500,0.750,11,2036
14,3.500,0.750,49,3125
14,3.500,0.750,17,2737
14,3.500,0.750,68,1660
14,3.500,0.750,30,1565
14,3.500,0.750,17,655
14,3.500,0.750,18,582
14,3.500,0.750,16,832
14,3.500,0.750,12,454
14,3.500,0.750,13,440
14,3.500,0.750,45,1689
14,3.500,0.750,12,2744
14,3.500,0.750,31,892
14,3.500,0.750,23,1557
14,3.500,0.750,33,5503
14,3.500,0.750,51,2094
14,3.500,0.750,71,3690
14,3.500,0.750,2,349
14,3.500,0.750,35,1214
14,3.500,0.750,15,964
14,3.500,0.750,3,671
14,3.500,0.750,98,1780
14,3.500,0.750,77,1442
14,3.500,0.750,11,1030
14,3.500,0.750,8,205
14,3.500,0.750,82,1602
14,3.500,0.750,17,1402
14,3.500,0.750,15,2622
14,3.500,0.750,12,504
14,3.500,0.750,11,797
14,3.500,0.750,31,3031
14,3.500,0.750,12,700
14,3.500,0.750,12,456
14,3.500,0.750,26,610
14,3.500,0.750,58,1634
14,3.500,0.750,28,1688
14,3.500,0.750,18,1676
14,3.500,0.750,60,1105
14,3.500,0.750,21,669
14,3.500,0.750,11,317
14,3.500,0.750,3,286
14,3.500,0.750,90,4217
14,3.500,0.750,22,707
14,3.500,0.750,10,343
14,3.500,0.750,56,1872
14,3.500,0.750,18,1628
14,3.500,0.750,41,1715
14,3.500,0.750,19,1998
14,3.500,0.750,13,502
14,3.500,0.750,39,7906
14,3.500,0.750,33,2804
14,3.500,0.750,35,1372
14,3.500,0.750,18,2584
14,3.500,0.750,55,2777
14,3.500,0.750,5,600
14,3.500,0.750,14,2118
14,3.500,0.750,10,2277
14,3.500,0.750,8,219
14,3.500,0.750,13,1221
14,3.500,0.750,13,481
14,3.500,0.750,34,1298
14,3.500,0.750,26,1701
14,3.500,0.750,16,371
14,3.500,0.750,41,463
14,3.500,0.750,5,331
14,3.500,0.750,16,986
14,3.500,0.750,4,330
14,3.500,0.750,7,956
14,3.500,0.750,2,43
14,3.500,0.750,18,487
14,3.500,0.750,19,852
14,3.500,0.750,9,707
14,3.500,0.750,10,615
14,3.500,0.750,5,1092
14,3.500,0.750,24,4792
14,3.500,0.750,1,100
14,3.500,0.750,49,1615
14,3.500,0.750,20,1035
14,3.500,0.750,23,2883
14,3.500,0.750,22,1624
14,3.500,0.750,4,59
14,3.500,0.750,8,421
14,3.500,0.750,10,597
14,3.500,0.750,30,549
14,3.500,0.750,11,705
14,3.500,0.750,4,3052
14,3.500,0.750,24,332
14,3.500,0.750,5,474
14,3.500,0.750,22,1457
14,3.500,0.750,29,1941
14,3.500,0.750,7,1315
14,3.500,0.750,4,1061
14,3.500,0.750,52,1897
14,3.500,0.750,14,2054
14,3.500,0.750,16,2062
14,3.500,0.750,24,1792
14,3.500,0.750,5,223
14,3.500,0.750,3,436
14,3.500,0.750,16,2956
14,3.500,0.750,3,753
14,3.500,0.750,24,3281
14,3.500,0.750,34,564
14,3.500,0.750,16,2422
14,3.500,0.750,10,1035
14,3.500,0.750,11,2274
14,3.500,0.750,5,3959
14,3.500,0.750,26,1436
14,3.500,0.750,12,2258
14,3.500,0.750,59,3353
14,3.500,0.750,28,213
14,3.500,0.750,5,613
14,3.500,0.750,11,1194
14,3.500,0.750,33,964
14,3.500,0.750,32,5927
14,3.500,0.750,77,6003
14,3.500,0.750,50,2184
14,3.500,0.750,9,954
14,3.500,0.750,22,2431
14,3.500,0.750,26,5109
14,3.500,0.750,18,2524
14,3.500,0.750,9,1205
14,3.500,0.750,19,1097
14,3.500,0.750,16,296
14,3.500,0.750,7,625
14,3.500,0.750,22,494
14,3.500,0.750,8,1057
14,3.500,0.750,14,434
14,3.500,0.750,7,423
14,3.500,0.750,52,3158
14,3.500,0.750,57,1115
14,3.500,0.750,20,1775
14,3.500,0.750,11,619
14,3.500,0.750,19,758
14,3.500,0.750,14,1336
14,3.500,0.750,119,1189
14,3.500,0.750,26,528
14,3.500,0.750,7,1472
14,3.500,0.750,7,375
14,3.500,0.750,26,1450
14,3.500,0.750,7,290
14,3.500,0.750,36,1671
14,3.500,0.750,10,3093
14,3.500,0.750,73,959
14,3.500,0.750,20,1696
14,3.500,0.750,9,1398
14,3.500,0.750,26,877
14,3.500,0.750,2,657
14,3.500,0.750,4,590
14,3.500,0.750,6,341
14,3.500,0.750,51,1662
14,3.500,0.750,22,858
14,3.500,0.750,18,1498
14,3.500,0.750,37,4015
14,3.500,0.750,22,250
14,3.500,0.750,25,1244
14,3.500,0.750,22,1438
14,3.500,0.750,5,875
14,3.500,0.750,4,508
14,3.500,0.750,1,168
14,3.500,0.750,33,586
14,3.500,0.750,6,913
14,3.500,0.750,25,2078
14,3.500,0.750,13,390
14,3.500,0.750,10,1945
14,3.500,0.750,12,3716
14,3.500,0.750,86,4961
14,3.500,0.750,2,303
14,3.500,0.750,11,574
14,3.500,0.750,24,1247
14,3.500,0.750,9,294
14,3.500,0.750,12,814
14,3.500,0.750,2,47
14,3.500,0.750,42,902
14,3.500,0.750,8,209
14,3.500,0.750,41,1073
14,3.500,0.750,12,149
14,3.500,0.750,4,173
14,3.500,0.750,3,132
14,3.500,0.750,6,760
14,3.500,0.750,8,310
14,3.500,0.750,52,2293
14,3.500,0.750,6,664
14,3.500,0.750,12,1431
14,3.500,0.750,62,1152
14,3.500,0.750,40,1055
14,3.500,0.750,4,83
14,3.500,0.750,52,260
14,3.500,0.750,42,1752
14,3.500,0.750,9,973
14,3.500,0.750,13,652
14,3.500,0.750,26,3350
14,3.500,0.750,63,5266
14,3.500,0.750,2,465
14,3.500,0.750,24,932
14,3.500,0.750,14,623
14,3.500,0.750,5,2132
14,3.500,0.750,17,1353
14,3.500,0.750,14,2025
14,3.500,0.900,26,927
14,3.500,0.900,15,1114
14,3.500,0.900,3,341
14,3.500,0.900,10,269
14,3.500,0.900,21,6412
14,3.500,0.900,17,2790
14,3.500,0.900,6,1351
14,3.500,0.900,41,1210
14,3.500,0.900,6,1810
14,3.500,0.900,41,659
14,3.500,0.900,12,687
14,3.500,0.900,42,7606
14,3.500,0.900,21,4094
14,3.500,0.900,37,2007
14,3.500,0.900,21,800
14,3.500,0.900,57,5197
14,3.500,0.900,33,1983
14,3.500,0.900,15,606
14,3.500,0.900,8,899
14,3.500,0.900,19,2969
14,3.500,0.900,17,1414
14,3.500,0.900,4,669
14,3.500,0.900,1,1056
14,3.500,0.900,5,497
14,3.500,0.900,9,1190
14,3.500,0.900,20,952
14,3.500,0.900,14,291
14,3.500,0.900,8,429
14,3.500,0.900,9,2931
14,3.500,0.900,9,1584
14,3.500,0.900,36,1227
14,3.500,0.900,32,1765
14,3.500,0.900,26,1147
14,3.500,0.900,43,799
14,3.500,0.900,10,2691
14,3.500,0.900,26,1064
14,3.500,0.900,73,1593
14,3.500,0.900,106,3168
14,3.500,0.900,4,1921
14,3.500,0.900,22,1951
14,3.500,0.900,6,1449
14,3.500,0.900,4,170
14,3.500,0.900,41,1680
14,3.500,0.900,19,481
14,3.500,0.900,33,4003
14,3.500,0.900,10,637
14,3.500,0.900,2,1534
14,3.500,0.900,12,1460
14,3.500,0.900,14,1222
14,3.500,0.900,17,393
14,3.500,0.900,18,2615
14,3.500,0.900,30,1909
14,3.500,0.900,2,77
14,3.500,0.900,17,14698
14,3.500,0.900,9,683
14,3.500,0.900,28,1106
14,3.500,0.900,12,764
14,3.500,0.900,41,3653
14,3.500,0.900,70,7753
14,3.500,0.900,24,1119
14,3.500,0.900,13,2903
14,3.500,0.900,15,2439
14,3.500,0.900,46,2686
14,3.500,0.900,16,1423
14,3.500,0.900,16,917
14,3.500,0.900,41,968
14,3.500,0.900,22,2390
14,3.500,0.900,23,540
14,3.500,0.900,3,985
14,3.500,0.900,13,473
14,3.500,0.900,60,3923
14,3.500,0.900,5,701
14,3.500,0.900,11,4382
14,3.500,0.900,9,1464
14,3.500,0.900,2,220
14,3.500,0.900,25,1717
14,3.500,0.900,25,2585
14,3.500,0.900,14,5851
14,3.500,0.900,4,223
14,3.500,0.900,2,210
14,3.500,0.900,87,1550
14,3.500,0.900,29,1709
14,3.500,0.900,14,3295
14,3.500,0.900,2,558
14,3.500,0.900,6,1873
14,3.500,0.900,18,618
14,3.500,0.900,4,1874
14,3.500,0.900,59,5546
14,3.500,0.900,18,2041
14,3.500,0.900,14,3313
14,3.500,0.900,10,2179
14,3.500,0.900,12,202
14,3.500,0.900,12,168
14,3.500,0.900,44,4360
14,3.500,0.900,2,434
14,3.500,0.900,6,361
14,3.500,0.900,15,820
14,3.500,0.900,23,2478
14,3.500,0.900,20,2429
14,3.500,0.900,14,1695
14,3.500,0.900,58,2215
14,3.500,0.900,24,2307
14,3.500,0.900,27,1658
14,3.500,0.900,12,767
14,3.500,0.900,10,491
14,3.500,0.900,1,667
14,3.500,0.900,5,1237
14,3.500,0.900,5,80
14,3.500,0.900,21,1960
14,3.500,0.900,12,757
14,3.500,0.900,7,735
14,3.500,0.900,52,1729
14,3.500,0.900,3,610
14,3.500,0.900,8,791
14,3.500,0.900,25,1894
14,3.500,0.900,18,778
14,3.500,0.900,11,2203
14,3.500,0.900,1,661
14,3.500,0.900,10,733
14,3.500,0.900,2,447
14,3.500,0.900,32,3368
14,3.500,0.900,19,1191
14,3.500,0.900,7,1275
14,3.500,0.900,38,2049
14,3.500,0.900,6,366
14,3.500,0.900,9,490
14,3.500,0.900,41,3639
14,3.500,0.900,8,1762
14,3.500,0.900,14,828
14,3.500,0.900,3,1437
14,3.500,0.900,29,2031
14,3.500,0.900,16,6379
14,3.500,0.900,1,251
14,3.500,0.900,5,226
14,3.500,0.900,28,1257
14,3.500,0.900,5,1628
14,3.500,0.900,14,1206
14,3.500,0.900,28,425
14,3.500,0.900,17,939
14,3.500,0.900,35,1677
14,3.500,0.900,37,1285
14,3.500,0.900,33,1666
14,3.500,0.900,1,912
14,3.500,0.900,15,382
14,3.500,0.900,10,251
14,3.500,0.900,4,853
14,3.500,0.900,21,1303
14,3.500,0.900,34,5108
14,3.500,0.900,18,677
14,3.500,0.900,28,1701
14,3.500,0.900,14,1344
14,3.500,0.900,10,2292
14,3.500,0.900,18,1452
14,3.500,0.900,51,5173
14,3.500,0.900,17,3620
14,3.500,0.900,17,2640
14,3.500,0.900,8,1133
14,3.500,0.900,12,3004
14,3.500,0.900,7,507
14,3.500,0.900,6,1052
14,3.500,0.900,36,1652
14,3.500,0.900,4,520
14,3.500,0.900,8,331
14,3.500,0.900,23,2127
14,3.500,0.900,17,2616
14,3.500,0.900,22,1350
14,3.500,0.900,19,732
14,3.500,0.900,33,5576
14,3.500,0.900,15,2229
14,3.500,0.900,8,887
14,3.500,0.900,27,1636
14,3.500,0.900,1,58
14,3.500,0.900,34,3400
14,3.500,0.900,64,1502
14,3.500,0.900,37,266
14,3.500,0.900,15,1281
14,3.500,0.900,35,3798
14,3.500,0.900,9,587
14,3.500,0.900,54,2099
14,3.500,0.900,16,1383
14,3.500,0.900,13,1477
14,3.500,0.900,23,1106
14,3.500,0.900,82,748
14,3.500,0.900,43,3709
14,3.500,0.900,30,714
14,3.500,0.900,27,1082
14,3.500,0.900,14,2102
14,3.500,0.900,79,2421
14,3.500,0.900,21,4336
14,3.500,0.900,14,561
14,3.500,0.900,11,791
14,3.500,0.900,57,5298
14,3.500,0.900,4,192
14,3.500,0.900,1,2216
14,3.500,0.900,13,1638
14,3.500,0.900,7,1150
14,3.500,0.900,30,1411
14,3.500,0.900,12,1335
14,3.500,0.900,9,460
14,3.500,0.900,7,801
14,3.500,0.900,18,1386
14,3.500,0.900,10,664
14,3.500,0.900,22,2618
14,3.500,0.900,2,197
14,3.500,0.900,3,435
14,3.500,0.900,13,1550
14,3.500,0.900,7,3863
14,3.500,0.900,110,2069
14,3.500,0.900,10,2425
14,3.500,0.900,3,862
14,3.500,0.900,16,1545
14,3.500,0.900,2,478
14,3.500,0.900,4,1714
14,3.500,0.900,11,869
14,3.500,0.900,20,2516
14,3.500,0.900,49,1818
14,3.500,0.900,32,1114
14,3.500,0.900,120,4776
14,3.500,0.900,4,97
14,3.500,0.900,77,2802
14,3.500,0.900,2,224
14,3.500,0.900,18,200
14,3.500,0.900,34,3656
14,3.500,0.900,5,481
14,3.500,0.900,8,1241
14,3.500,0.900,38,1856
14,3.500,0.900,50,1349
14,3.500,0.900,4,189
14,3.500,0.900,29,4108
14,3.500,0.900,33,6973
14,3.500,0.900,8,1141
14,3.500,0.900,6,409
14,3.500,0.900,10,332
14,3.500,0.900,15,469
14,3.500,0.900,42,2652
14,3.500,0.900,9,2512
14,3.500,0.900,22,1185
14,3.500,0.900,22,1359
14,3.500,0.900,7,2944
14,3.500,0.900,5,331
14,3.500,0.900,14,1077
14,3.500,0.900,25,2838
14,3.500,0.900,9,1837
14,3.500,0.900,2,437
14,3.500,0.900,25,375
14,3.500,0.900,22,2117
14,3.500,0.900,6,965
14,3.500,0.900,11,262
14,3.500,0.900,25,1029
14,3.500,0.900,21,1585
14,3.500,0.900,8,2219
14,3.500,0.900,14,593
14,3.500,0.900,48,1364
14,3.500,0.900,40,1397
14,3.500,0.900,11,560
14,3.500,0.900,50,1477
14,3.500,0.900,22,1569
14,3.500,0.900,35,963
14,3.500,0.900,3,430
14,3.500,0.900,11,2517
14,3.500,0.900,30,600
14,3.500,0.900,26,309
14,3.500,0.900,18,1217
14,3.500,0.900,52,689
14,3.500,0.900,41,2834
14,3.500,0.900,21,2680
14,3.500,0.900,70,1879
14,3.500,0.900,7,1152
14,3.500,0.900,46,1249
14,3.500,0.900,3,1303
14,3.500,0.900,7,2476
14,3.500,0.900,14,1630
14,3.500,0.900,14,574
14,3.500,0.900,12,1415
14,3.500,0.900,62,2210
14,3.500,0.900,5,314
14,3.500,0.900,8,2478
14,3.500,0.900,86,2331
14,3.500,0.900,14,705
14,3.500,0.900,44,1169
14,3.500,0.900,17,2158
14,3.500,0.900,8,544
14,3.500,0.900,15,1532
14,3.500,0.900,7,672
14,3.500,0.900,24,1223
14,3.500,0.900,19,2056
14,3.500,0.900,39,1091
14,3.500,0.900,28,1674
14,3.500,0.900,28,449
14,3.500,0.900,20,454
14,3.500,0.950,14,1217
14,3.500,0.950,15,781
14,3.500,0.950,41,3123
14,3.500,0.950,10,728
14,3.500,0.950,64,5191
14,3.500,0.950,15,1033
14,3.500,0.950,78,1854
14,3.500,0.950,42,1041
14,3.500,0.950,6,1050
14,3.500,0.950,27,2235
14,3.500,0.950,18,990
14,3.500,0.950,7,1089
14,3.500,0.950,13,1642
14,3.500,0.950,3,817
14,3.500,0.950,52,1357
14,3.500,0.950,17,1162
14,3.500,0.950,3,1240
14,3.500,0.950,3,1381
14,3.500,0.950,12,2636
14,3.500,0.950,74,3271
14,3.500,0.950,73,3071
14,3.500,0.950,3,157
14,3.500,0.950,39,947
14,3.500,0.950,1,1319
14,3.500,0.950,19,865
14,3.500,0.950,2,763
14,3.500,0.950,29,6006
14,3.500,0.950,22,5740
14,3.500,0.950,6,191
14,3.500,0.950,3,846
14,3.500,0.950,22,1218
14,3.500,0.950,13,3808
14,3.500,0.950,16,646
14,3.500,0.950,2,368
14,3.500,0.950,17,3653
14,3.500,0.950,9,442
14,3.500,0.950,74,1234
14,3.500,0.950,21,4489
14,3.500,0.950,31,5665
14,3.500,0.950,19,1537
14,3.500,0.950,74,1737
14,3.500,0.950,10,564
14,3.500,0.950,15,674
14,3.500,0.950,12,589
14,3.500,0.950,51,1180
14,3.500,0.950,30,696
14,3.500,0.950,9,1805
14,3.500,0.950,45,650
14,3.500,0.950,52,389
14,3.500,0.950,2,89
14,3.500,0.950,48,4573
14,3.500,0.950,25,1623
14,3.500,0.950,12,81
14,3.500,0.950,51,842
14,3.500,0.950,65,10368
14,3.500,0.950,1,609
14,3.500,0.950,26,1738
14,3.500,0.950,25,1361
14,3.500,0.950,33,544
14,3.500,0.950,2,617
14,3.500,0.950,35,1059
14,3.500,0.950,14,949
14,3.500,0.950,14,579
14,3.500,0.950,19,2815
14,3.500,0.950,4,673
14,3.500,0.950,8,37
14,3.500,0.950,35,4294
14,3.500,0.950,111,1621
14,3.500,0.950,42,1181
14,3.500,0.950,6,375
14,3.500,0.950,27,1593
14,3.500,0.950,20,1017
14,3.500,0.950,34,1089
14,3.500,0.950,10,271
14,3.500,0.950,2,168
14,3.500,0.950,36,2395
14,3.500,0.950,36,1990
14,3.500,0.950,22,1406
14,3.500,0.950,31,828
14,3.500,0.950,29,2140
14,3.500,0.950,4,1276
14,3.500,0.950,23,1735
14,3.500,0.950,10,974
14,3.500,0.950,8,229
14,3.500,0.950,21,3000
14,3.500,0.950,26,2404
14,3.500,0.950,19,1389
14,3.500,0.950,16,2908
14,3.500,0.950,22,803
14,3.500,0.950,15,1122
14,3.500,0.950,3,1005
14,3.500,0.950,50,3424
14,3.500,0.950,9,459
14,3.500,0.950,33,2759
14,3.500,0.950,3,311
14,3.500,0.950,19,1691
14,3.500,0.950,17,1505
14,3.500,0.950,4,1242
14,3.500,0.950,15,1514
14,3.500,0.950,20,833
14,3.500,0.950,13,992
14,3.500,0.950,86,1908
14,3.500,0.950,5,427
14,3.500,0.950,22,583
14,3.500,0.950,10,509
14,3.500,0.950,36,1982
14,3.500,0.950,10,799
14,3.500,0.950,13,1105
14,3.500,0.950,6,664
14,3.500,0.950,22,1671
14,3.500,0.950,7,2903
14,3.500,0.950,3,643
14,3.500,0.950,8,448
14,3.500,0.950,29,1198
14,3.500,0.950,24,4124
14,3.500,0.950,18,1022
14,3.500,0.950,38,821
14,3.500,0.950,16,2902
14,3.500,0.950,10,743
14,3.500,0.950,2,87
14,3.500,0.950,11,2089
14,3.500,0.950,2,478
14,3.500,0.950,1,881
14,3.500,0.950,20,1429
14,3.500,0.950,33,965
14,3.500,0.950,21,2502
14,3.500,0.950,24,1205
14,3.500,0.950,3,97
14,3.500,0.950,12,796
14,3.500,0.950,33,2198
14,3.500,0.950,12,328
14,3.500,0.950,11,435
14,3.500,0.950,26,7034
14,3.500,0.950,9,502
14,3.500,0.950,15,1663
14,3.500,0.950,47,4511
14,3.500,0.950,20,1787
14,3.500,0.950,8,1022
14,3.500,0.950,26,1133
14,3.500,0.950,3,195
14,3.500,0.950,3,1329
14,3.500,0.950,31,2626
14,3.500,0.950,49,1982
14,3.500,0.950,3,3464
14,3.500,0.950,18,301
14,3.500,0.950,22,2703
14,3.500,0.950,8,368
14,3.500,0.950,21,1022
14,3.500,0.950,80,1457
14,3.500,0.950,24,1099
14,3.500,0.950,11,418
14,3.500,0.950,9,492
14,3.500,0.950,9,776
14,3.500,0.950,41,2437
14,3.500,0.950,41,550
14,3.500,0.950,17,1653
14,3.500,0.950,16,1586
14,3.500,0.950,4,422
14,3.500,0.950,13,1224
14,3.500,0.950,20,4031
14,3.500,0.950,31,705
14,3.500,0.950,11,541
14,3.500,0.950,26,1958
14,3.500,0.950,24,957
14,3.500,0.950,10,1488
14,3.500,0.950,24,1396
14,3.500,0.950,12,2381
14,3.500,0.950,3,1839
14,3.500,0.950,25,808
14,3.500,0.950,14,688
14,3.500,0.950,8,1107
14,3.500,0.950,26,1948
14,3.500,0.950,14,2587
14,3.500,0.950,46,1262
14,3.500,0.950,15,1957
14,3.500,0.950,20,1813
14,3.500,0.950,17,599
14,3.500,0.950,41,2600
14,3.500,0.950,40,2185
14,3.500,0.950,4,533
14,3.500,0.950,9,3925
14,3.500,0.950,16,100
14,3.500,0.950,4,723
14,3.500,0.950,3,153
14,3.500,0.950,6,349
14,3.500,0.950,48,1185
14,3.500,0.950,1,173
14,3.500,0.950,4,90
14,3.500,0.950,17,1201
14,3.500,0.950,1,99
14,3.500,0.950,18,134
14,3.500,0.950,37,437
14,3.500,0.950,29,972
14,3.500,0.950,7,486
14,3.500,0.950,6,493
14,3.500,0.950,8,1076
14,3.500,0.950,99,2248
14,3.500,0.950,2,63
14,3.500,0.950,61,3420
14,3.500,0.950,12,1389
14,3.500,0.950,14,4574
14,3.500,0.950,9,156
14,3.500,0.950,24,1252
14,3.500,0.950,11,1675
14,3.500,0.950,9,714
14,3.500,0.950,35,7526
14,3.500,0.950,6,1265
14,3.500,0.950,11,1999
14,3.500,0.950,41,1565
14,3.500,0.950,39,3633
14,3.500,0.950,10,617
14,3.500,0.950,25,458
14,3.500,0.950,22,776
14,3.500,0.950,21,429
14,3.500,0.950,3,1646
14,3.500,0.950,24,1685
14,3.500,0.950,2,787
14,3.500,0.950,22,1362
14,3.500,0.950,14,1260
14,3.500,0.950,5,2981
14,3.500,0.950,12,1569
14,3.500,0.950,52,4752
14,3.500,0.950,45,908
14,3.500,0.950,23,248
14,3.500,0.950,74,2257
14,3.500,0.950,7,634
14,3.500,0.950,21,1970
14,3.500,0.950,26,2997
14,3.500,0.950,42,834
14,3.500,0.950,7,668
14,3.500,0.950,3,85
14,3.500,0.950,27,353
14,3.500,0.950,7,1664
14,3.500,0.950,85,2586
14,3.500,0.950,12,761
14,3.500,0.950,3,91
14,3.500,0.950,28,3167
14,3.500,0.950,44,3419
14,3.500,0.950,6,377
14,3.500,0.950,19,1134
14,3.500,0.950,4,1275
14,3.500,0.950,84,811
14,3.500,0.950,33,2105
14,3.500,0.950,9,662
14,3.500,0.950,2,871
14,3.500,0.950,19,1886
14,3.500,0.950,39,398
14,3.500,0.950,22,223
14,3.500,0.950,25,3462
14,3.500,0.950,7,207
14,3.500,0.950,48,3367
14,3.500,0.950,16,6928
14,3.500,0.950,5,418
14,3.500,0.950,13,961
14,3.500,0.950,6,2179
14,3.500,0.950,75,4147
14,3.500,0.950,14,2658
14,3.500,0.950,13,924
14,3.500,0.950,4,974
14,3.500,0.950,19,2499
14,3.500,0.950,17,2046
14,3.500,0.950,12,1081
14,3.500,0.950,12,1531
14,3.500,0.950,7,652
14,3.500,0.950,50,2828
14,3.500,0.950,8,756
14,3.500,0.950,1,557
14,3.500,0.950,22,579
14,3.500,0.950,17,3570
14,3.500,0.950,22,2012
14,3.500,0.950,2,77
14,3.500,0.950,5,606
14,3.500,0.950,9,554
14,3.500,0.950,22,3465
14,3.500,0.950,8,727
14,3.500,0.950,32,2482
14,3.500,0.950,12,3105
14,3.500,0.950,17,844
14,3.500,0.950,3,822
14,3.500,0.950,3,532
14,3.500,0.950,22,1145
14,3.500,0.950,26,4682
14,3.500,0.950,12,1253
14,3.500,0.950,17,257
14,3.500,0.950,30,955
14,3.500,0.950,1,1329
14,3.500,0.950,17,2854
14,3.500,0.950,2,401
14,3.500,0.950,3,222
14,3.500,0.950,4,1389
14,3.500,0.950,11,839
14,3.500,0.950,20,2010
14,3.500,0.950,36,2791
14,3.500,1.000,37,82
14,3.500,1.000,17,47
14,3.500,1.000,28,68
14,3.500,1.000,43,61
14,3.500,1.000,3,10
14,3.500,1.000,21,30
14,3.500,1.000,4,10
14,3.500,1.000,94,119
14,3.500,1.000,3,8
14,3.500,1.000,36,56
14,3.500,1.000,9,19
14,3.500,1.000,14,28
14,3.500,1.000,6,27
14,3.500,1.000,9,18
14,3.500,1.000,51,110
14,3.500,1.000,44,42
14,3.500,1.000,45,86
14,3.500,1.000,50,56
14,3.500,1.000,62,46
14,3.500,1.000,51,71
14,3.500,1.000,16,41
14,3.500,1.000,18,44
14,3.500,1.000,8,23
14,3.500,1.000,18,35
14,3.500,1.000,1,4
14,3.500,1.000,16,34
14,3.500,1.000,51,65
14,3.500,1.000,34,99
14,3.500,1.000,15,31
14,3.500,1.000,22,87
14,3.500,1.000,15,30
14,3.500,1.000,56,64
14,3.500,1.000,14,42
14,3.500,1.000,1,3
14,3.500,1.000,16,70
14,3.500,1.000,31,51
14,3.500,1.000,8,23
14,3.500,1.000,14,54
14,3.500,1.000,14,28
14,3.500,1.000,41,79
14,3.500,1.000,27,70
14,3.500,1.000,23,67
14,3.500,1.000,63,95
14,3.500,1.000,19,54
14,3.500,1.000,5,19
14,3.500,1.000,11,31
14,3.500,1.000,58,121
14,3.500,1.000,8,19
14,3.500,1.000,6,17
14,3.500,1.000,41,96
14,3.500,1.000,11,34
14,3.500,1.000,10,18
14,3.500,1.000,7,14
14,3.500,1.000,45,81
14,3.500,1.000,44,72
14,3.500,1.000,10,34
14,3.500,1.000,62,97
14,3.500,1.000,41,97
14,3.500,1.000,20,48
14,3.500,1.000,3,20
14,3.500,1.000,8,22
14,3.500,1.000,39,83
14,3.500,1.000,4,20
14,3.500,1.000,4,7
14,3.500,1.000,9,25
14,3.500,1.000,8,22
14,3.500,1.000,23,57
14,3.500,1.000,20,40
14,3.500,1.000,14,29
14,3.500,1.000,9,25
14,3.500,1.000,79,103
14,3.500,1.000,4,16
14,3.500,1.000,5,17
14,3.500,1.000,2,7
14,3.500,1.000,31,44
14,3.500,1.000,10,34
14,3.500,1.000,9,15
14,3.500,1.000,9,22
14,3.500,1.000,51,57
14,3.500,1.000,5,14
14,3.500,1.000,68,79
14,3.500,1.000,12,36
14,3.500,1.000,10,37
14,3.500,1.000,6,28
14,3.500,1.000,17,49
14,3.500,1.000,17,43
14,3.500,1.000,27,47
14,3.500,1.000,2,5
14,3.500,1.000,23,73
14,3.500,1.000,32,61
14,3.500,1.000,21,51
14,3.500,1.000,2,7
14,3.500,1.000,4,9
14,3.500,1.000,41,56
14,3.500,1.000,38,66
14,3.500,1.000,50,71
14,3.500,1.000,7,26
14,3.500,1.000,29,83
14,3.500,1.000,20,52
14,3.500,1.000,31,59
14,3.500,1.000,9,18
14,3.500,1.000,12,23
14,3.500,1.000,22,50
14,3.500,1.000,36,30
14,3.500,1.000,2,10
14,3.500,1.000,11,17
14,3.500,1.000,31,56
14,3.500,1.000,6,12
14,3.500,1.000,26,34
14,3.500,1.000,31,67
14,3.500,1.000,20,42
14,3.500,1.000,7,23
14,3.500,1.000,11,24
14,3.500,1.000,12,31
14,3.500,1.000,13,31
14,3.500,1.000,18,42
14,3.500,1.000,42,58
14,3.500,1.000,8,7
14,3.500,1.000,6,15
14,3.500,1.000,2,14
14,3.500,1.000,15,43
14,3.500,1.000,6,31
14,3.500,1.000,6,15
14,3.500,1.000,8,27
14,3.500,1.000,66,88
14,3.500,1.000,8,26
14,3.500,1.000,8,18
14,3.500,1.000,20,40
14,3.500,1.000,35,73
14,3.500,1.000,30,63
14,3.500,1.000,47,115
14,3.500,1.000,19,32
14,3.500,1.000,8,9
14,3.500,1.000,25,49
14,3.500,1.000,18,48
14,3.500,1.000,4,8
14,3.500,1.000,2,9
14,3.500,1.000,29,63
14,3.500,1.000,21,58
14,3.500,1.000,44,72
14,3.500,1.000,18,11
14,3.500,1.000,37,52
14,3.500,1.000,3,10
14,3.500,1.000,20,46
14,3.500,1.000,8,25
14,3.500,1.000,11,31
14,3.500,1.000,31,77
14,3.500,1.000,2,11
14,3.500,1.000,25,52
14,3.500,1.000,13,40
14,3.500,1.000,2,3
14,3.500,1.000,36,79
14,3.500,1.000,25,76
14,3.500,1.000,16,35
14,3.500,1.000,26,48
14,3.500,1.000,44,34
14,3.500,1.000,2,4
14,3.500,1.000,27,40
14,3.500,1.000,23,50
14,3.500,1.000,39,72
14,3.500,1.000,18,60
14,3.500,1.000,52,120
14,3.500,1.000,18,33
14,3.500,1.000,4,16
14,3.500,1.000,3,7
14,3.500,1.000,32,59
14,3.500,1.000,5,15
14,3.500,1.000,39,61
14,3.500,1.000,21,26
14,3.500,1.000,15,28
14,3.500,1.000,34,66
14,3.500,1.000,18,54
14,3.500,1.000,48,108
14,3.500,1.000,19,49
14,3.500,1.000,18,27
14,3.500,1.000,22,71
14,3.500,1.000,24,65
14,3.500,1.000,7,18
14,3.500,1.000,3,13
14,3.500,1.000,20,64
14,3.500,1.000,8,19
14,3.500,1.000,2,8
14,3.500,1.000,10,15
14,3.500,1.000,11,30
14,3.500,1.000,1,9
14,3.500,1.000,41,60
14,3.500,1.000,91,157
14,3.500,1.000,22,49
14,3.500,1.000,14,22
14,3.500,1.000,17,45
14,3.500,1.000,18,46
14,3.500,1.000,53,105
14,3.500,1.000,27,77
14,3.500,1.000,2,5
14,3.500,1.000,13,37
14,3.500,1.000,9,21
14,3.500,1.000,9,20
14,3.500,1.000,12,37
14,3.500,1.000,39,77
14,3.500,1.000,9,22
14,3.500,1.000,18,51
14,3.500,1.000,37,84
14,3.500,1.000,24,15
14,3.500,1.000,40,66
14,3.500,1.000,40,70
14,3.500,1.000,18,56
14,3.500,1.000,12,54
14,3.500,1.000,6,19
14,3.500,1.000,6,25
14,3.500,1.000,4,10
14,3.500,1.000,9,19
14,3.500,1.000,37,63
14,3.500,1.000,5,17
14,3.500,1.000,34,49
14,3.500,1.000,23,52
14,3.500,1.000,8,22
14,3.500,1.000,4,7
14,3.500,1.000,61,64
14,3.500,1.000,27,33
14,3.500,1.000,12,19
14,3.500,1.000,25,50
14,3.500,1.000,55,101
14,3.500,1.000,33,70
14,3.500,1.000,4,9
14,3.500,1.000,27,62
14,3.500,1.000,75,59
14,3.500,1.000,13,29
14,3.500,1.000,4,11
14,3.500,1.000,16,64
14,3.500,1.000,2,8
14,3.500,1.000,16,35
14,3.500,1.000,27,61
14,3.500,1.000,2,9
14,3.500,1.000,46,57
14,3.500,1.000,14,37
14,3.500,1.000,14,25
14,3.500,1.000,10,28
14,3.500,1.000,30,31
14,3.500,1.000,17,27
14,3.500,1.000,47,110
14,3.500,1.000,10,38
14,3.500,1.000,36,65
14,3.500,1.000,49,92
14,3.500,1.000,11,29
14,3.500,1.000,42,79
14,3.500,1.000,51,117
14,3.500,1.000,60,113
14,3.500,1.000,4,8
14,3.500,1.000,21,41
14,3.500,1.000,1,4
14,3.500,1.000,27,54
14,3.500,1.000,32,59
14,3.500,1.000,38,32
14,3.500,1.000,88,116
14,3.500,1.000,5,21
14,3.500,1.000,21,44
14,3.500,1.000,46,111
14,3.500,1.000,17,52
14,3.500,1.000,11,30
14,3.500,1.000,43,91
14,3.500,1.000,21,39
14,3.500,1.000,24,49
14,3.500,1.000,21,52
14,3.500,1.000,9,22
14,3.500,1.000,9,27
14,3.500,1.000,19,34
14,3.500,1.000,5,11
14,3.500,1.000,5,15
14,3.500,1.000,4,24
14,3.500,1.000,8,31
14,3.500,1.000,5,18
14,3.500,1.000,22,40
14,3.500,1.000,23,47
14,3.500,1.000,15,53
14,3.500,1.000,22,40
14,3.500,1.000,14,32
14,3.500,1.000,5,17
14,3.500,1.000,7,20
14,3.500,1.000,5,18
14,3.500,1.000,28,55
14,3.500,1.000,7,15
14,3.500,1.000,14,25
14,3.500,1.000,23,35
14,3.500,1.000,10,21
14,3.500,1.000,9,22
14,3.500,1.000,3,16
14,3.500,1.000,22,62
14,3.500,1.000,10,28
14,3.500,1.000,19,23
14,3.500,1.000,12,31
14,3.500,1.000,21,51
15,3.500,0.200,10,1680
15,3.500,0.200,22,5096
15,3.500,0.200,28,7608
15,3.500,0.200,19,2373
15,3.500,0.200,13,3641
15,3.500,0.200,20,3153
15,3.500,0.200,41,1122
15,3.500,0.200,13,2743
15,3.500,0.200,15,840
15,3.500,0.200,54,1083
15,3.500,0.200,27,3406
15,3.500,0.200,2,568
15,3.500,0.200,51,5202
15,3.500,0.200,4,447
15,3.500,0.200,46,5485
15,3.500,0.200,23,2746
15,3.500,0.200,19,1107
15,3.500,0.200,5,559
15,3.500,0.200,4,1200
15,3.500,0.200,39,1883
15,3.500,0.200,10,2683
15,3.500,0.200,29,1840
15,3.500,0.200,24,6617
15,3.500,0.200,4,358
15,3.500,0.200,30,2951
15,3.500,0.200,15,653
15,3.500,0.200,29,1223
15,3.500,0.200,5,191
15,3.500,0.200,17,1133
15,3.500,0.200,2,339
15,3.500,0.200,17,1520
15,3.500,0.200,1,6248
15,3.500,0.200,35,3680
15,3.500,0.200,12,2086
15,3.500,0.200,40,2576
15,3.500,0.200,21,593
15,3.500,0.200,6,1704
15,3.500,0.200,16,614
15,3.500,0.200,8,472
15,3.500,0.200,16,1594
15,3.500,0.200,23,4027
15,3.500,0.200,12,376
15,3.500,0.200,15,3352
15,3.500,0.200,21,8105
15,3.500,0.200,21,1297
15,3.500,0.200,35,2892
15,3.500,0.200,23,818
15,3.500,0.200,2,407
15,3.500,0.200,26,222
15,3.500,0.200,18,718
15,3.500,0.200,22,4609
15,3.500,0.200,15,2097
15,3.500,0.200,8,1985
15,3.500,0.200,94,3415
15,3.500,0.200,65,2346
15,3.500,0.200,32,1247
15,3.500,0.200,23,538
15,3.500,0.200,20,2063
15,3.500,0.200,3,2594
15,3.500,0.200,6,1119
15,3.500,0.200,24,1048
15,3.500,0.200,29,3646
15,3.500,0.200,27,1728
15,3.500,0.200,37,6423
15,3.500,0.200,2,273
15,3.500,0.200,1,503
15,3.500,0.200,15,1412
15,3.500,0.200,30,335
15,3.500,0.200,22,1667
15,3.500,0.200,27,998
15,3.500,0.200,14,779
15,3.500,0.200,2,686
15,3.500,0.200,11,2719
15,3.500,0.200,11,638
15,3.500,0.200,7,803
15,3.500,0.200,23,4860
15,3.500,0.200,18,2371
15,3.500,0.200,16,1657
15,3.500,0.200,5,4042
15,3.500,0.200,15,5748
15,3.500,0.200,5,1494
15,3.500,0.200,9,3384
15,3.500,0.200,5,190
15,3.500,0.200,11,3323
15,3.500,0.200,110,2950
15,3.500,0.200,2,1082
15,3.500,0.200,35,935
15,3.500,0.200,12,1820
15,3.500,0.200,14,345
15,3.500,0.200,9,1922
15,3.500,0.200,22,915
15,3.500,0.200,16,1741
15,3.500,0.200,21,13990
15,3.500,0.200,28,775
15,3.500,0.200,76,3803
15,3.500,0.200,38,518
15,3.500,0.200,57,1066
15,3.500,0.200,6,1222
15,3.500,0.200,8,5201
15,3.500,0.200,14,13866
15,3.500,0.200,76,4691
15,3.500,0.200,8,1022
15,3.500,0.200,63,7647
15,3.500,0.200,10,268
15,3.500,0.200,9,1370
15,3.500,0.200,11,249
15,3.500,0.200,4,1474
15,3.500,0.200,44,6110
15,3.500,0.200,12,1587
15,3.500,0.200,20,3038
15,3.500,0.200,20,4451
15,3.500,0.200,107,3871
15,3.500,0.200,6,1295
15,3.500,0.200,10,783
15,3.500,0.200,76,2110
15,3.500,0.200,8,52
15,3.500,0.200,3,3352
15,3.500,0.200,9,4762
15,3.500,0.200,40,6160
15,3.500,0.200,11,478
15,3.500,0.200,14,3804
15,3.500,0.200,18,218
15,3.500,0.200,10,1367
15,3.500,0.200,9,1390
15,3.500,0.200,20,3277
15,3.500,0.200,6,424
15,3.500,0.200,11,1312
15,3.500,0.200,3,885
15,3.500,0.200,12,1764
15,3.500,0.200,24,1950
15,3.500,0.200,58,4035
15,3.500,0.200,4,423
15,3.500,0.200,37,1906
15,3.500,0.200,13,964
15,3.500,0.200,8,2536
15,3.500,0.200,22,467
15,3.500,0.200,23,1154
15,3.500,0.200,110,1130
15,3.500,0.200,9,3619
15,3.500,0.200,26,4211
15,3.500,0.200,26,1312
15,3.500,0.200,26,466
15,3.500,0.200,26,489
15,3.500,0.200,37,2500
15,3.500,0.200,10,2262
15,3.500,0.200,58,1058
15,3.500,0.200,177,5570
15,3.500,0.200,15,865
15,3.500,0.200,29,3549
15,3.500,0.200,26,2911
15,3.500,0.200,6,331
15,3.500,0.200,13,1515
15,3.500,0.200,38,2067
15,3.500,0.200,3,685
15,3.500,0.200,34,5247
15,3.500,0.200,13,2514
15,3.500,0.200,22,5277
15,3.500,0.200,7,2759
15,3.500,0.200,32,3749
15,3.500,0.200,27,1565
15,3.500,0.200,75,3158
15,3.500,0.200,78,2586
15,3.500,0.200,2,878
15,3.500,0.200,25,1559
15,3.500,0.200,11,3694
15,3.500,0.200,11,752
15,3.500,0.200,41,5353
15,3.500,0.200,19,2664
15,3.500,0.200,91,497
15,3.500,0.200,49,1566
15,3.500,0.200,9,124
15,3.500,0.200,4,176
15,3.500,0.200,2,232
15,3.500,0.200,4,275
15,3.500,0.200,38,2682
15,3.500,0.200,47,4761
15,3.500,0.200,1,542
15,3.500,0.200,15,1443
15,3.500,0.200,84,4574
15,3.500,0.200,7,1037
15,3.500,0.200,31,2041
15,3.500,0.200,24,761
15,3.500,0.200,54,4802
15,3.500,0.200,46,6660
15,3.500,0.200,57,4250
15,3.500,0.200,17,811
15,3.500,0.200,33,1314
15,3.500,0.200,46,985
15,3.500,0.200,89,1862
15,3.500,0.200,73,2600
15,3.500,0.200,3,115
15,3.500,0.200,21,2828
15,3.500,0.200,7,1696
15,3.500,0.200,34,1774
15,3.500,0.200,86,6131
15,3.500,0.200,2,2075
15,3.500,0.200,13,2539
15,3.500,0.200,21,3594
15,3.500,0.200,3,1212
15,3.500,0.200,6,424
15,3.500,0.200,118,2816
15,3.500,0.200,41,7155
15,3.500,0.200,14,1618
15,3.500,0.200,8,2521
15,3.500,0.200,23,9182
15,3.500,0.200,63,6188
15,3.500,0.200,33,2482
15,3.500,0.200,13,3280
15,3.500,0.200,23,3504
15,3.500,0.200,29,1982
15,3.500,0.200,24,16698
15,3.500,0.200,8,450
15,3.500,0.200,13,613
15,3.500,0.200,5,715
15,3.500,0.200,16,9278
15,3.500,0.200,11,2700
15,3.500,0.200,36,1342
15,3.500,0.200,12,1971
15,3.500,0.200,5,908
15,3.500,0.200,30,1121
15,3.500,0.200,47,1693
15,3.500,0.200,21,1351
15,3.500,0.200,7,186
15,3.500,0.200,23,5843
15,3.500,0.200,23,2034
15,3.500,0.200,25,664
15,3.500,0.200,1,1230
15,3.500,0.200,20,3031
15,3.500,0.200,14,667
15,3.500,0.200,1,938
15,3.500,0.200,3,597
15,3.500,0.200,6,557
15,3.500,0.200,24,3619
15,3.500,0.200,37,4224
15,3.500,0.200,25,430
15,3.500,0.200,19,2958
15,3.500,0.200,35,3546
15,3.500,0.200,11,937
15,3.500,0.200,2,306
15,3.500,0.200,10,283
15,3.500,0.200,23,5776
15,3.500,0.200,21,2584
15,3.500,0.200,17,940
15,3.500,0.200,14,5254
15,3.500,0.200,7,978
15,3.500,0.200,6,1086
15,3.500,0.200,86,1736
15,3.500,0.200,43,2427
15,3.500,0.200,40,6896
15,3.500,0.200,13,2900
15,3.500,0.200,17,3078
15,3.500,0.200,3,1486
15,3.500,0.200,16,1219
15,3.500,0.200,22,1343
15,3.500,0.200,50,4106
15,3.500,0.200,7,163
15,3.500,0.200,71,9102
15,3.500,0.200,45,3839
15,3.500,0.200,26,3755
15,3.500,0.200,20,4366
15,3.500,0.200,28,3065
15,3.500,0.200,8,337
15,3.500,0.200,55,3019
15,3.500,0.200,23,591
15,3.500,0.200,20,700
15,3.500,0.200,16,2117
15,3.500,0.200,25,2439
15,3.500,0.200,35,979
15,3.500,0.200,21,1569
15,3.500,0.200,34,1870
15,3.500,0.200,45,2888
15,3.500,0.200,22,1708
15,3.500,0.200,56,894
15,3.500,0.200,17,1739
15,3.500,0.200,45,2214
15,3.500,0.200,18,127
15,3.500,0.200,81,7568
15,3.500,0.200,191,5854
15,3.500,0.200,67,2383
15,3.500,0.200,21,5964
15,3.500,0.200,2,863
15,3.500,0.200,10,620
15,3.500,0.200,37,4554
15,3.500,0.200,15,1193
15,3.500,0.200,6,472
15,3.500,0.500,14,1840
15,3.500,0.500,48,2767
15,3.500,0.500,5,1569
15,3.500,0.500,65,4662
15,3.500,0.500,36,1473
15,3.500,0.500,60,1815
15,3.500,0.500,30,1077
15,3.500,0.500,5,1131
15,3.500,0.500,41,3164
15,3.500,0.500,90,3805
15,3.500,0.500,3,132
15,3.500,0.500,40,9284
15,3.500,0.500,11,3485
15,3.500,0.500,9,1479
15,3.500,0.500,49,19446
15,3.500,0.500,45,4492
15,3.500,0.500,56,726
15,3.500,0.500,23,1850
15,3.500,0.500,58,3454
15,3.500,0.500,33,3056
15,3.500,0.500,39,1993
15,3.500,0.500,21,4456
15,3.500,0.500,26,1867
15,3.500,0.500,13,2715
15,3.500,0.500,49,1812
15,3.500,0.500,6,1181
15,3.500,0.500,7,4256
15,3.500,0.500,58,1598
15,3.500,0.500,26,3008
15,3.500,0.500,95,5319
15,3.500,0.500,6,3021
15,3.500,0.500,30,2433
15,3.500,0.500,9,3028
15,3.500,0.500,49,2033
15,3.500,0.500,10,539
15,3.500,0.500,1,2265
15,3.500,0.500,23,4683
15,3.500,0.500,36,3864
15,3.500,0.500,26,2577
15,3.500,0.500,21,2231
15,3.500,0.500,22,1763
15,3.500,0.500,49,3969
15,3.500,0.500,25,3755
15,3.500,0.500,61,662
15,3.500,0.500,10,819
15,3.500,0.500,16,557
15,3.500,0.500,6,970
15,3.500,0.500,78,1094
15,3.500,0.500,5,154
15,3.500,0.500,55,1316
15,3.500,0.500,2,114
15,3.500,0.500,22,841
15,3.500,0.500,30,2425
15,3.500,0.500,10,829
15,3.500,0.500,11,3947
15,3.500,0.500,64,3546
15,3.500,0.500,17,490
15,3.500,0.500,2,1342
15,3.500,0.500,2,1961
15,3.500,0.500,20,2895
15,3.500,0.500,64,3081
15,3.500,0.500,55,4459
15,3.500,0.500,33,3967
15,3.500,0.500,18,4737
15,3.500,0.500,24,934
15,3.500,0.500,83,14259
15,3.500,0.500,16,5494
15,3.500,0.500,43,2178
15,3.500,0.500,25,4176
15,3.500,0.500,3,2696
15,3.500,0.500,48,4613
15,3.500,0.500,24,2471
15,3.500,0.500,112,3011
15,3.500,0.500,2,390
15,3.500,0.500,41,3107
15,3.500,0.500,5,1420
15,3.500,0.500,90,4346
15,3.500,0.500,25,1854
15,3.500,0.500,18,1979
15,3.500,0.500,12,2585
15,3.500,0.500,33,1769
15,3.500,0.500,16,1019
15,3.500,0.500,49,7374
15,3.500,0.500,10,2210
15,3.500,0.500,40,3098
15,3.500,0.500,24,689
15,3.500,0.500,23,2630
15,3.500,0.500,48,754
15,3.500,0.500,29,2672
15,3.500,0.500,37,6164
15,3.500,0.500,5,584
15,3.500,0.500,22,1725
15,3.500,0.500,33,3392
15,3.500,0.500,8,1153
15,3.500,0.500,23,11067
15,3.500,0.500,9,1710
15,3.500,0.500,20,600
15,3.500,0.500,55,5996
15,3.500,0.500,108,6137
15,3.500,0.500,14,1914
15,3.500,0.500,20,1814
15,3.500,0.500,1,470
15,3.500,0.500,31,8586
15,3.500,0.500,43,6544
15,3.500,0.500,15,8181
15,3.500,0.500,16,1220
15,3.500,0.500,5,3047
15,3.500,0.500,2,1114
15,3.500,0.500,16,1318
15,3.500,0.500,8,2975
15,3.500,0.500,29,2842
15,3.500,0.500,29,991
15,3.500,0.500,40,1755
15,3.500,0.500,20,6518
15,3.500,0.500,41,2684
15,3.500,0.500,6,282
15,3.500,0.500,4,1076
15,3.500,0.500,4,1670
15,3.500,0.500,19,252
15,3.500,0.500,40,1621
15,3.500,0.500,36,2317
15,3.500,0.500,4,1903
15,3.500,0.500,24,1647
15,3.500,0.500,16,1046
15,3.500,0.500,12,834
15,3.500,0.500,11,743
15,3.500,0.500,21,4720
15,3.500,0.500,23,1223
15,3.500,0.500,12,3799
15,3.500,0.500,114,3093
15,3.500,0.500,1,124
15,3.500,0.500,24,1748
15,3.500,0.500,21,6312
15,3.500,0.500,101,9536
15,3.500,0.500,13,1509
15,3.500,0.500,25,1251
15,3.500,0.500,14,1940
15,3.500,0.500,20,4512
15,3.500,0.500,10,835
15,3.500,0.500,33,5257
15,3.500,0.500,2,672
15,3.500,0.500,15,2288
15,3.500,0.500,11,3992
15,3.500,0.500,74,3571
15,3.500,0.500,29,5054
15,3.500,0.500,8,146
15,3.500,0.500,6,4809
15,3.500,0.500,5,642
15,3.500,0.500,9,7447
15,3.500,0.500,17,3433
15,3.500,0.500,7,1144
15,3.500,0.500,8,1933
15,3.500,0.500,7,637
15,3.500,0.500,4,333
15,3.500,0.500,19,1416
15,3.500,0.500,15,2237
15,3.500,0.500,28,3427
15,3.500,0.500,35,4160
15,3.500,0.500,19,2245
15,3.500,0.500,24,5464
15,3.500,0.500,16,1304
15,3.500,0.500,8,720
15,3.500,0.500,15,1045
15,3.500,0.500,9,260
15,3.500,0.500,8,1547
15,3.500,0.500,13,848
15,3.500,0.500,3,1064
15,3.500,0.500,13,4221
15,3.500,0.500,11,4258
15,3.500,0.500,12,3548
15,3.500,0.500,4,168
15,3.500,0.500,93,3014
15,3.500,0.500,10,3651
15,3.500,0.500,35,2358
15,3.500,0.500,2,270
15,3.500,0.500,49,3691
15,3.500,0.500,8,1042
15,3.500,0.500,71,3697
15,3.500,0.500,4,232
15,3.500,0.500,8,1893
15,3.500,0.500,8,3177
15,3.500,0.500,27,12527
15,3.500,0.500,21,4628
15,3.500,0.500,31,632
15,3.500,0.500,97,3823
15,3.500,0.500,9,781
15,3.500,0.500,35,3480
15,3.500,0.500,86,3578
15,3.500,0.500,15,7103
15,3.500,0.500,39,2984
15,3.500,0.500,7,255
15,3.500,0.500,38,3141
15,3.500,0.500,84,2513
15,3.500,0.500,26,2992
15,3.500,0.500,17,1201
15,3.500,0.500,65,6796
15,3.500,0.500,2,371
15,3.500,0.500,36,3670
15,3.500,0.500,24,2776
15,3.500,0.500,24,2046
15,3.500,0.500,102,5045
15,3.500,0.500,65,6952
15,3.500,0.500,46,2820
15,3.500,0.500,12,1730
15,3.500,0.500,23,1288
15,3.500,0.500,34,4115
15,3.500,0.500,25,7133
15,3.500,0.500,29,4320
15,3.500,0.500,56,5650
15,3.500,0.500,5,7119
15,3.500,0.500,29,1813
15,3.500,0.500,29,2238
15,3.500,0.500,26,4760
15,3.500,0.500,8,42
15,3.500,0.500,7,835
15,3.500,0.500,8,264
15,3.500,0.500,3,284
15,3.500,0.500,38,709
15,3.500,0.500,61,6808
15,3.500,0.500,13,1122
15,3.500,0.500,39,10046
15,3.500,0.500,43,1703
15,3.500,0.500,45,1894
15,3.500,0.500,8,1167
15,3.500,0.500,14,1777
15,3.500,0.500,168,5081
15,3.500,0.500,6,302
15,3.500,0.500,16,5821
15,3.500,0.500,17,4304
15,3.500,0.500,22,2642
15,3.500,0.500,32,1090
15,3.500,0.500,27,17052
15,3.500,0.500,17,3974
15,3.500,0.500,29,5009
15,3.500,0.500,4,1643
15,3.500,0.500,18,1333
15,3.500,0.500,2,4127
15,3.500,0.500,19,1792
15,3.500,0.500,11,1772
15,3.500,0.500,4,658
15,3.500,0.500,47,1257
15,3.500,0.500,4,283
15,3.500,0.500,29,4975
15,3.500,0.500,41,2565
15,3.500,0.500,7,398
15,3.500,0.500,7,519
15,3.500,0.500,2,748
15,3.500,0.500,14,565
15,3.500,0.500,56,5654
15,3.500,0.500,46,4347
15,3.500,0.500,22,2920
15,3.500,0.500,22,1146
15,3.500,0.500,7,1658
15,3.500,0.500,27,1997
15,3.500,0.500,38,1926
15,3.500,0.500,9,2801
15,3.500,0.500,43,2206
15,3.500,0.500,5,576
15,3.500,0.500,18,2527
15,3.500,0.500,101,2875
15,3.500,0.500,1,422
15,3.500,0.500,18,1945
15,3.500,0.500,22,3876
15,3.500,0.500,44,590
15,3.500,0.500,22,2263
15,3.500,0.500,107,4789
15,3.500,0.500,23,1653
15,3.500,0.500,99,5281
15,3.500,0.500,31,2431
15,3.500,0.500,19,1171
15,3.500,0.500,9,539
15,3.500,0.500,5,428
15,3.500,0.500,3,4157
15,3.500,0.500,22,3289
15,3.500,0.500,10,192
15,3.500,0.500,8,216
15,3.500,0.500,56,4885
15,3.500,0.500,14,2504
15,3.500,0.500,4,3490
15,3.500,0.500,53,6211
15,3.500,0.500,27,5534
15,3.500,0.500,20,792
15,3.500,0.500,56,1964
15,3.500,0.500,53,2600
15,3.500,0.500,69,10620
15,3.500,0.500,34,1720
15,3.500,0.500,7,1872
15,3.500,0.500,16,841
15,3.500,0.500,28,1537
15,3.500,0.500,65,5763
15,3.500,0.500,6,467
15,3.500,0.500,1,203
15,3.500,0.750,40,4438
15,3.500,0.750,37,1374
15,3.500,0.750,2,607
15,3.500,0.750,6,382
15,3.500,0.750,10,518
15,3.500,0.750,55,2550
15,3.500,0.750,11,1658
15,3.500,0.750,70,1693
15,3.500,0.750,20,2451
15,3.500,0.750,85,7077
15,3.500,0.750,9,721
15,3.500,0.750,29,2565
15,3.500,0.750,31,4550
15,3.500,0.750,15,479
15,3.500,0.750,4,155
15,3.500,0.750,51,4197
15,3.500,0.750,62,6525
15,3.500,0.750,42,2284
15,3.500,0.750,7,1323
15,3.500,0.750,25,8402
15,3.500,0.750,23,1688
15,3.500,0.750,4,447
15,3.500,0.750,13,1245
15,3.500,0.750,12,1786
15,3.500,0.750,34,1170
15,3.500,0.750,39,2573
15,3.500,0.750,4,283
15,3.500,0.750,23,577
15,3.500,0.750,45,2104
15,3.500,0.750,22,4066
15,3.500,0.750,1,2327
15,3.500,0.750,8,525
15,3.500,0.750,17,3480
15,3.500,0.750,7,1158
15,3.500,0.750,12,1351
15,3.500,0.750,56,4126
15,3.500,0.750,28,285
15,3.500,0.750,22,5218
15,3.500,0.750,20,2047
15,3.500,0.750,26,6007
15,3.500,0.750,38,6871
15,3.500,0.750,21,2431
15,3.500,0.750,15,16234
15,3.500,0.750,6,2457
15,3.500,0.750,6,2374
15,3.500,0.750,21,1477
15,3.500,0.750,27,1882
15,3.500,0.750,6,4854
15,3.500,0.750,3,3209
15,3.500,0.750,27,5075
15,3.500,0.750,245,4546
15,3.500,0.750,24,2595
15,3.500,0.750,6,294
15,3.500,0.750,9,4047
15,3.500,0.750,9,1313
15,3.500,0.750,14,1886
15,3.500,0.750,88,2358
15,3.500,0.750,26,2545
15,3.500,0.750,2,916
15,3.500,0.750,1,975
15,3.500,0.750,41,2225
15,3.500,0.750,51,9981
15,3.500,0.750,10,847
15,3.500,0.750,9,430
15,3.500,0.750,42,1566
15,3.500,0.750,63,7703
15,3.500,0.750,16,2805
15,3.500,0.750,16,2218
15,3.500,0.750,29,2581
15,3.500,0.750,15,6744
15,3.500,0.750,38,1447
15,3.500,0.750,12,6671
15,3.500,0.750,10,4304
15,3.500,0.750,29,2672
15,3.500,0.750,5,4072
15,3.500,0.750,4,92
15,3.500,0.750,6,3528
15,3.500,0.750,28,2152
15,3.500,0.750,6,2558
15,3.500,0.750,31,988
15,3.500,0.750,4,561
15,3.500,0.750,27,711
15,3.500,0.750,20,361
15,3.500,0.750,44,2196
15,3.500,0.750,72,3986
15,3.500,0.750,46,2782
15,3.500,0.750,17,4922
15,3.500,0.750,7,594
15,3.500,0.750,6,3106
15,3.500,0.750,25,1280
15,3.500,0.750,96,7473
15,3.500,0.750,16,2686
15,3.500,0.750,8,527
15,3.500,0.750,47,1004
15,3.500,0.750,47,1003
15,3.500,0.750,41,3253
15,3.500,0.750,39,1654
15,3.500,0.750,81,12737
15,3.500,0.750,8,2438
15,3.500,0.750,25,3165
15,3.500,0.750,23,2262
15,3.500,0.750,29,8353
15,3.500,0.750,37,2295
15,3.500,0.750,26,2249
15,3.500,0.750,19,3326
15,3.500,0.750,15,2341
15,3.500,0.750,9,1038
15,3.500,0.750,7,474
15,3.500,0.750,71,2608
15,3.500,0.750,39,7350
15,3.500,0.750,15,4135
15,3.500,0.750,19,1308
15,3.500,0.750,7,640
15,3.500,0.750,89,4989
15,3.500,0.750,11,539
15,3.500,0.750,16,1531
15,3.500,0.750,96,2451
15,3.500,0.750,7,442
15,3.500,0.750,50,2289
15,3.500,0.750,3,1921
15,3.500,0.750,6,630
15,3.500,0.750,24,3950
15,3.500,0.750,48,2091
15,3.500,0.750,4,742
15,3.500,0.750,14,4852
15,3.500,0.750,16,982
15,3.500,0.750,20,3342
15,3.500,0.750,69,2044
15,3.500,0.750,11,1453
15,3.500,0.750,34,1934
15,3.500,0.750,26,2084
15,3.500,0.750,10,937
15,3.500,0.750,19,6538
15,3.500,0.750,12,492
15,3.500,0.750,59,1181
15,3.500,0.750,43,2842
15,3.500,0.750,22,1638
15,3.500,0.750,81,1945
15,3.500,0.750,28,706
15,3.500,0.750,16,643
15,3.500,0.750,14,10292
15,3.500,0.750,26,1882
15,3.500,0.750,24,2234
15,3.500,0.750,49,7370
15,3.500,0.750,61,1370
15,3.500,0.750,12,1725
15,3.500,0.750,30,836
15,3.500,0.750,28,6823
15,3.500,0.750,7,371
15,3.500,0.750,17,1642
15,3.500,0.750,4,440
15,3.500,0.750,11,4654
15,3.500,0.750,4,119
15,3.500,0.750,77,10390
15,3.500,0.750,35,2026
15,3.500,0.750,2,1556
15,3.500,0.750,12,475
15,3.500,0.750,25,8366
15,3.500,0.750,18,2437
15,3.500,0.750,17,1354
15,3.500,0.750,129,4982
15,3.500,0.750,7,4879
15,3.500,0.750,23,229
15,3.500,0.750,53,3478
15,3.500,0.750,68,5378
15,3.500,0.750,19,1542
15,3.500,0.750,32,1262
15,3.500,0.750,42,2737
15,3.500,0.750,4,316
15,3.500,0.750,9,2918
15,3.500,0.750,14,656
15,3.500,0.750,16,2191
15,3.500,0.750,84,8073
15,3.500,0.750,40,796
15,3.500,0.750,22,963
15,3.500,0.750,59,1542
15,3.500,0.750,11,690
15,3.500,0.750,20,1494
15,3.500,0.750,16,3612
15,3.500,0.750,4,177
15,3.500,0.750,1,599
15,3.500,0.750,17,1318
15,3.500,0.750,7,1546
15,3.500,0.750,31,955
15,3.500,0.750,9,919
15,3.500,0.750,14,9464
15,3.500,0.750,26,495
15,3.500,0.750,18,1221
15,3.500,0.750,27,1064
15,3.500,0.750,27,2997
15,3.500,0.750,36,4866
15,3.500,0.750,51,1255
15,3.500,0.750,44,2784
15,3.500,0.750,12,1814
15,3.500,0.750,175,1537
15,3.500,0.750,21,824
15,3.500,0.750,24,3461
15,3.500,0.750,103,5553
15,3.500,0.750,24,1167
15,3.500,0.750,10,2489
15,3.500,0.750,16,1491
15,3.500,0.750,146,5018
15,3.500,0.750,20,1508
15,3.500,0.750,5,503
15,3.500,0.750,20,2628
15,3.500,0.750,13,1993
15,3.500,0.750,42,1820
15,3.500,0.750,30,1372
15,3.500,0.750,4,158
15,3.500,0.750,20,2343
15,3.500,0.750,10,566
15,3.500,0.750,14,151
15,3.500,0.750,49,5523
15,3.500,0.750,39,1114
15,3.500,0.750,27,1903
15,3.500,0.750,1,199
15,3.500,0.750,12,3240
15,3.500,0.750,28,6158
15,3.500,0.750,6,3583
15,3.500,0.750,51,4446
15,3.500,0.750,9,4094
15,3.500,0.750,37,3226
15,3.500,0.750,21,1495
15,3.500,0.750,15,1009
15,3.500,0.750,7,2982
15,3.500,0.750,8,1442
15,3.500,0.750,8,1415
15,3.500,0.750,28,305
15,3.500,0.750,5,728
15,3.500,0.750,2,4129
15,3.500,0.750,32,6166
15,3.500,0.750,14,3270
15,3.500,0.750,14,476
15,3.500,0.750,66,1037
15,3.500,0.750,17,4323
15,3.500,0.750,44,6526
15,3.500,0.750,18,2285
15,3.500,0.750,18,2334
15,3.500,0.750,4,1081
15,3.500,0.750,34,1141
15,3.500,0.750,13,1037
15,3.500,0.750,8,1989
15,3.500,0.750,8,732
15,3.500,0.750,11,825
15,3.500,0.750,9,3103
15,3.500,0.750,11,1538
15,3.500,0.750,91,3930
15,3.500,0.750,18,1353
15,3.500,0.750,3,554
15,3.500,0.750,28,766
15,3.500,0.750,38,2333
15,3.500,0.750,18,5929
15,3.500,0.750,19,3658
15,3.500,0.750,16,1187
15,3.500,0.750,18,5197
15,3.500,0.750,5,1283
15,3.500,0.750,35,1372
15,3.500,0.750,23,3136
15,3.500,0.750,74,2985
15,3.500,0.750,13,1393
15,3.500,0.750,23,4733
15,3.500,0.750,11,1960
15,3.500,0.750,29,2457
15,3.500,0.750,17,2698
15,3.500,0.750,15,1252
15,3.500,0.750,2,698
15,3.500,0.750,22,1429
15,3.500,0.750,9,1847
15,3.500,0.750,31,3306
15,3.500,0.750,13,3402
15,3.500,0.750,6,681
15,3.500,0.750,13,2898
15,3.500,0.750,32,3409
15,3.500,0.750,145,3877
15,3.500,0.750,85,2682
15,3.500,0.750,32,2383
15,3.500,0.750,17,2423
15,3.500,0.750,7,7266
15,3.500,0.750,2,264
15,3.500,0.750,45,2858
15,3.500,0.750,16,6632
15,3.500,0.750,14,422
15,3.500,0.750,58,1724
15,3.500,0.750,18,1892
15,3.500,0.750,34,2022
15,3.500,0.750,62,2750
15,3.500,0.750,50,2391
15,3.500,0.900,56,4900
15,3.500,0.900,16,770
15,3.500,0.900,61,3604
15,3.500,0.900,28,1266
15,3.500,0.900,22,1709
15,3.500,0.900,5,470
15,3.500,0.900,35,3554
15,3.500,0.900,29,970
15,3.500,0.900,1,1576
15,3.500,0.900,6,502
15,3.500,0.900,21,2243
15,3.500,0.900,64,2451
15,3.500,0.900,7,713
15,3.500,0.900,23,1879
15,3.500,0.900,7,821
15,3.500,0.900,5,443
15,3.500,0.900,26,3512
15,3.500,0.900,66,11460
15,3.500,0.900,10,1628
15,3.500,0.900,14,2153
15,3.500,0.900,7,939
15,3.500,0.900,50,2967
15,3.500,0.900,34,2765
15,3.500,0.900,9,3534
15,3.500,0.900,6,1217
15,3.500,0.900,14,957
15,3.500,0.900,7,1919
15,3.500,0.900,23,1987
15,3.500,0.900,64,3730
15,3.500,0.900,6,182
15,3.500,0.900,33,1259
15,3.500,0.900,31,4423
15,3.500,0.900,11,427
15,3.500,0.900,2,318
15,3.500,0.900,48,1235
15,3.500,0.900,33,4676
15,3.500,0.900,25,1498
15,3.500,0.900,41,4594
15,3.500,0.900,5,851
15,3.500,0.900,3,1288
15,3.500,0.900,38,2663
15,3.500,0.900,50,5181
15,3.500,0.900,12,2091
15,3.500,0.900,53,4805
15,3.500,0.900,19,1272
15,3.500,0.900,17,615
15,3.500,0.900,2,232
15,3.500,0.900,11,3250
15,3.500,0.900,72,2305
15,3.500,0.900,15,1342
15,3.500,0.900,4,3754
15,3.500,0.900,44,13703
15,3.500,0.900,2,515
15,3.500,0.900,54,1375
15,3.500,0.900,4,471
15,3.500,0.900,10,1020
15,3.500,0.900,21,4151
15,3.500,0.900,4,453
15,3.500,0.900,41,801
15,3.500,0.900,6,2665
15,3.500,0.900,33,567
15,3.500,0.900,42,5788
15,3.500,0.900,13,3184
15,3.500,0.900,11,391
15,3.500,0.900,34,2345
15,3.500,0.900,31,2865
15,3.500,0.900,54,3469
15,3.500,0.900,51,2065
15,3.500,0.900,2,134
15,3.500,0.900,11,2686
15,3.500,0.900,9,2137
15,3.500,0.900,49,5136
15,3.500,0.900,27,871
15,3.500,0.900,43,2681
15,3.500,0.900,15,2104
15,3.500,0.900,5,610
15,3.500,0.900,10,664
15,3.500,0.900,17,2249
15,3.500,0.900,20,1656
15,3.500,0.900,25,3740
15,3.500,0.900,61,5355
15,3.500,0.900,70,2193
15,3.500,0.900,46,14109
15,3.500,0.900,2,2585
15,3.500,0.900,13,2264
15,3.500,0.900,1,560
15,3.500,0.900,26,735
15,3.500,0.900,24,2077
15,3.500,0.900,53,3710
15,3.500,0.900,38,2564
15,3.500,0.900,11,2737
15,3.500,0.900,74,2394
15,3.500,0.900,4,1849
15,3.500,0.900,62,8553
15,3.500,0.900,12,3249
15,3.500,0.900,9,3124
15,3.500,0.900,46,860
15,3.500,0.900,19,915
15,3.500,0.900,8,61
15,3.500,0.900,3,3673
15,3.500,0.900,5,729
15,3.500,0.900,20,1426
15,3.500,0.900,113,4290
15,3.500,0.900,10,1197
15,3.500,0.900,48,2661
15,3.500,0.900,25,5130
15,3.500,0.900,13,1486
15,3.500,0.900,4,956
15,3.500,0.900,78,6734
15,3.500,0.900,12,582
15,3.500,0.900,3,720
15,3.500,0.900,11,1694
15,3.500,0.900,148,8957
15,3.500,0.900,13,1439
15,3.500,0.900,25,1848
15,3.500,0.900,41,3031
15,3.500,0.900,16,998
15,3.500,0.900,62,3220
15,3.500,0.900,7,975
15,3.500,0.900,17,1233
15,3.500,0.900,6,1310
15,3.500,0.900,1,698
15,3.500,0.900,10,2505
15,3.500,0.900,7,12633
15,3.500,0.900,12,1539
15,3.500,0.900,56,2993
15,3.500,0.900,11,9363
15,3.500,0.900,22,5306
15,3.500,0.900,28,1615
15,3.500,0.900,12,1094
15,3.500,0.900,49,1934
15,3.500,0.900,9,2382
15,3.500,0.900,15,22641
15,3.500,0.900,22,664
15,3.500,0.900,46,2180
15,3.500,0.900,26,9201
15,3.500,0.900,14,1485
15,3.500,0.900,87,1698
15,3.500,0.900,17,1670
15,3.500,0.900,37,1079
15,3.500,0.900,27,2061
15,3.500,0.900,19,2719
15,3.500,0.900,17,4761
15,3.500,0.900,3,2856
15,3.500,0.900,46,6065
15,3.500,0.900,7,760
15,3.500,0.900,11,1226
15,3.500,0.900,10,5830
15,3.500,0.900,10,1293
15,3.500,0.900,38,2752
15,3.500,0.900,10,719
15,3.500,0.900,22,485
15,3.500,0.900,59,6604
15,3.500,0.900,9,1320
15,3.500,0.900,98,4931
15,3.500,0.900,24,1583
15,3.500,0.900,23,1599
15,3.500,0.900,52,3080
15,3.500,0.900,16,1885
15,3.500,0.900,26,3466
15,3.500,0.900,46,2808
15,3.500,0.900,23,932
15,3.500,0.900,25,1436
15,3.500,0.900,38,3731
15,3.500,0.900,50,932
15,3.500,0.900,30,12029
15,3.500,0.900,10,567
15,3.500,0.900,14,3650
15,3.500,0.900,8,2096
15,3.500,0.900,85,5614
15,3.500,0.900,22,2619
15,3.500,0.900,67,2215
15,3.500,0.900,16,5029
15,3.500,0.900,8,559
15,3.500,0.900,7,1225
15,3.500,0.900,8,414
15,3.500,0.900,21,1912
15,3.500,0.900,5,273
15,3.500,0.900,40,4433
15,3.500,0.900,8,671
15,3.500,0.900,40,3605
15,3.500,0.900,31,3772
15,3.500,0.900,21,3061
15,3.500,0.900,37,2126
15,3.500,0.900,6,1110
15,3.500,0.900,184,2981
15,3.500,0.900,12,988
15,3.500,0.900,28,647
15,3.500,0.900,10,274
15,3.500,0.900,56,2992
15,3.500,0.900,35,978
15,3.500,0.900,8,1646
15,3.500,0.900,7,202
15,3.500,0.900,6,248
15,3.500,0.900,34,3056
15,3.500,0.900,32,4070
15,3.500,0.900,25,2582
15,3.500,0.900,73,12325
15,3.500,0.900,12,3495
15,3.500,0.900,31,2147
15,3.500,0.900,14,1779
15,3.500,0.900,18,2931
15,3.500,0.900,17,1103
15,3.500,0.900,51,2429
15,3.500,0.900,1,1070
15,3.500,0.900,1,358
15,3.500,0.900,4,322
15,3.500,0.900,25,4610
15,3.500,0.900,15,488
15,3.500,0.900,10,1276
15,3.500,0.900,10,198
15,3.500,0.900,33,1160
15,3.500,0.900,19,6600
15,3.500,0.900,9,960
15,3.500,0.900,35,1454
15,3.500,0.900,25,1815
15,3.500,0.900,59,3717
15,3.500,0.900,49,1011
15,3.500,0.900,2,3332
15,3.500,0.900,44,8655
15,3.500,0.900,12,1508
15,3.500,0.900,2,367
15,3.500,0.900,19,4358
15,3.500,0.900,16,1089
15,3.500,0.900,12,1694
15,3.500,0.900,2,1033
15,3.500,0.900,11,587
15,3.500,0.900,11,2695
15,3.500,0.900,5,922
15,3.500,0.900,4,1119
15,3.500,0.900,23,3852
15,3.500,0.900,2,1680
15,3.500,0.900,6,186
15,3.500,0.900,1,2200
15,3.500,0.900,27,1088
15,3.500,0.900,8,1881
15,3.500,0.900,59,6182
15,3.500,0.900,18,2933
15,3.500,0.900,1,348
15,3.500,0.900,5,5478
15,3.500,0.900,50,1312
15,3.500,0.900,18,2055
15,3.500,0.900,36,1555
15,3.500,0.900,39,3643
15,3.500,0.900,49,1841
15,3.500,0.900,21,2852
15,3.500,0.900,33,1647
15,3.500,0.900,64,1874
15,3.500,0.900,3,425
15,3.500,0.900,10,745
15,3.500,0.900,14,490
15,3.500,0.900,55,9230
15,3.500,0.900,190,5708
15,3.500,0.900,29,2294
15,3.500,0.900,26,1409
15,3.500,0.900,2,62
15,3.500,0.900,5,4303
15,3.500,0.900,9,207
15,3.500,0.900,13,5086
15,3.500,0.900,2,202
15,3.500,0.900,11,1037
15,3.500,0.900,31,2178
15,3.500,0.900,89,6307
15,3.500,0.900,5,1656
15,3.500,0.900,1,159
15,3.500,0.900,16,1160
15,3.500,0.900,17,2346
15,3.500,0.900,11,1672
15,3.500,0.900,18,165
15,3.500,0.900,16,1129
15,3.500,0.900,103,1997
15,3.500,0.900,31,1943
15,3.500,0.900,36,4354
15,3.500,0.900,5,1056
15,3.500,0.900,5,1900
15,3.500,0.900,29,2689
15,3.500,0.900,18,502
15,3.500,0.900,36,1071
15,3.500,0.900,44,954
15,3.500,0.900,65,10941
15,3.500,0.900,46,2160
15,3.500,0.900,6,614
15,3.500,0.900,31,2824
15,3.500,0.900,31,4475
15,3.500,0.900,27,2485
15,3.500,0.900,18,815
15,3.500,0.900,14,550
15,3.500,0.900,40,5123
15,3.500,0.950,9,827
15,3.500,0.950,20,1290
15,3.500,0.950,9,3827
15,3.500,0.950,26,2668
15,3.500,0.950,44,816
15,3.500,0.950,20,519
15,3.500,0.950,8,3341
15,3.500,0.950,21,5370
15,3.500,0.950,38,1323
15,3.500,0.950,54,4355
15,3.500,0.950,20,6114
15,3.500,0.950,28,454
15,3.500,0.950,7,1702
15,3.500,0.950,16,2895
15,3.500,0.950,30,404
15,3.500,0.950,36,1396
15,3.500,0.950,16,2155
15,3.500,0.950,6,496
15,3.500,0.950,47,1398
15,3.500,0.950,23,7650
15,3.500,0.950,44,16147
15,3.500,0.950,8,524
15,3.500,0.950,4,56
15,3.500,0.950,18,1672
15,3.500,0.950,60,706
15,3.500,0.950,12,5026
15,3.500,0.950,116,1496
15,3.500,0.950,3,343
15,3.500,0.950,18,2112
15,3.500,0.950,38,2597
15,3.500,0.950,10,1464
15,3.500,0.950,26,2268
15,3.500,0.950,62,1126
15,3.500,0.950,12,232
15,3.500,0.950,60,2169
15,3.500,0.950,28,4177
15,3.500,0.950,25,1215
15,3.500,0.950,53,5117
15,3.500,0.950,4,834
15,3.500,0.950,134,2493
15,3.500,0.950,15,1770
15,3.500,0.950,7,386
15,3.500,0.950,53,7781
15,3.500,0.950,15,630
15,3.500,0.950,19,4199
15,3.500,0.950,12,5201
15,3.500,0.950,29,3095
15,3.500,0.950,62,5470
15,3.500,0.950,12,331
15,3.500,0.950,6,974
15,3.500,0.950,18,1114
15,3.500,0.950,18,1516
15,3.500,0.950,9,1347
15,3.500,0.950,67,1672
15,3.500,0.950,11,1783
15,3.500,0.950,14,5436
15,3.500,0.950,131,1484
15,3.500,0.950,14,337
15,3.500,0.950,8,479
15,3.500,0.950,13,689
15,3.500,0.950,6,767
15,3.500,0.950,78,2803
15,3.500,0.950,4,110
15,3.500,0.950,12,1251
15,3.500,0.950,12,798
15,3.500,0.950,66,1774
15,3.500,0.950,21,1449
15,3.500,0.950,8,782
15,3.500,0.950,25,1463
15,3.500,0.950,12,2433
15,3.500,0.950,15,1877
15,3.500,0.950,22,1231
15,3.500,0.950,2,246
15,3.500,0.950,5,899
15,3.500,0.950,7,2832
15,3.500,0.950,6,358
15,3.500,0.950,13,1153
15,3.500,0.950,22,2578
15,3.500,0.950,2,179
15,3.500,0.950,2,438
15,3.500,0.950,5,1661
15,3.500,0.950,8,1436
15,3.500,0.950,23,3234
15,3.500,0.950,9,299
15,3.500,0.950,18,1470
15,3.500,0.950,2,1451
15,3.500,0.950,1,1519
15,3.500,0.950,2,1552
15,3.500,0.950,126,2974
15,3.500,0.950,4,476
15,3.500,0.950,13,2306
15,3.500,0.950,16,317
15,3.500,0.950,27,3829
15,3.500,0.950,62,10280
15,3.500,0.950,16,1828
15,3.500,0.950,45,5726
15,3.500,0.950,26,2478
15,3.500,0.950,19,727
15,3.500,0.950,16,3274
15,3.500,0.950,9,1691
15,3.500,0.950,25,3706
15,3.500,0.950,4,640
15,3.500,0.950,16,3042
15,3.500,0.950,48,2191
15,3.500,0.950,5,1327
15,3.500,0.950,41,5138
15,3.500,0.950,31,1240
15,3.500,0.950,103,2204
15,3.500,0.950,48,1666
15,3.500,0.950,31,3687
15,3.500,0.950,55,746
15,3.500,0.950,33,3561
15,3.500,0.950,79,2204
15,3.500,0.950,6,2432
15,3.500,0.950,20,531
15,3.500,0.950,73,630
15,3.500,0.950,31,2274
15,3.500,0.950,16,1929
15,3.500,0.950,37,4531
15,3.500,0.950,30,6664
15,3.500,0.950,20,1034
15,3.500,0.950,48,1916
15,3.500,0.950,6,2735
15,3.500,0.950,2,681
15,3.500,0.950,8,480
15,3.500,0.950,9,593
15,3.500,0.950,78,1912
15,3.500,0.950,16,2715
15,3.500,0.950,17,4137
15,3.500,0.950,31,1259
15,3.500,0.950,14,680
15,3.500,0.950,4,900
15,3.500,0.950,2,89
15,3.500,0.950,6,116
15,3.500,0.950,15,496
15,3.500,0.950,1,122
15,3.500,0.950,64,6251
15,3.500,0.950,9,1878
15,3.500,0.950,15,4166
15,3.500,0.950,14,475
15,3.500,0.950,23,3395
15,3.500,0.950,17,8415
15,3.500,0.950,27,1387
15,3.500,0.950,14,1110
15,3.500,0.950,3,215
15,3.500,0.950,27,4391
15,3.500,0.950,10,2386
15,3.500,0.950,28,914
15,3.500,0.950,103,1894
15,3.500,0.950,21,1562
15,3.500,0.950,5,1838
15,3.500,0.950,5,269
15,3.500,0.950,62,918
15,3.500,0.950,26,5897
15,3.500,0.950,6,662
15,3.500,0.950,6,654
15,3.500,0.950,17,4817
15,3.500,0.950,35,1176
15,3.500,0.950,11,1282
15,3.500,0.950,71,403
15,3.500,0.950,18,3140
15,3.500,0.950,7,2202
15,3.500,0.950,6,942
15,3.500,0.950,21,3041
15,3.500,0.950,28,3625
15,3.500,0.950,9,2993
15,3.500,0.950,12,247
15,3.500,0.950,109,1901
15,3.500,0.950,4,1033
15,3.500,0.950,46,2006
15,3.500,0.950,23,2189
15,3.500,0.950,56,9606
15,3.500,0.950,82,5567
15,3.500,0.950,14,2371
15,3.500,0.950,18,625
15,3.500,0.950,34,3168
15,3.500,0.950,52,1619
15,3.500,0.950,107,5758
15,3.500,0.950,13,998
15,3.500,0.950,1,818
15,3.500,0.950,70,5829
15,3.500,0.950,3,545
15,3.500,0.950,13,687
15,3.500,0.950,14,1909
15,3.500,0.950,17,663
15,3.500,0.950,3,2382
15,3.500,0.950,9,1836
15,3.500,0.950,72,4498
15,3.500,0.950,31,1327
15,3.500,0.950,42,2789
15,3.500,0.950,22,2899
15,3.500,0.950,13,1489
15,3.500,0.950,22,670
15,3.500,0.950,7,3472
15,3.500,0.950,46,2972
15,3.500,0.950,24,2397
15,3.500,0.950,54,3845
15,3.500,0.950,11,4437
15,3.500,0.950,26,3247
15,3.500,0.950,9,1687
15,3.500,0.950,29,1904
15,3.500,0.950,58,4663
15,3.500,0.950,32,554
15,3.500,0.950,73,6712
15,3.500,0.950,14,7884
15,3.500,0.950,4,559
15,3.500,0.950,6,282
15,3.500,0.950,6,2135
15,3.500,0.950,29,969
15,3.500,0.950,18,1735
15,3.500,0.950,16,636
15,3.500,0.950,16,114
15,3.500,0.950,10,434
15,3.500,0.950,31,2048
15,3.500,0.950,3,865
15,3.500,0.950,16,1287
15,3.500,0.950,5,852
15,3.500,0.950,16,654
15,3.500,0.950,8,170
15,3.500,0.950,71,9957
15,3.500,0.950,19,875
15,3.500,0.950,47,1353
15,3.500,0.950,23,620
15,3.500,0.950,65,10399
15,3.500,0.950,87,5708
15,3.500,0.950,11,1237
15,3.500,0.950,2,404
15,3.500,0.950,32,1323
15,3.500,0.950,45,2349
15,3.500,0.950,42,4815
15,3.500,0.950,7,811
15,3.500,0.950,9,2187
15,3.500,0.950,2,206
15,3.500,0.950,29,2149
15,3.500,0.950,2,498
15,3.500,0.950,5,850
15,3.500,0.950,13,2076
15,3.500,0.950,10,8428
15,3.500,0.950,16,1428
15,3.500,0.950,28,2464
15,3.500,0.950,19,1759
15,3.500,0.950,26,1517
15,3.500,0.950,16,807
15,3.500,0.950,12,3560
15,3.500,0.950,3,663
15,3.500,0.950,25,1108
15,3.500,0.950,8,3778
15,3.500,0.950,9,412
15,3.500,0.950,47,3066
15,3.500,0.950,27,3971
15,3.500,0.950,1,1433
15,3.500,0.950,24,935
15,3.500,0.950,169,2203
15,3.500,0.950,2,654
15,3.500,0.950,11,4142
15,3.500,0.950,5,1816
15,3.500,0.950,6,1456
15,3.500,0.950,22,2414
15,3.500,0.950,3,232
15,3.500,0.950,10,1793
15,3.500,0.950,25,1199
15,3.500,0.950,18,6639
15,3.500,0.950,12,1593
15,3.500,0.950,13,878
15,3.500,0.950,49,2220
15,3.500,0.950,3,339
15,3.500,0.950,30,4465
15,3.500,0.950,78,2437
15,3.500,0.950,18,1110
15,3.500,0.950,10,4596
15,3.500,0.950,6,1750
15,3.500,0.950,82,5212
15,3.500,0.950,3,335
15,3.500,0.950,16,1336
15,3.500,0.950,38,1360
15,3.500,0.950,27,1418
15,3.500,0.950,9,580
15,3.500,0.950,30,2342
15,3.500,0.950,45,5218
15,3.500,0.950,48,3748
15,3.500,0.950,11,3986
15,3.500,0.950,20,1494
15,3.500,0.950,5,2467
15,3.500,0.950,18,2752
15,3.500,1.000,16,57
15,3.500,1.000,3,17
15,3.500,1.000,40,51
15,3.500,1.000,21,69
15,3.500,1.000,59,54
15,3.500,1.000,148,201
15,3.500,1.000,4,19
15,3.500,1.000,31,71
15,3.500,1.000,17,26
15,3.500,1.000,6,12
15,3.500,1.000,21,37
15,3.500,1.000,1,8
15,3.500,1.000,59,57
15,3.500,1.000,9,27
15,3.500,1.000,16,33
15,3.500,1.000,15,60
15,3.500,1.000,11,40
15,3.500,1.000,16,35
15,3.500,1.000,9,19
15,3.500,1.000,17,44
15,3.500,1.000,1,6
15,3.500,1.000,10,34
15,3.500,1.000,20,60
15,3.500,1.000,31,73
15,3.500,1.000,61,100
15,3.500,1.000,60,88
15,3.500,1.000,6,12
15,3.500,1.000,75,71
15,3.500,1.000,7,18
15,3.500,1.000,8,28
15,3.500,1.000,21,68
15,3.500,1.000,14,34
15,3.500,1.000,1,7
15,3.500,1.000,23,46
15,3.500,1.000,35,68
15,3.500,1.000,46,80
15,3.500,1.000,24,59
15,3.500,1.000,22,52
15,3.500,1.000,14,20
15,3.500,1.000,37,50
15,3.500,1.000,25,93
15,3.500,1.000,7,24
15,3.500,1.000,38,94
15,3.500,1.000,24,38
15,3.500,1.000,31,79
15,3.500,1.000,1,10
15,3.500,1.000,5,16
15,3.500,1.000,15,39
15,3.500,1.000,15,29
15,3.500,1.000,47,95
15,3.500,1.000,17,41
15,3.500,1.000,47,72
15,3.500,1.000,126,133
15,3.500,1.000,25,67
15,3.500,1.000,30,67
15,3.500,1.000,45,65
15,3.500,1.000,27,70
15,3.500,1.000,1,9
15,3.500,1.000,11,25
15,3.500,1.000,116,101
15,3.500,1.000,5,28
15,3.500,1.000,67,151
15,3.500,1.000,1,7
15,3.500,1.000,8,15
15,3.500,1.000,14,31
15,3.500,1.000,23,43
15,3.500,1.000,140,134
15,3.500,1.000,9,33
15,3.500,1.000,3,11
15,3.500,1.000,3,11
15,3.500,1.000,21,28
15,3.500,1.000,16,33
15,3.500,1.000,36,77
15,3.500,1.000,27,84
15,3.500,1.000,32,18
15,3.500,1.000,7,21
15,3.500,1.000,10,41
15,3.500,1.000,28,42
15,3.500,1.000,20,34
15,3.500,1.000,10,33
15,3.500,1.000,25,50
15,3.500,1.000,9,40
15,3.500,1.000,26,43
15,3.500,1.000,11,21
15,3.500,1.000,7,22
15,3.500,1.000,7,25
15,3.500,1.000,14,31
15,3.500,1.000,22,39
15,3.500,1.000,34,63
15,3.500,1.000,16,35
15,3.500,1.000,58,66
15,3.500,1.000,17,51
15,3.500,1.000,6,19
15,3.500,1.000,5,18
15,3.500,1.000,15,43
15,3.500,1.000,23,37
15,3.500,1.000,23,35
15,3.500,1.000,61,129
15,3.500,1.000,65,94
15,3.500,1.000,46,80
15,3.500,1.000,41,73
15,3.500,1.000,15,34
15,3.500,1.000,4,12
15,3.500,1.000,22,47
15,3.500,1.000,40,93
15,3.500,1.000,23,61
15,3.500,1.000,8,8
15,3.500,1.000,34,55
15,3.500,1.000,3,9
15,3.500,1.000,31,57
15,3.500,1.000,73,146
15,3.500,1.000,36,78
15,3.500,1.000,12,19
15,3.500,1.000,49,100
15,3.500,1.000,49,71
15,3.500,1.000,12,29
15,3.500,1.000,36,57
15,3.500,1.000,114,197
15,3.500,1.000,1,10
15,3.500,1.000,7,29
15,3.500,1.000,35,54
15,3.500,1.000,89,112
15,3.500,1.000,4,17
15,3.500,1.000,48,57
15,3.500,1.000,22,23
15,3.500,1.000,3,8
15,3.500,1.000,38,67
15,3.500,1.000,10,18
15,3.500,1.000,16,23
15,3.500,1.000,13,41
15,3.500,1.000,22,73
15,3.500,1.000,46,63
15,3.500,1.000,53,104
15,3.500,1.000,19,30
15,3.500,1.000,113,91
15,3.500,1.000,13,37
15,3.500,1.000,7,20
15,3.500,1.000,30,83
15,3.500,1.000,24,54
15,3.500,1.000,73,83
15,3.500,1.000,89,126
15,3.500,1.000,11,29
15,3.500,1.000,12,16
15,3.500,1.000,24,48
15,3.500,1.000,11,33
15,3.500,1.000,45,53
15,3.500,1.000,22,59
15,3.500,1.000,62,56
15,3.500,1.000,19,38
15,3.500,1.000,29,49
15,3.500,1.000,25,58
15,3.500,1.000,8,25
15,3.500,1.000,11,25
15,3.500,1.000,13,42
15,3.500,1.000,6,23
15,3.500,1.000,27,62
15,3.500,1.000,5,17
15,3.500,1.000,23,62
15,3.500,1.000,100,115
15,3.500,1.000,5,10
15,3.500,1.000,29,45
15,3.500,1.000,89,172
15,3.500,1.000,34,111
15,3.500,1.000,30,34
15,3.500,1.000,18,39
15,3.500,1.000,47,55
15,3.500,1.000,20,49
15,3.500,1.000,35,62
15,3.500,1.000,16,32
15,3.500,1.000,11,46
15,3.500,1.000,23,41
15,3.500,1.000,26,59
15,3.500,1.000,37,80
15,3.500,1.000,3,10
15,3.500,1.000,19,93
15,3.500,1.000,15,32
15,3.500,1.000,19,55
15,3.500,1.000,4,12
15,3.500,1.000,23,51
15,3.500,1.000,41,115
15,3.500,1.000,10,26
15,3.500,1.000,21,37
15,3.500,1.000,10,19
15,3.500,1.000,22,50
15,3.500,1.000,22,27
15,3.500,1.000,8,39
15,3.500,1.000,19,71
15,3.500,1.000,56,82
15,3.500,1.000,28,83
15,3.500,1.000,5,15
15,3.500,1.000,9,17
15,3.500,1.000,24,50
15,3.500,1.000,48,117
15,3.500,1.000,2,8
15,3.500,1.000,1,7
15,3.500,1.000,20,34
15,3.500,1.000,87,116
15,3.500,1.000,21,40
15,3.500,1.000,15,26
15,3.500,1.000,9,23
15,3.500,1.000,11,41
15,3.500,1.000,26,24
15,3.500,1.000,1,3
15,3.500,1.000,1,9
15,3.500,1.000,3,10
15,3.500,1.000,8,15
15,3.500,1.000,20,73
15,3.500,1.000,9,19
15,3.500,1.000,31,60
15,3.500,1.000,30,76
15,3.500,1.000,21,49
15,3.500,1.000,73,125
15,3.500,1.000,82,114
15,3.500,1.000,32,35
15,3.500,1.000,9,12
15,3.500,1.000,51,133
15,3.500,1.000,27,41
15,3.500,1.000,35,54
15,3.500,1.000,197,201
15,3.500,1.000,18,24
15,3.500,1.000,22,86
15,3.500,1.000,26,50
15,3.500,1.000,55,92
15,3.500,1.000,27,37
15,3.500,1.000,15,21
15,3.500,1.000,13,29
15,3.500,1.000,53,80
15,3.500,1.000,47,98
15,3.500,1.000,32,71
15,3.500,1.000,4,9
15,3.500,1.000,8,28
15,3.500,1.000,14,42
15,3.500,1.000,22,61
15,3.500,1.000,4,9
15,3.500,1.000,11,46
15,3.500,1.000,53,73
15,3.500,1.000,6,19
15,3.500,1.000,35,73
15,3.500,1.000,7,21
15,3.500,1.000,66,24
15,3.500,1.000,14,11
15,3.500,1.000,7,27
15,3.500,1.000,23,48
15,3.500,1.000,17,26
15,3.500,1.000,1,8
15,3.500,1.000,27,63
15,3.500,1.000,44,110
15,3.500,1.000,12,50
15,3.500,1.000,11,44
15,3.500,1.000,41,53
15,3.500,1.000,17,37
15,3.500,1.000,7,26
15,3.500,1.000,4,13
15,3.500,1.000,44,82
15,3.500,1.000,2,7
15,3.500,1.000,8,20
15,3.500,1.000,3,7
15,3.500,1.000,13,45
15,3.500,1.000,2,8
15,3.500,1.000,18,59
15,3.500,1.000,3,12
15,3.500,1.000,46,45
15,3.500,1.000,10,26
15,3.500,1.000,16,29
15,3.500,1.000,9,39
15,3.500,1.000,2,8
15,3.500,1.000,43,67
15,3.500,1.000,21,53
15,3.500,1.000,28,39
15,3.500,1.000,31,64
15,3.500,1.000,20,44
15,3.500,1.000,20,37
15,3.500,1.000,12,28
15,3.500,1.000,25,48
15,3.500,1.000,2,9
15,3.500,1.000,34,78
15,3.500,1.000,54,128
15,3.500,1.000,27,97
15,3.500,1.000,48,90
15,3.500,1.000,14,35
15,3.500,1.000,29,46
15,3.500,1.000,157,177
15,3.500,1.000,4,6
15,3.500,1.000,24,30
15,3.500,1.000,24,43
15,3.500,1.000,6,33
16,3.500,0.200,9,1841
16,3.500,0.200,70,2404
16,3.500,0.200,131,12349
16,3.500,0.200,25,3541
16,3.500,0.200,58,5669
16,3.500,0.200,30,6183
16,3.500,0.200,26,829
16,3.500,0.200,19,3080
16,3.500,0.200,26,1743
16,3.500,0.200,35,4860
16,3.500,0.200,28,5710
16,3.500,0.200,25,5940
16,3.500,0.200,11,2260
16,3.500,0.200,88,1617
16,3.500,0.200,3,2608
16,3.500,0.200,23,1538
16,3.500,0.200,14,1418
16,3.500,0.200,91,11671
16,3.500,0.200,18,2974
16,3.500,0.200,36,517
16,3.500,0.200,6,1435
16,3.500,0.200,62,6622
16,3.500,0.200,23,5581
16,3.500,0.200,38,5060
16,3.500,0.200,53,3594
16,3.500,0.200,35,4551
16,3.500,0.200,44,6180
16,3.500,0.200,46,12014
16,3.500,0.200,2,1095
16,3.500,0.200,14,2436
16,3.500,0.200,76,11016
16,3.500,0.200,2,354
16,3.500,0.200,31,4797
16,3.500,0.200,16,1633
16,3.500,0.200,9,1227
16,3.500,0.200,104,17115
16,3.500,0.200,45,8497
16,3.500,0.200,3,10453
16,3.500,0.200,31,7791
16,3.500,0.200,28,2813
16,3.500,0.200,50,8974
16,3.500,0.200,10,13667
16,3.500,0.200,9,657
16,3.500,0.200,8,1564
16,3.500,0.200,37,1166
16,3.500,0.200,63,9157
16,3.500,0.200,66,11984
16,3.500,0.200,104,3740
16,3.500,0.200,34,16616
16,3.500,0.200,2,1308
16,3.500,0.200,8,1663
16,3.500,0.200,7,1551
16,3.500,0.200,140,4519
16,3.500,0.200,12,4241
16,3.500,0.200,8,114
16,3.500,0.200,15,4693
16,3.500,0.200,35,1980
16,3.500,0.200,60,8035
16,3.500,0.200,72,9369
16,3.500,0.200,40,6124
16,3.500,0.200,61,6039
16,3.500,0.200,22,2603
16,3.500,0.200,10,1546
16,3.500,0.200,74,7274
16,3.500,0.200,93,13857
16,3.500,0.200,30,8170
16,3.500,0.200,3,627
16,3.500,0.200,2,280
16,3.500,0.200,2,1683
16,3.500,0.200,10,1279
16,3.500,0.200,67,12071
16,3.500,0.200,13,11942
16,3.500,0.200,41,4028
16,3.500,0.200,4,789
16,3.500,0.200,108,12190
16,3.500,0.200,13,2739
16,3.500,0.200,12,195
16,3.500,0.200,3,458
16,3.500,0.200,13,2355
16,3.500,0.200,18,2912
16,3.500,0.200,55,11283
16,3.500,0.200,28,961
16,3.500,0.200,25,4607
16,3.500,0.200,70,2168
16,3.500,0.200,11,7023
16,3.500,0.200,5,2194
16,3.500,0.200,62,2646
16,3.500,0.200,36,1252
16,3.500,0.200,3,205
16,3.500,0.200,12,1323
16,3.500,0.200,20,3805
16,3.500,0.200,135,5601
16,3.500,0.200,14,2792
16,3.500,0.200,16,4314
16,3.500,0.200,23,3586
16,3.500,0.200,88,5200
16,3.500,0.200,6,1816
16,3.500,0.200,2,123
16,3.500,0.200,15,2795
16,3.500,0.200,2,924
16,3.500,0.200,13,4894
16,3.500,0.200,3,379
16,3.500,0.200,3,355
16,3.500,0.200,10,4368
16,3.500,0.200,18,5121
16,3.500,0.200,6,1604
16,3.500,0.200,7,743
16,3.500,0.200,11,18394
16,3.500,0.200,59,6295
16,3.500,0.200,33,4373
16,3.500,0.200,4,192
16,3.500,0.200,18,3475
16,3.500,0.200,19,5863
16,3.500,0.200,10,5270
16,3.500,0.200,8,12564
16,3.500,0.200,30,1279
16,3.500,0.200,53,1794
16,3.500,0.200,11,2641
16,3.500,0.200,7,1483
16,3.500,0.200,6,2159
16,3.500,0.200,13,1701
16,3.500,0.200,53,2055
16,3.500,0.200,20,6891
16,3.500,0.200,102,6226
16,3.500,0.200,20,435
16,3.500,0.200,52,25873
16,3.500,0.200,3,4431
16,3.500,0.200,43,2306
16,3.500,0.200,120,3731
16,3.500,0.200,108,4577
16,3.500,0.200,29,1635
16,3.500,0.200,1,256
16,3.500,0.200,44,8413
16,3.500,0.200,25,4479
16,3.500,0.200,69,10121
16,3.500,0.200,1,377
16,3.500,0.200,140,4278
16,3.500,0.200,34,32067
16,3.500,0.200,59,1417
16,3.500,0.200,36,2816
16,3.500,0.200,75,2035
16,3.500,0.200,4,1327
16,3.500,0.200,16,1750
16,3.500,0.200,50,7926
16,3.500,0.200,35,9676
16,3.500,0.200,16,3967
16,3.500,0.200,58,5033
16,3.500,0.200,121,10738
16,3.500,0.200,27,1868
16,3.500,0.200,9,16528
16,3.500,0.200,11,3834
16,3.500,0.200,24,1900
16,3.500,0.200,144,9723
16,3.500,0.200,152,9452
16,3.500,0.200,49,5208
16,3.500,0.200,61,6388
16,3.500,0.200,8,1351
16,3.500,0.200,96,5612
16,3.500,0.200,50,3318
16,3.500,0.200,42,4973
16,3.500,0.200,63,1741
16,3.500,0.200,45,6181
16,3.500,0.200,45,7333
16,3.500,0.200,21,2260
16,3.500,0.200,26,3480
16,3.500,0.200,16,666
16,3.500,0.200,29,5809
16,3.500,0.200,35,1995
16,3.500,0.200,2,1489
16,3.500,0.200,21,3178
16,3.500,0.200,2,3663
16,3.500,0.200,17,2367
16,3.500,0.200,9,1711
16,3.500,0.200,30,1449
16,3.500,0.200,31,4360
16,3.500,0.200,18,4240
16,3.500,0.200,221,5488
16,3.500,0.200,17,2657
16,3.500,0.200,26,8903
16,3.500,0.200,31,3225
16,3.500,0.200,7,1679
16,3.500,0.200,50,3339
16,3.500,0.200,22,2811
16,3.500,0.200,22,800
16,3.500,0.200,15,2836
16,3.500,0.200,18,815
16,3.500,0.200,35,3701
16,3.500,0.200,8,1246
16,3.500,0.200,23,6477
16,3.500,0.200,14,471
16,3.500,0.200,15,7394
16,3.500,0.200,28,2032
16,3.500,0.200,33,2425
16,3.500,0.200,18,2953
16,3.500,0.200,10,4997
16,3.500,0.200,20,605
16,3.500,0.200,7,2382
16,3.500,0.200,15,6313
16,3.500,0.200,10,2210
16,3.500,0.200,20,1572
16,3.500,0.200,1,1217
16,3.500,0.200,36,1835
16,3.500,0.200,51,807
16,3.500,0.200,16,1345
16,3.500,0.200,41,4179
16,3.500,0.200,119,15174
16,3.500,0.200,73,13442
16,3.500,0.200,6,2085
16,3.500,0.200,99,5379
16,3.500,0.200,89,4738
16,3.500,0.200,83,6841
16,3.500,0.200,9,2109
16,3.500,0.200,7,1993
16,3.500,0.200,2,254
16,3.500,0.200,11,1123
16,3.500,0.200,47,6459
16,3.500,0.200,38,2700
16,3.500,0.200,105,9554
16,3.500,0.200,34,2288
16,3.500,0.200,54,10878
16,3.500,0.200,14,10853
16,3.500,0.200,5,352
16,3.500,0.200,4,724
16,3.500,0.200,94,16046
16,3.500,0.200,56,4890
16,3.500,0.200,6,705
16,3.500,0.200,33,7036
16,3.500,0.200,27,4619
16,3.500,0.200,129,4747
16,3.500,0.200,6,447
16,3.500,0.200,58,8022
16,3.500,0.200,21,3099
16,3.500,0.200,9,1721
16,3.500,0.200,86,3026
16,3.500,0.200,40,5604
16,3.500,0.200,32,3023
16,3.500,0.200,15,2018
16,3.500,0.200,10,2347
16,3.500,0.200,42,18575
16,3.500,0.200,8,2232
16,3.500,0.200,29,4871
16,3.500,0.200,18,4748
16,3.500,0.200,13,1934
16,3.500,0.200,13,3959
16,3.500,0.200,14,4170
16,3.500,0.200,47,8688
16,3.500,0.200,44,4334
16,3.500,0.200,130,2266
16,3.500,0.200,28,1653
16,3.500,0.200,25,3650
16,3.500,0.200,24,8195
16,3.500,0.200,47,5152
16,3.500,0.200,107,11747
16,3.500,0.200,27,2897
16,3.500,0.200,6,1443
16,3.500,0.200,40,655
16,3.500,0.200,51,8794
16,3.500,0.200,4,268
16,3.500,0.200,27,4927
16,3.500,0.200,19,2468
16,3.500,0.200,30,1370
16,3.500,0.200,11,1795
16,3.500,0.200,141,10288
16,3.500,0.200,30,6520
16,3.500,0.200,54,3382
16,3.500,0.200,8,2707
16,3.500,0.200,67,4500
16,3.500,0.200,55,2977
16,3.500,0.200,21,1995
16,3.500,0.200,56,12171
16,3.500,0.200,21,1594
16,3.500,0.200,2,475
16,3.500,0.200,8,820
16,3.500,0.200,65,4858
16,3.500,0.200,14,3182
16,3.500,0.200,2,1559
16,3.500,0.200,162,10328
16,3.500,0.200,9,880
16,3.500,0.200,28,2142
16,3.500,0.200,28,5519
16,3.500,0.200,7,755
16,3.500,0.200,21,5626
16,3.500,0.200,54,2529
16,3.500,0.200,4,6279
16,3.500,0.200,18,2481
16,3.500,0.200,20,500
16,3.500,0.200,15,762
16,3.500,0.200,109,6971
16,3.500,0.200,22,4725
16,3.500,0.200,22,1814
16,3.500,0.200,33,2546
16,3.500,0.200,14,2233
16,3.500,0.500,16,7956
16,3.500,0.500,38,5812
16,3.500,0.500,98,5447
16,3.500,0.500,20,7019
16,3.500,0.500,59,3334
16,3.500,0.500,44,10127
16,3.500,0.500,59,2247
16,3.500,0.500,58,2479
16,3.500,0.500,173,3543
16,3.500,0.500,8,2487
16,3.500,0.500,17,1178
16,3.500,0.500,61,9722
16,3.500,0.500,8,203
16,3.500,0.500,37,9442
16,3.500,0.500,89,10845
16,3.500,0.500,35,12996
16,3.500,0.500,91,14253
16,3.500,0.500,8,5958
16,3.500,0.500,12,13215
16,3.500,0.500,72,3834
16,3.500,0.500,1,1187
16,3.500,0.500,28,4291
16,3.500,0.500,8,487
16,3.500,0.500,4,477
16,3.500,0.500,135,7678
16,3.500,0.500,41,6136
16,3.500,0.500,21,4623
16,3.500,0.500,50,6127
16,3.500,0.500,33,15115
16,3.500,0.500,22,5790
16,3.500,0.500,1,603
16,3.500,0.500,24,7753
16,3.500,0.500,42,3666
16,3.500,0.500,17,1893
16,3.500,0.500,11,1056
16,3.500,0.500,64,1436
16,3.500,0.500,64,3493
16,3.500,0.500,8,351
16,3.500,0.500,12,84
16,3.500,0.500,48,5659
16,3.500,0.500,42,3419
16,3.500,0.500,1,259
16,3.500,0.500,8,211
16,3.500,0.500,20,1278
16,3.500,0.500,20,9012
16,3.500,0.500,42,5442
16,3.500,0.500,8,1472
16,3.500,0.500,91,3460
16,3.500,0.500,6,4545
16,3.500,0.500,15,707
16,3.500,0.500,22,5369
16,3.500,0.500,48,1639
16,3.500,0.500,27,2034
16,3.500,0.500,36,4474
16,3.500,0.500,20,4444
16,3.500,0.500,94,4276
16,3.500,0.500,28,3862
16,3.500,0.500,21,11530
16,3.500,0.500,60,8715
16,3.500,0.500,17,2856
16,3.500,0.500,2,1236
16,3.500,0.500,30,1148
16,3.500,0.500,41,2393
16,3.500,0.500,40,7656
16,3.500,0.500,216,3565
16,3.500,0.500,3,2154
16,3.500,0.500,24,12982
16,3.500,0.500,29,2942
16,3.500,0.500,86,2691
16,3.500,0.500,7,262
16,3.500,0.500,31,2445
16,3.500,0.500,16,8241
16,3.500,0.500,8,2464
16,3.500,0.500,9,229
16,3.500,0.500,39,2671
16,3.500,0.500,3,11751
16,3.500,0.500,9,1068
16,3.500,0.500,39,4532
16,3.500,0.500,13,2306
16,3.500,0.500,6,699
16,3.500,0.500,37,6345
16,3.500,0.500,66,6664
16,3.500,0.500,8,920
16,3.500,0.500,61,8886
16,3.500,0.500,19,1368
16,3.500,0.500,110,10801
16,3.500,0.500,5,1689
16,3.500,0.500,55,1175
16,3.500,0.500,88,12436
16,3.500,0.500,28,3184
16,3.500,0.500,14,2067
16,3.500,0.500,2,613
16,3.500,0.500,25,711
16,3.500,0.500,220,7734
16,3.500,0.500,52,21249
16,3.500,0.500,8,3328
16,3.500,0.500,112,6657
16,3.500,0.500,18,5398
16,3.500,0.500,71,6282
16,3.500,0.500,31,1606
16,3.500,0.500,2,85
16,3.500,0.500,50,3451
16,3.500,0.500,33,1544
16,3.500,0.500,118,6622
16,3.500,0.500,6,5250
16,3.500,0.500,41,2970
16,3.500,0.500,44,1988
16,3.500,0.500,15,3662
16,3.500,0.500,77,3511
16,3.500,0.500,45,3908
16,3.500,0.500,20,5068
16,3.500,0.500,86,5468
16,3.500,0.500,50,2764
16,3.500,0.500,7,11333
16,3.500,0.500,45,3974
16,3.500,0.500,9,1015
16,3.500,0.500,8,959
16,3.500,0.500,26,2479
16,3.500,0.500,24,1029
16,3.500,0.500,5,4093
16,3.500,0.500,11,244
16,3.500,0.500,74,1946
16,3.500,0.500,129,1025
16,3.500,0.500,69,15680
16,3.500,0.500,22,1312
16,3.500,0.500,16,4715
16,3.500,0.500,115,5749
16,3.500,0.500,55,5785
16,3.500,0.500,98,5832
16,3.500,0.500,48,1365
16,3.500,0.500,10,2071
16,3.500,0.500,9,4953
16,3.500,0.500,13,1489
16,3.500,0.500,11,1667
16,3.500,0.500,60,2211
16,3.500,0.500,10,1687
16,3.500,0.500,110,11930
16,3.500,0.500,7,4188
16,3.500,0.500,52,7705
16,3.500,0.500,29,12130
16,3.500,0.500,6,4241
16,3.500,0.500,16,1795
16,3.500,0.500,85,8769
16,3.500,0.500,65,5736
16,3.500,0.500,30,8375
16,3.500,0.500,11,1927
16,3.500,0.500,4,2339
16,3.500,0.500,28,21191
16,3.500,0.500,20,8429
16,3.500,0.500,52,3781
16,3.500,0.500,31,23465
16,3.500,0.500,36,739
16,3.500,0.500,15,12341
16,3.500,0.500,8,1930
16,3.500,0.500,9,596
16,3.500,0.500,7,611
16,3.500,0.500,98,4694
16,3.500,0.500,80,11138
16,3.500,0.500,38,1085
16,3.500,0.500,16,5867
16,3.500,0.500,6,198
16,3.500,0.500,88,8311
16,3.500,0.500,20,3097
16,3.500,0.500,35,3129
16,3.500,0.500,106,6305
16,3.500,0.500,26,6774
16,3.500,0.500,14,465
16,3.500,0.500,2,1063
16,3.500,0.500,14,1102
16,3.500,0.500,15,1473
16,3.500,0.500,24,1506
16,3.500,0.500,110,7201
16,3.500,0.500,32,2704
16,3.500,0.500,10,3139
16,3.500,0.500,30,5365
16,3.500,0.500,9,677
16,3.500,0.500,11,3286
16,3.500,0.500,50,4010
16,3.500,0.500,12,6019
16,3.500,0.500,3,1067
16,3.500,0.500,21,1961
16,3.500,0.500,15,5132
16,3.500,0.500,2,341
16,3.500,0.500,10,10642
16,3.500,0.500,68,6526
16,3.500,0.500,6,747
16,3.500,0.500,3,5166
16,3.500,0.500,24,4998
16,3.500,0.500,28,4490
16,3.500,0.500,7,2223
16,3.500,0.500,191,1982
16,3.500,0.500,13,1764
16,3.500,0.500,246,9027
16,3.500,0.500,78,3029
16,3.500,0.500,14,2866
16,3.500,0.500,14,1809
16,3.500,0.500,59,1730
16,3.500,0.500,31,3724
16,3.500,0.500,26,1800
16,3.500,0.500,50,7844
16,3.500,0.500,20,20441
16,3.500,0.500,32,993
16,3.500,0.500,10,5531
16,3.500,0.500,58,1966
16,3.500,0.500,70,6811
16,3.500,0.500,25,791
16,3.500,0.500,16,3927
16,3.500,0.500,20,7424
16,3.500,0.500,3,318
16,3.500,0.500,21,2320
16,3.500,0.500,87,10138
16,3.500,0.500,17,4910
16,3.500,0.500,39,9336
16,3.500,0.500,8,4017
16,3.500,0.500,45,2521
16,3.500,0.500,92,17032
16,3.500,0.500,89,8687
16,3.500,0.500,11,9535
16,3.500,0.500,229,9557
16,3.500,0.500,16,1555
16,3.500,0.500,48,2766
16,3.500,0.500,25,12337
16,3.500,0.500,128,20052
16,3.500,0.500,24,12655
16,3.500,0.500,12,1821
16,3.500,0.500,55,7743
16,3.500,0.500,7,1826
16,3.500,0.500,30,2724
16,3.500,0.500,20,255
16,3.500,0.500,2,1407
16,3.500,0.500,27,2721
16,3.500,0.500,8,2671
16,3.500,0.500,25,2445
16,3.500,0.500,12,2389
16,3.500,0.500,13,2227
16,3.500,0.500,17,18111
16,3.500,0.500,33,1231
16,3.500,0.500,42,3339
16,3.500,0.500,15,660
16,3.500,0.500,36,2280
16,3.500,0.500,34,1054
16,3.500,0.500,7,549
16,3.500,0.500,42,5982
16,3.500,0.500,23,1057
16,3.500,0.500,39,3332
16,3.500,0.500,9,1141
16,3.500,0.500,155,2268
16,3.500,0.500,21,6853
16,3.500,0.500,39,11007
16,3.500,0.500,14,1724
16,3.500,0.500,73,7042
16,3.500,0.500,21,8136
16,3.500,0.500,95,8323
16,3.500,0.500,16,1562
16,3.500,0.500,73,1716
16,3.500,0.500,19,3760
16,3.500,0.500,38,4203
16,3.500,0.500,11,13820
16,3.500,0.500,9,8730
16,3.500,0.500,97,8480
16,3.500,0.500,4,2324
16,3.500,0.500,7,1627
16,3.500,0.500,6,79
16,3.500,0.500,64,13421
16,3.500,0.500,36,3016
16,3.500,0.500,2,571
16,3.500,0.500,16,659
16,3.500,0.500,10,593
16,3.500,0.500,6,2248
16,3.500,0.500,44,1256
16,3.500,0.500,6,448
16,3.500,0.500,24,1707
16,3.500,0.500,38,11605
16,3.500,0.500,82,2829
16,3.500,0.500,47,4113
16,3.500,0.500,61,8551
16,3.500,0.500,22,3047
16,3.500,0.500,12,3252
16,3.500,0.500,11,3092
16,3.500,0.500,12,2807
16,3.500,0.500,124,6708
16,3.500,0.500,66,4219
16,3.500,0.500,14,2480
16,3.500,0.500,96,5643
16,3.500,0.500,19,1600
16,3.500,0.500,27,5412
16,3.500,0.500,54,7357
16,3.500,0.500,94,1338
16,3.500,0.500,131,14014
16,3.500,0.750,43,2326
16,3.500,0.750,63,4157
16,3.500,0.750,11,7049
16,3.500,0.750,3,813
16,3.500,0.750,41,33216
16,3.500,0.750,7,694
16,3.500,0.750,37,6135
16,3.500,0.750,47,14765
16,3.500,0.750,31,1938
16,3.500,0.750,64,13065
16,3.500,0.750,1,1311
16,3.500,0.750,10,4843
16,3.500,0.750,13,2637
16,3.500,0.750,21,7690
16,3.500,0.750,11,3305
16,3.500,0.750,31,6227
16,3.500,0.750,63,2142
16,3.500,0.750,18,2635
16,3.500,0.750,36,22702
16,3.500,0.750,23,1465
16,3.500,0.750,37,983
16,3.500,0.750,11,5399
16,3.500,0.750,26,3696
16,3.500,0.750,69,17559
16,3.500,0.750,14,2050
16,3.500,0.750,12,1913
16,3.500,0.750,51,13929
16,3.500,0.750,64,6108
16,3.500,0.750,8,1927
16,3.500,0.750,15,2245
16,3.500,0.750,40,1869
16,3.500,0.750,28,3377
16,3.500,0.750,6,237
16,3.500,0.750,13,1338
16,3.500,0.750,21,4599
16,3.500,0.750,6,2456
16,3.500,0.750,12,8347
16,3.500,0.750,52,1980
16,3.500,0.750,14,620
16,3.500,0.750,16,8064
16,3.500,0.750,16,3531
16,3.500,0.750,9,1424
16,3.500,0.750,128,10306
16,3.500,0.750,33,1338
16,3.500,0.750,6,513
16,3.500,0.750,9,1957
16,3.500,0.750,125,6226
16,3.500,0.750,87,1864
16,3.500,0.750,90,6047
16,3.500,0.750,2,385
16,3.500,0.750,7,271
16,3.500,0.750,42,3054
16,3.500,0.750,87,15789
16,3.500,0.750,4,5384
16,3.500,0.750,22,990
16,3.500,0.750,31,7857
16,3.500,0.750,33,746
16,3.500,0.750,39,2719
16,3.500,0.750,11,3054
16,3.500,0.750,48,3498
16,3.500,0.750,18,795
16,3.500,0.750,33,11228
16,3.500,0.750,41,1449
16,3.500,0.750,6,373
16,3.500,0.750,5,1235
16,3.500,0.750,52,1470
16,3.500,0.750,10,866
16,3.500,0.750,3,13123
16,3.500,0.750,8,954
16,3.500,0.750,21,7215
16,3.500,0.750,3,1760
16,3.500,0.750,1,331
16,3.500,0.750,9,2039
16,3.500,0.750,35,2624
16,3.500,0.750,8,245
16,3.500,0.750,38,5717
16,3.500,0.750,6,1422
16,3.500,0.750,44,3010
16,3.500,0.750,18,25358
16,3.500,0.750,66,3187
16,3.500,0.750,1,278
16,3.500,0.750,37,1494
16,3.500,0.750,6,1447
16,3.500,0.750,83,6633
16,3.500,0.750,46,7004
16,3.500,0.750,15,1186
16,3.500,0.750,32,1560
16,3.500,0.750,24,5487
16,3.500,0.750,27,1540
16,3.500,0.750,53,7217
16,3.500,0.750,5,2891
16,3.500,0.750,188,4530
16,3.500,0.750,82,15760
16,3.500,0.750,34,3366
16,3.500,0.750,28,6361
16,3.500,0.750,54,5191
16,3.500,0.750,27,5524
16,3.500,0.750,16,1786
16,3.500,0.750,23,5228
16,3.500,0.750,10,2282
16,3.500,0.750,11,549
16,3.500,0.750,69,3178
16,3.500,0.750,36,1201
16,3.500,0.750,161,9537
16,3.500,0.750,15,2136
16,3.500,0.750,23,3759
16,3.500,0.750,38,8218
16,3.500,0.750,61,4107
16,3.500,0.750,10,229
16,3.500,0.750,20,2124
16,3.500,0.750,21,2535
16,3.500,0.750,63,7495
16,3.500,0.750,67,4479
16,3.500,0.750,3,2624
16,3.500,0.750,18,734
16,3.500,0.750,25,23892
16,3.500,0.750,14,2437
16,3.500,0.750,32,1522
16,3.500,0.750,3,4367
16,3.500,0.750,27,2647
16,3.500,0.750,4,2541
16,3.500,0.750,140,964
16,3.500,0.750,62,11332
16,3.500,0.750,87,5743
16,3.500,0.750,21,14896
16,3.500,0.750,68,1269
16,3.500,0.750,32,2779
16,3.500,0.750,14,1818
16,3.500,0.750,81,4199
16,3.500,0.750,36,1168
16,3.500,0.750,22,1898
16,3.500,0.750,15,2776
16,3.500,0.750,38,3903
16,3.500,0.750,40,2298
16,3.500,0.750,48,7445
16,3.500,0.750,7,2546
16,3.500,0.750,15,886
16,3.500,0.750,65,9070
16,3.500,0.750,147,11561
16,3.500,0.750,52,2635
16,3.500,0.750,62,6890
16,3.500,0.750,13,2679
16,3.500,0.750,11,437
16,3.500,0.750,22,2814
16,3.500,0.750,45,6502
16,3.500,0.750,6,4808
16,3.500,0.750,2,1850
16,3.500,0.750,52,1922
16,3.500,0.750,13,1853
16,3.500,0.750,29,6164
16,3.500,0.750,53,3120
16,3.500,0.750,13,2319
16,3.500,0.750,3,768
16,3.500,0.750,3,1435
16,3.500,0.750,48,5372
16,3.500,0.750,22,3599
16,3.500,0.750,33,1836
16,3.500,0.750,50,4756
16,3.500,0.750,77,11144
16,3.500,0.750,8,1983
16,3.500,0.750,32,7030
16,3.500,0.750,49,6541
16,3.500,0.750,14,1512
16,3.500,0.750,46,5147
16,3.500,0.750,26,3858
16,3.500,0.750,24,2585
16,3.500,0.750,115,8085
16,3.500,0.750,112,8402
16,3.500,0.750,38,3831
16,3.500,0.750,15,892
16,3.500,0.750,30,743
16,3.500,0.750,4,476
16,3.500,0.750,7,1557
16,3.500,0.750,18,3366
16,3.500,0.750,43,5212
16,3.500,0.750,9,3968
16,3.500,0.750,33,5722
16,3.500,0.750,68,3641
16,3.500,0.750,63,3067
16,3.500,0.750,18,3331
16,3.500,0.750,4,93
16,3.500,0.750,62,4686
16,3.500,0.750,15,9239
16,3.500,0.750,54,846
16,3.500,0.750,6,266
16,3.500,0.750,45,3713
16,3.500,0.750,19,2551
16,3.500,0.750,26,4451
16,3.500,0.750,98,10158
16,3.500,0.750,62,10806
16,3.500,0.750,114,2071
16,3.500,0.750,16,795
16,3.500,0.750,21,14322
16,3.500,0.750,74,545
16,3.500,0.750,30,6398
16,3.500,0.750,23,12013
16,3.500,0.750,9,1874
16,3.500,0.750,27,2535
16,3.500,0.750,12,823
16,3.500,0.750,21,6108
16,3.500,0.750,15,5267
16,3.500,0.750,4,1916
16,3.500,0.750,26,1835
16,3.500,0.750,13,1461
16,3.500,0.750,74,2397
16,3.500,0.750,18,14356
16,3.500,0.750,25,3268
16,3.500,0.750,31,3118
16,3.500,0.750,22,4527
16,3.500,0.750,25,3148
16,3.500,0.750,14,4142
16,3.500,0.750,64,4622
16,3.500,0.750,1,73
16,3.500,0.750,30,2861
16,3.500,0.750,26,3894
16,3.500,0.750,269,7689
16,3.500,0.750,5,481
16,3.500,0.750,13,816
16,3.500,0.750,96,1113
16,3.500,0.750,52,5773
16,3.500,0.750,10,1830
16,3.500,0.750,28,9759
16,3.500,0.750,19,2197
16,3.500,0.750,32,3745
16,3.500,0.750,35,3308
16,3.500,0.750,19,4000
16,3.500,0.750,8,1685
16,3.500,0.750,82,1824
16,3.500,0.750,8,69
16,3.500,0.750,23,4004
16,3.500,0.750,26,2296
16,3.500,0.750,7,1027
16,3.500,0.750,1,3136
16,3.500,0.750,28,3497
16,3.500,0.750,5,324
16,3.500,0.750,3,8904
16,3.500,0.750,38,4881
16,3.500,0.750,30,2687
16,3.500,0.750,2,2579
16,3.500,0.750,103,2488
16,3.500,0.750,62,4227
16,3.500,0.750,3,7983
16,3.500,0.750,53,3473
16,3.500,0.750,117,12689
16,3.500,0.750,54,7273
16,3.500,0.750,23,8848
16,3.500,0.750,16,325
16,3.500,0.750,64,7654
16,3.500,0.750,3,2011
16,3.500,0.750,8,438
16,3.500,0.750,63,901
16,3.500,0.750,85,3512
16,3.500,0.750,24,674
16,3.500,0.750,52,6094
16,3.500,0.750,76,6462
16,3.500,0.750,80,5896
16,3.500,0.750,15,2426
16,3.500,0.750,21,921
16,3.500,0.750,19,1903
16,3.500,0.750,64,7450
16,3.500,0.750,44,10157
16,3.500,0.750,8,2646
16,3.500,0.750,25,2915
16,3.500,0.750,37,2119
16,3.500,0.750,26,8126
16,3.500,0.750,25,4534
16,3.500,0.750,61,3313
16,3.500,0.750,91,9561
16,3.500,0.750,31,2645
16,3.500,0.750,24,4490
16,3.500,0.750,40,7241
16,3.500,0.750,47,11727
16,3.500,0.750,26,2057
16,3.500,0.750,45,9148
16,3.500,0.750,37,7541
16,3.500,0.750,25,1432
16,3.500,0.750,182,3787
16,3.500,0.750,5,625
16,3.500,0.750,41,1292
16,3.500,0.750,4,3334
16,3.500,0.750,21,3685
16,3.500,0.750,49,5968
16,3.500,0.750,108,4249
16,3.500,0.750,15,3135
16,3.500,0.750,26,6887
16,3.500,0.750,57,6370
16,3.500,0.750,32,6404
16,3.500,0.750,6,2133
16,3.500,0.750,14,1506
16,3.500,0.750,41,3433
16,3.500,0.750,45,5420
16,3.500,0.900,54,6932
16,3.500,0.900,39,2105
16,3.500,0.900,8,3156
16,3.500,0.900,18,10058
16,3.500,0.900,123,4359
16,3.500,0.900,11,1589
16,3.500,0.900,32,2719
16,3.500,0.900,18,4949
16,3.500,0.900,46,5492
16,3.500,0.900,27,993
16,3.500,0.900,70,5494
16,3.500,0.900,1,825
16,3.500,0.900,17,1095
16,3.500,0.900,41,2602
16,3.500,0.900,14,3928
16,3.500,0.900,20,4468
16,3.500,0.900,8,2577
16,3.500,0.900,8,810
16,3.500,0.900,81,4453
16,3.500,0.900,3,136
16,3.500,0.900,50,8164
16,3.500,0.900,9,4881
16,3.500,0.900,30,16464
16,3.500,0.900,9,1748
16,3.500,0.900,26,4168
16,3.500,0.900,7,747
16,3.500,0.900,93,3684
16,3.500,0.900,44,8262
16,3.500,0.900,70,8593
16,3.500,0.900,4,85
16,3.500,0.900,73,4023
16,3.500,0.900,27,3626
16,3.500,0.900,47,8407
16,3.500,0.900,11,933
16,3.500,0.900,34,5836
16,3.500,0.900,38,4518
16,3.500,0.900,32,2988
16,3.500,0.900,51,1682
16,3.500,0.900,23,1770
16,3.500,0.900,27,8646
16,3.500,0.900,63,14879
16,3.500,0.900,11,1797
16,3.500,0.900,8,2114
16,3.500,0.900,54,2590
16,3.500,0.900,44,2482
16,3.500,0.900,1,411
16,3.500,0.900,12,2121
16,3.500,0.900,26,10598
16,3.500,0.900,95,6959
16,3.500,0.900,88,12485
16,3.500,0.900,4,491
16,3.500,0.900,44,3755
16,3.500,0.900,41,8290
16,3.500,0.900,31,4920
16,3.500,0.900,26,2456
16,3.500,0.900,19,1982
16,3.500,0.900,62,10011
16,3.500,0.900,27,681
16,3.500,0.900,94,17045
16,3.500,0.900,4,632
16,3.500,0.900,2,1052
16,3.500,0.900,31,3570
16,3.500,0.900,22,2075
16,3.500,0.900,12,3235
16,3.500,0.900,36,985
16,3.500,0.900,56,10555
16,3.500,0.900,61,6887
16,3.500,0.900,25,2443
16,3.500,0.900,14,8397
16,3.500,0.900,40,1755
16,3.500,0.900,45,926
16,3.500,0.900,5,1152
16,3.500,0.900,7,420
16,3.500,0.900,24,2745
16,3.500,0.900,52,878
16,3.500,0.900,142,17760
16,3.500,0.900,49,4076
16,3.500,0.900,42,1681
16,3.500,0.900,27,1230
16,3.500,0.900,29,789
16,3.500,0.900,6,369
16,3.500,0.900,86,7124
16,3.500,0.900,81,27627
16,3.500,0.900,31,2482
16,3.500,0.900,42,3498
16,3.500,0.900,21,2920
16,3.500,0.900,12,1463
16,3.500,0.900,18,2991
16,3.500,0.900,63,1658
16,3.500,0.900,18,1361
16,3.500,0.900,8,3830
16,3.500,0.900,52,3583
16,3.500,0.900,18,2301
16,3.500,0.900,10,1393
16,3.500,0.900,52,7413
16,3.500,0.900,37,5055
16,3.500,0.900,43,4810
16,3.500,0.900,31,1998
16,3.500,0.900,61,12093
16,3.500,0.900,26,1072
16,3.500,0.900,6,6847
16,3.500,0.900,45,6467
16,3.500,0.900,19,2002
16,3.500,0.900,10,947
16,3.500,0.900,8,746
16,3.500,0.900,64,3071
16,3.500,0.900,106,3199
16,3.500,0.900,52,4399
16,3.500,0.900,44,1876
16,3.500,0.900,55,2359
16,3.500,0.900,87,3292
16,3.500,0.900,5,6031
16,3.500,0.900,4,1840
16,3.500,0.900,24,3183
16,3.500,0.900,96,8834
16,3.500,0.900,10,305
16,3.500,0.900,37,9719
16,3.500,0.900,120,3010
16,3.500,0.900,70,13925
16,3.500,0.900,114,3452
16,3.500,0.900,56,11947
16,3.500,0.900,34,4053
16,3.500,0.900,5,695
16,3.500,0.900,17,1048
16,3.500,0.900,23,1893
16,3.500,0.900,31,2878
16,3.500,0.900,34,6346
16,3.500,0.900,4,4299
16,3.500,0.900,6,932
16,3.500,0.900,12,2147
16,3.500,0.900,5,1022
16,3.500,0.900,33,1407
16,3.500,0.900,3,2026
16,3.500,0.900,50,7069
16,3.500,0.900,8,1660
16,3.500,0.900,26,2856
16,3.500,0.900,9,4733
16,3.500,0.900,3,119
16,3.500,0.900,10,2954
16,3.500,0.900,45,2736
16,3.500,0.900,146,7167
16,3.500,0.900,17,5943
16,3.500,0.900,18,2297
16,3.500,0.900,10,2229
16,3.500,0.900,74,4021
16,3.500,0.900,16,11329
16,3.500,0.900,11,1868
16,3.500,0.900,45,3648
16,3.500,0.900,84,16468
16,3.500,0.900,32,870
16,3.500,0.900,28,3921
16,3.500,0.900,19,2820
16,3.500,0.900,60,17857
16,3.500,0.900,66,11618
16,3.500,0.900,14,7337
16,3.500,0.900,27,2592
16,3.500,0.900,23,4337
16,3.500,0.900,61,2936
16,3.500,0.900,34,2980
16,3.500,0.900,10,1783
16,3.500,0.900,16,2459
16,3.500,0.900,60,1770
16,3.500,0.900,25,5953
16,3.500,0.900,21,8708
16,3.500,0.900,2,687
16,3.500,0.900,36,1719
16,3.500,0.900,8,796
16,3.500,0.900,21,4249
16,3.500,0.900,36,6396
16,3.500,0.900,45,4931
16,3.500,0.900,26,1775
16,3.500,0.900,33,1230
16,3.500,0.900,7,2869
16,3.500,0.900,29,4240
16,3.500,0.900,48,4116
16,3.500,0.900,9,2068
16,3.500,0.900,8,261
16,3.500,0.900,1,257
16,3.500,0.900,163,27131
16,3.500,0.900,6,647
16,3.500,0.900,59,6474
16,3.500,0.900,25,1822
16,3.500,0.900,2,380
16,3.500,0.900,151,19507
16,3.500,0.900,3,1105
16,3.500,0.900,14,299
16,3.500,0.900,87,2959
16,3.500,0.900,10,1216
16,3.500,0.900,39,5333
16,3.500,0.900,29,2185
16,3.500,0.900,11,3100
16,3.500,0.900,11,3877
16,3.500,0.900,92,7013
16,3.500,0.900,42,4021
16,3.500,0.900,1,391
16,3.500,0.900,79,8156
16,3.500,0.900,38,1115
16,3.500,0.900,37,1803
16,3.500,0.900,12,1238
16,3.500,0.900,79,1119
16,3.500,0.900,4,560
16,3.500,0.900,25,2984
16,3.500,0.900,99,14408
16,3.500,0.900,14,418
16,3.500,0.900,7,4229
16,3.500,0.900,17,1544
16,3.500,0.900,103,2798
16,3.500,0.900,89,6718
16,3.500,0.900,17,2478
16,3.500,0.900,69,4602
16,3.500,0.900,12,12679
16,3.500,0.900,22,5313
16,3.500,0.900,35,13239
16,3.500,0.900,86,2789
16,3.500,0.900,86,5378
16,3.500,0.900,72,1536
16,3.500,0.900,64,16363
16,3.500,0.900,73,2913
16,3.500,0.900,5,6514
16,3.500,0.900,9,10227
16,3.500,0.900,13,3099
16,3.500,0.900,2,605
16,3.500,0.900,4,167
16,3.500,0.900,40,1464
16,3.500,0.900,54,2082
16,3.500,0.900,13,2634
16,3.500,0.900,34,9555
16,3.500,0.900,13,1971
16,3.500,0.900,55,7667
16,3.500,0.900,7,1122
16,3.500,0.900,64,5834
16,3.500,0.900,29,5253
16,3.500,0.900,19,6684
16,3.500,0.900,11,1730
16,3.500,0.900,2,108
16,3.500,0.900,18,9481
16,3.500,0.900,30,2451
16,3.500,0.900,34,7417
16,3.500,0.900,84,9102
16,3.500,0.900,51,2393
16,3.500,0.900,76,6607
16,3.500,0.900,61,19004
16,3.500,0.900,58,2547
16,3.500,0.900,121,13777
16,3.500,0.900,37,4577
16,3.500,0.900,13,6849
16,3.500,0.900,21,4436
16,3.500,0.900,28,4549
16,3.500,0.900,28,954
16,3.500,0.900,6,4804
16,3.500,0.900,36,1819
16,3.500,0.900,10,2397
16,3.500,0.900,21,11174
16,3.500,0.900,7,3242
16,3.500,0.900,2,167
16,3.500,0.900,7,5727
16,3.500,0.900,26,1509
16,3.500,0.900,22,787
16,3.500,0.900,19,4176
16,3.500,0.900,94,6199
16,3.500,0.900,91,4386
16,3.500,0.900,30,15504
16,3.500,0.900,49,9711
16,3.500,0.900,60,2229
16,3.500,0.900,17,2388
16,3.500,0.900,45,2740
16,3.500,0.900,42,2238
16,3.500,0.900,67,1782
16,3.500,0.900,22,2228
16,3.500,0.900,8,2345
16,3.500,0.900,4,954
16,3.500,0.900,1,1363
16,3.500,0.900,33,25231
16,3.500,0.900,20,4061
16,3.500,0.900,19,858
16,3.500,0.900,12,3096
16,3.500,0.900,9,8360
16,3.500,0.900,14,3267
16,3.500,0.900,35,8854
16,3.500,0.900,25,5374
16,3.500,0.900,7,1098
16,3.500,0.900,6,1481
16,3.500,0.900,31,2142
16,3.500,0.900,47,25271
16,3.500,0.900,22,768
16,3.500,0.900,7,5357
16,3.500,0.900,2,492
16,3.500,0.900,12,1474
16,3.500,0.900,42,1775
16,3.500,0.900,41,3076
16,3.500,0.900,18,5622
16,3.500,0.900,36,3196
16,3.500,0.900,17,8295
16,3.500,0.900,12,1004
16,3.500,0.900,5,420
16,3.500,0.950,90,8629
16,3.500,0.950,25,7625
16,3.500,0.950,55,5077
16,3.500,0.950,109,6794
16,3.500,0.950,92,5464
16,3.500,0.950,46,3788
16,3.500,0.950,38,2640
16,3.500,0.950,24,1608
16,3.500,0.950,10,644
16,3.500,0.950,44,6030
16,3.500,0.950,39,1504
16,3.500,0.950,67,1821
16,3.500,0.950,8,1736
16,3.500,0.950,80,739
16,3.500,0.950,7,3320
16,3.500,0.950,30,3556
16,3.500,0.950,1,568
16,3.500,0.950,4,2950
16,3.500,0.950,46,5352
16,3.500,0.950,34,817
16,3.500,0.950,40,4499
16,3.500,0.950,20,12542
16,3.500,0.950,31,3768
16,3.500,0.950,83,9121
16,3.500,0.950,64,9186
16,3.500,0.950,25,5773
16,3.500,0.950,23,1628
16,3.500,0.950,55,10509
16,3.500,0.950,23,12947
16,3.500,0.950,40,4769
16,3.500,0.950,20,1557
16,3.500,0.950,11,2177
16,3.500,0.950,12,579
16,3.500,0.950,134,3593
16,3.500,0.950,8,2319
16,3.500,0.950,53,6540
16,3.500,0.950,19,2766
16,3.500,0.950,9,5305
16,3.500,0.950,5,151
16,3.500,0.950,13,4822
16,3.500,0.950,30,2276
16,3.500,0.950,80,4768
16,3.500,0.950,126,3236
16,3.500,0.950,28,6779
16,3.500,0.950,59,3109
16,3.500,0.950,66,1394
16,3.500,0.950,74,1738
16,3.500,0.950,15,5199
16,3.500,0.950,56,5597
16,3.500,0.950,35,26298
16,3.500,0.950,5,167
16,3.500,0.950,31,6132
16,3.500,0.950,33,2140
16,3.500,0.950,3,2304
16,3.500,0.950,22,2701
16,3.500,0.950,10,3043
16,3.500,0.950,81,3871
16,3.500,0.950,29,19186
16,3.500,0.950,11,8539
16,3.500,0.950,21,2696
16,3.500,0.950,30,3222
16,3.500,0.950,11,2112
16,3.500,0.950,13,5126
16,3.500,0.950,41,4262
16,3.500,0.950,13,3338
16,3.500,0.950,9,963
16,3.500,0.950,83,3059
16,3.500,0.950,28,1807
16,3.500,0.950,105,3474
16,3.500,0.950,13,2618
16,3.500,0.950,6,4354
16,3.500,0.950,32,12500
16,3.500,0.950,15,2247
16,3.500,0.950,39,9459
16,3.500,0.950,7,2852
16,3.500,0.950,6,582
16,3.500,0.950,14,2091
16,3.500,0.950,48,1031
16,3.500,0.950,97,1045
16,3.500,0.950,43,2892
16,3.500,0.950,20,3720
16,3.500,0.950,6,1101
16,3.500,0.950,42,18646
16,3.500,0.950,5,276
16,3.500,0.950,92,5509
16,3.500,0.950,6,7195
16,3.500,0.950,47,6824
16,3.500,0.950,66,1279
16,3.500,0.950,30,2029
16,3.500,0.950,12,683
16,3.500,0.950,2,2857
16,3.500,0.950,81,4448
16,3.500,0.950,89,11260
16,3.500,0.950,77,6203
16,3.500,0.950,35,1737
16,3.500,0.950,73,4430
16,3.500,0.950,48,1110
16,3.500,0.950,13,3261
16,3.500,0.950,25,4107
16,3.500,0.950,13,2013
16,3.500,0.950,37,7277
16,3.500,0.950,1,858
16,3.500,0.950,23,2930
16,3.500,0.950,73,5507
16,3.500,0.950,6,822
16,3.500,0.950,34,4497
16,3.500,0.950,8,485
16,3.500,0.950,4,5927
16,3.500,0.950,7,6843
16,3.500,0.950,54,4915
16,3.500,0.950,131,6568
16,3.500,0.950,111,7006
16,3.500,0.950,60,4287
16,3.500,0.950,110,5647
16,3.500,0.950,24,4926
16,3.500,0.950,1,237
16,3.500,0.950,9,690
16,3.500,0.950,11,1431
16,3.500,0.950,16,5083
16,3.500,0.950,6,428
16,3.500,0.950,8,2484
16,3.500,0.950,18,369
16,3.500,0.950,10,832
16,3.500,0.950,9,1686
16,3.500,0.950,7,2354
16,3.500,0.950,4,2107
16,3.500,0.950,1,199
16,3.500,0.950,5,8751
16,3.500,0.950,34,6917
16,3.500,0.950,30,4924
16,3.500,0.950,13,1962
16,3.500,0.950,80,2110
16,3.500,0.950,44,4643
16,3.500,0.950,20,1213
16,3.500,0.950,36,9273
16,3.500,0.950,5,1548
16,3.500,0.950,21,2914
16,3.500,0.950,12,3824
16,3.500,0.950,30,4477
16,3.500,0.950,4,2203
16,3.500,0.950,10,1624
16,3.500,0.950,8,3604
16,3.500,0.950,18,4897
16,3.500,0.950,129,12447
16,3.500,0.950,1,611
16,3.500,0.950,84,5764
16,3.500,0.950,31,5112
16,3.500,0.950,34,7803
16,3.500,0.950,11,170
16,3.500,0.950,53,1489
16,3.500,0.950,34,7050
16,3.500,0.950,82,2372
16,3.500,0.950,9,962
16,3.500,0.950,146,3934
16,3.500,0.950,70,9815
16,3.500,0.950,36,7048
16,3.500,0.950,63,5096
16,3.500,0.950,52,9839
16,3.500,0.950,5,559
16,3.500,0.950,47,13273
16,3.500,0.950,23,14856
16,3.500,0.950,2,255
16,3.500,0.950,35,5951
16,3.500,0.950,11,2490
16,3.500,0.950,66,4683
16,3.500,0.950,31,2226
16,3.500,0.950,50,15284
16,3.500,0.950,12,3472
16,3.500,0.950,110,31137
16,3.500,0.950,69,7402
16,3.500,0.950,51,7228
16,3.500,0.950,7,1204
16,3.500,0.950,24,9170
16,3.500,0.950,21,6399
16,3.500,0.950,8,1203
16,3.500,0.950,6,433
16,3.500,0.950,14,2600
16,3.500,0.950,44,2253
16,3.500,0.950,50,3396
16,3.500,0.950,30,2719
16,3.500,0.950,2,1087
16,3.500,0.950,27,1444
16,3.500,0.950,27,1173
16,3.500,0.950,38,4070
16,3.500,0.950,14,7266
16,3.500,0.950,4,74
16,3.500,0.950,6,790
16,3.500,0.950,95,5315
16,3.500,0.950,24,2327
16,3.500,0.950,179,5569
16,3.500,0.950,39,4784
16,3.500,0.950,13,3160
16,3.500,0.950,22,1540
16,3.500,0.950,6,656
16,3.500,0.950,152,16557
16,3.500,0.950,12,960
16,3.500,0.950,6,634
16,3.500,0.950,38,2741
16,3.500,0.950,54,14062
16,3.500,0.950,37,1905
16,3.500,0.950,30,2443
16,3.500,0.950,13,5188
16,3.500,0.950,53,8402
16,3.500,0.950,16,2196
16,3.500,0.950,50,2281
16,3.500,0.950,25,1897
16,3.500,0.950,30,8498
16,3.500,0.950,31,7023
16,3.500,0.950,39,656
16,3.500,0.950,1,744
16,3.500,0.950,16,9322
16,3.500,0.950,59,3697
16,3.500,0.950,90,14406
16,3.500,0.950,75,3497
16,3.500,0.950,32,1481
16,3.500,0.950,11,2446
16,3.500,0.950,30,5683
16,3.500,0.950,39,3309
16,3.500,0.950,73,6694
16,3.500,0.950,26,1212
16,3.500,0.950,71,7244
16,3.500,0.950,37,3768
16,3.500,0.950,6,420
16,3.500,0.950,27,2064
16,3.500,0.950,59,4705
16,3.500,0.950,73,3419
16,3.500,0.950,83,3274
16,3.500,0.950,35,4905
16,3.500,0.950,6,744
16,3.500,0.950,6,1415
16,3.500,0.950,10,1516
16,3.500,0.950,32,1198
16,3.500,0.950,2,687
16,3.500,0.950,20,865
16,3.500,0.950,51,6265
16,3.500,0.950,104,3826
16,3.500,0.950,30,2090
16,3.500,0.950,34,7595
16,3.500,0.950,48,3571
16,3.500,0.950,62,4420
16,3.500,0.950,2,5071
16,3.500,0.950,42,2520
16,3.500,0.950,8,880
16,3.500,0.950,22,3422
16,3.500,0.950,31,9414
16,3.500,0.950,128,13811
16,3.500,0.950,13,1250
16,3.500,0.950,34,2126
16,3.500,0.950,13,2157
16,3.500,0.950,39,9032
16,3.500,0.950,3,2115
16,3.500,0.950,74,7091
16,3.500,0.950,19,1941
16,3.500,0.950,43,1063
16,3.500,0.950,32,6314
16,3.500,0.950,17,2938
16,3.500,0.950,61,3786
16,3.500,0.950,31,3902
16,3.500,0.950,52,10282
16,3.500,0.950,19,2750
16,3.500,0.950,22,7618
16,3.500,0.950,32,2277
16,3.500,0.950,105,12641
16,3.500,0.950,20,2378
16,3.500,0.950,64,12707
16,3.500,0.950,22,1496
16,3.500,0.950,12,122
16,3.500,0.950,70,3414
16,3.500,0.950,27,5599
16,3.500,0.950,33,1609
16,3.500,0.950,28,2566
16,3.500,0.950,5,1457
16,3.500,0.950,3,1039
16,3.500,0.950,12,7019
16,3.500,0.950,77,6557
16,3.500,0.950,19,11511
16,3.500,0.950,18,1147
16,3.500,0.950,48,7667
16,3.500,0.950,32,926
16,3.500,0.950,8,4963
16,3.500,0.950,25,3949
16,3.500,0.950,25,1990
16,3.500,0.950,15,2281
16,3.500,0.950,31,1992
16,3.500,0.950,42,1762
16,3.500,0.950,16,853
16,3.500,0.950,15,7645
16,3.500,0.950,27,2030
16,3.500,0.950,133,7572
16,3.500,0.950,3,1844
16,3.500,0.950,33,2212
16,3.500,0.950,54,4528
16,3.500,0.950,37,3288
16,3.500,1.000,20,33
16,3.500,1.000,68,136
16,3.500,1.000,26,39
16,3.500,1.000,13,40
16,3.500,1.000,59,98
16,3.500,1.000,5,14
16,3.500,1.000,22,59
16,3.500,1.000,10,14
16,3.500,1.000,13,40
16,3.500,1.000,31,68
16,3.500,1.000,5,20
16,3.500,1.000,42,54
16,3.500,1.000,34,64
16,3.500,1.000,6,32
16,3.500,1.000,16,49
16,3.500,1.000,17,37
16,3.500,1.000,34,72
16,3.500,1.000,21,35
16,3.500,1.000,42,85
16,3.500,1.000,243,191
16,3.500,1.000,38,72
16,3.500,1.000,35,96
16,3.500,1.000,33,44
16,3.500,1.000,73,112
16,3.500,1.000,42,96
16,3.500,1.000,115,178
16,3.500,1.000,24,58
16,3.500,1.000,31,55
16,3.500,1.000,11,39
16,3.500,1.000,56,125
16,3.500,1.000,57,93
16,3.500,1.000,54,49
16,3.500,1.000,19,39
16,3.500,1.000,7,21
16,3.500,1.000,47,84
16,3.500,1.000,9,20
16,3.500,1.000,4,15
16,3.500,1.000,135,177
16,3.500,1.000,43,66
16,3.500,1.000,42,106
16,3.500,1.000,59,87
16,3.500,1.000,4,8
16,3.500,1.000,12,32
16,3.500,1.000,103,133
16,3.500,1.000,63,100
16,3.500,1.000,13,40
16,3.500,1.000,26,52
16,3.500,1.000,8,21
16,3.500,1.000,70,102
16,3.500,1.000,123,243
16,3.500,1.000,2,8
16,3.500,1.000,7,39
16,3.500,1.000,16,52
16,3.500,1.000,21,41
16,3.500,1.000,53,77
16,3.500,1.000,55,65
16,3.500,1.000,15,53
16,3.500,1.000,8,9
16,3.500,1.000,75,144
16,3.500,1.000,62,115
16,3.500,1.000,43,68
16,3.500,1.000,44,67
16,3.500,1.000,26,56
16,3.500,1.000,30,69
16,3.500,1.000,32,61
16,3.500,1.000,17,28
16,3.500,1.000,14,43
16,3.500,1.000,19,31
16,3.500,1.000,29,68
16,3.500,1.000,46,69
16,3.500,1.000,21,68
16,3.500,1.000,4,11
16,3.500,1.000,79,114
16,3.500,1.000,41,75
16,3.500,1.000,27,46
16,3.500,1.000,10,34
16,3.500,1.000,69,131
16,3.500,1.000,82,119
16,3.500,1.000,32,57
16,3.500,1.000,40,81
16,3.500,1.000,6,17
16,3.500,1.000,12,32
16,3.500,1.000,66,109
16,3.500,1.000,3,11
16,3.500,1.000,76,59
16,3.500,1.000,102,204
16,3.500,1.000,27,45
16,3.500,1.000,10,23
16,3.500,1.000,32,60
16,3.500,1.000,18,70
16,3.500,1.000,157,140
16,3.500,1.000,2,11
16,3.500,1.000,37,55
16,3.500,1.000,17,26
16,3.500,1.000,24,21
16,3.500,1.000,43,60
16,3.500,1.000,15,31
16,3.500,1.000,36,71
16,3.500,1.000,16,49
16,3.500,1.000,2,7
16,3.500,1.000,92,174
16,3.500,1.000,17,35
16,3.500,1.000,36,26
16,3.500,1.000,16,48
16,3.500,1.000,12,16
16,3.500,1.000,18,38
16,3.500,1.000,10,30
16,3.500,1.000,100,168
16,3.500,1.000,30,48
16,3.500,1.000,50,57
16,3.500,1.000,18,30
16,3.500,1.000,88,102
16,3.500,1.000,4,11
16,3.500,1.000,11,20
16,3.500,1.000,76,116
16,3.500,1.000,25,68
16,3.500,1.000,87,72
16,3.500,1.000,66,62
16,3.500,1.000,28,77
16,3.500,1.000,48,154
16,3.500,1.000,94,44
16,3.500,1.000,9,43
16,3.500,1.000,71,169
16,3.500,1.000,6,12
16,3.500,1.000,13,29
16,3.500,1.000,37,50
16,3.500,1.000,5,22
16,3.500,1.000,57,103
16,3.500,1.000,41,45
16,3.500,1.000,5,19
16,3.500,1.000,1,6
16,3.500,1.000,6,12
16,3.500,1.000,41,67
16,3.500,1.000,10,26
16,3.500,1.000,116,126
16,3.500,1.000,12,29
16,3.500,1.000,6,14
16,3.500,1.000,6,23
16,3.500,1.000,9,31
16,3.500,1.000,28,48
16,3.500,1.000,18,55
16,3.500,1.000,7,23
16,3.500,1.000,26,39
16,3.500,1.000,5,15
16,3.500,1.000,29,68
16,3.500,1.000,13,33
16,3.500,1.000,141,167
16,3.500,1.000,10,33
16,3.500,1.000,12,36
16,3.500,1.000,55,111
16,3.500,1.000,60,134
16,3.500,1.000,52,72
16,3.500,1.000,38,107
16,3.500,1.000,8,20
16,3.500,1.000,23,74
16,3.500,1.000,12,30
16,3.500,1.000,4,16
16,3.500,1.000,9,37
16,3.500,1.000,22,48
16,3.500,1.000,28,65
16,3.500,1.000,9,31
16,3.500,1.000,20,30
16,3.500,1.000,11,31
16,3.500,1.000,5,18
16,3.500,1.000,10,31
16,3.500,1.000,14,26
16,3.500,1.000,32,67
16,3.500,1.000,61,85
16,3.500,1.000,39,48
16,3.500,1.000,60,106
16,3.500,1.000,2,5
16,3.500,1.000,20,57
16,3.500,1.000,6,18
16,3.500,1.000,80,147
16,3.500,1.000,20,48
16,3.500,1.000,14,30
16,3.500,1.000,4,10
16,3.500,1.000,29,72
16,3.500,1.000,91,116
16,3.500,1.000,29,67
16,3.500,1.000,165,158
16,3.500,1.000,38,60
16,3.500,1.000,51,70
16,3.500,1.000,31,48
16,3.500,1.000,2,8
16,3.500,1.000,10,17
16,3.500,1.000,81,105
16,3.500,1.000,71,79
16,3.500,1.000,17,38
16,3.500,1.000,45,100
16,3.500,1.000,15,10
16,3.500,1.000,14,39
16,3.500,1.000,110,238
16,3.500,1.000,139,140
16,3.500,1.000,5,21
16,3.500,1.000,22,41
16,3.500,1.000,80,136
16,3.500,1.000,8,23
16,3.500,1.000,32,23
16,3.500,1.000,3,17
16,3.500,1.000,93,132
16,3.500,1.000,9,35
16,3.500,1.000,48,71
16,3.500,1.000,2,9
16,3.500,1.000,4,26
16,3.500,1.000,31,53
16,3.500,1.000,61,150
16,3.500,1.000,7,16
16,3.500,1.000,13,51
16,3.500,1.000,16,23
16,3.500,1.000,1,7
16,3.500,1.000,22,44
16,3.500,1.000,70,75
16,3.500,1.000,30,57
16,3.500,1.000,28,70
16,3.500,1.000,3,17
16,3.500,1.000,106,114
16,3.500,1.000,34,49
16,3.500,1.000,38,87
16,3.500,1.000,60,100
16,3.500,1.000,141,104
16,3.500,1.000,33,62
16,3.500,1.000,56,84
16,3.500,1.000,28,41
16,3.500,1.000,18,58
16,3.500,1.000,44,60
16,3.500,1.000,18,54
16,3.500,1.000,4,9
16,3.500,1.000,11,26
16,3.500,1.000,22,26
16,3.500,1.000,69,86
16,3.500,1.000,45,39
16,3.500,1.000,16,52
16,3.500,1.000,21,44
16,3.500,1.000,43,88
16,3.500,1.000,68,102
16,3.500,1.000,7,20
16,3.500,1.000,28,16
16,3.500,1.000,17,53
16,3.500,1.000,1,5
16,3.500,1.000,15,38
16,3.500,1.000,34,93
16,3.500,1.000,18,19
16,3.500,1.000,22,48
16,3.500,1.000,37,85
16,3.500,1.000,52,79
16,3.500,1.000,29,67
16,3.500,1.000,88,187
16,3.500,1.000,48,61
16,3.500,1.000,31,50
16,3.500,1.000,80,70
16,3.500,1.000,25,53
16,3.500,1.000,128,258
16,3.500,1.000,110,82
16,3.500,1.000,134,202
16,3.500,1.000,72,109
16,3.500,1.000,19,52
16,3.500,1.000,7,14
16,3.500,1.000,124,184
16,3.500,1.000,10,26
16,3.500,1.000,16,35
16,3.500,1.000,38,31
16,3.500,1.000,11,35
16,3.500,1.000,24,41
16,3.500,1.000,1,6
16,3.500,1.000,46,100
16,3.500,1.000,88,162
16,3.500,1.000,26,57
16,3.500,1.000,13,33
16,3.500,1.000,53,70
16,3.500,1.000,52,112
16,3.500,1.000,8,20
16,3.500,1.000,23,45
16,3.500,1.000,42,62
16,3.500,1.000,10,39
16,3.500,1.000,2,6
16,3.500,1.000,8,29
16,3.500,1.000,3,12
16,3.500,1.000,38,71
16,3.500,1.000,9,21
16,3.500,1.000,34,56
16,3.500,1.000,98,158
16,3.500,1.000,32,44
16,3.500,1.000,36,57
16,3.500,1.000,14,33
16,3.500,1.000,15,26
16,3.500,1.000,10,22
16,3.500,1.000,42,74
16,3.500,1.000,54,119
16,3.500,1.000,16,40
16,3.500,1.000,105,117
17,3.500,0.200,39,8266
17,3.500,0.200,36,1669
17,3.500,0.200,4,1384
17,3.500,0.200,2,447
17,3.500,0.200,9,5171
17,3.500,0.200,4,187
17,3.500,0.200,11,10170
17,3.500,0.200,8,97
17,3.500,0.200,16,5905
17,3.500,0.200,22,8573
17,3.500,0.200,3,6315
17,3.500,0.200,12,6613
17,3.500,0.200,116,11521
17,3.500,0.200,10,1164
17,3.500,0.200,35,7383
17,3.500,0.200,36,7160
17,3.500,0.200,64,12417
17,3.500,0.200,61,8056
17,3.500,0.200,76,10620
17,3.500,0.200,39,17785
17,3.500,0.200,16,855
17,3.500,0.200,7,3305
17,3.500,0.200,9,3588
17,3.500,0.200,8,116
17,3.500,0.200,38,10598
17,3.500,0.200,21,2376
17,3.500,0.200,24,3967
17,3.500,0.200,68,4008
17,3.500,0.200,47,3407
17,3.500,0.200,45,6167
17,3.500,0.200,45,2662
17,3.500,0.200,12,407
17,3.500,0.200,11,646
17,3.500,0.200,103,2763
17,3.500,0.200,128,23809
17,3.500,0.200,136,40591
17,3.500,0.200,18,3854
17,3.500,0.200,67,6605
17,3.500,0.200,32,70121
17,3.500,0.200,17,1202
17,3.500,0.200,23,2283
17,3.500,0.200,38,14970
17,3.500,0.200,55,11688
17,3.500,0.200,103,3112
17,3.500,0.200,19,608
17,3.500,0.200,26,5847
17,3.500,0.200,133,4124
17,3.500,0.200,101,11042
17,3.500,0.200,43,8560
17,3.500,0.200,19,1662
17,3.500,0.200,197,18367
17,3.500,0.200,45,6667
17,3.500,0.200,74,19449
17,3.500,0.200,2,3604
17,3.500,0.200,30,1941
17,3.500,0.200,74,3778
17,3.500,0.200,90,6243
17,3.500,0.200,48,1860
17,3.500,0.200,8,9408
17,3.500,0.200,16,2776
17,3.500,0.200,65,5294
17,3.500,0.200,57,2150
17,3.500,0.200,31,4941
17,3.500,0.200,31,1596
17,3.500,0.200,25,6704
17,3.500,0.200,4,4480
17,3.500,0.200,15,6906
17,3.500,0.200,2,309
17,3.500,0.200,108,2602
17,3.500,0.200,90,3772
17,3.500,0.200,10,1632
17,3.500,0.200,2,187
17,3.500,0.200,37,9940
17,3.500,0.200,10,4695
17,3.500,0.200,20,3230
17,3.500,0.200,40,2730
17,3.500,0.200,53,9465
17,3.500,0.200,24,1394
17,3.500,0.200,31,8804
17,3.500,0.200,4,218
17,3.500,0.200,2,292
17,3.500,0.200,18,7495
17,3.500,0.200,2,1194
17,3.500,0.200,17,15679
17,3.500,0.200,107,15964
17,3.500,0.200,2,298
17,3.500,0.200,74,7786
17,3.500,0.200,6,4459
17,3.500,0.200,58,13107
17,3.500,0.200,10,1945
17,3.500,0.200,13,7151
17,3.500,0.200,49,9056
17,3.500,0.200,12,4112
17,3.500,0.200,42,3795
17,3.500,0.200,21,3054
17,3.500,0.200,51,7457
17,3.500,0.200,18,17402
17,3.500,0.200,3,744
17,3.500,0.200,27,628
17,3.500,0.200,27,1058
17,3.500,0.200,17,2870
17,3.500,0.200,2,5400
17,3.500,0.200,7,1877
17,3.500,0.200,48,3304
17,3.500,0.200,13,2718
17,3.500,0.200,4,13319
17,3.500,0.200,10,2273
17,3.500,0.200,4,20483
17,3.500,0.200,12,7879
17,3.500,0.200,31,7699
17,3.500,0.200,31,1977
17,3.500,0.200,38,14711
17,3.500,0.200,95,15846
17,3.500,0.200,75,3051
17,3.500,0.200,26,3900
17,3.500,0.200,18,431
17,3.500,0.200,83,17944
17,3.500,0.200,221,34658
17,3.500,0.200,13,7800
17,3.500,0.200,42,16635
17,3.500,0.200,22,6554
17,3.500,0.200,7,16447
17,3.500,0.200,24,3038
17,3.500,0.200,18,9033
17,3.500,0.200,10,1183
17,3.500,0.200,3,3669
17,3.500,0.200,17,6840
17,3.500,0.200,14,1778
17,3.500,0.200,25,5053
17,3.500,0.200,3,132
17,3.500,0.200,57,3532
17,3.500,0.200,51,6973
17,3.500,0.200,18,8810
17,3.500,0.200,40,4547
17,3.500,0.200,39,1917
17,3.500,0.200,22,3292
17,3.500,0.200,33,6920
17,3.500,0.200,48,14406
17,3.500,0.200,17,15856
17,3.500,0.200,10,18553
17,3.500,0.200,22,5513
17,3.500,0.200,15,9598
17,3.500,0.200,99,14793
17,3.500,0.200,85,4526
17,3.500,0.200,8,5739
17,3.500,0.200,12,4047
17,3.500,0.200,36,2037
17,3.500,0.200,34,1480
17,3.500,0.200,76,3382
17,3.500,0.200,31,4626
17,3.500,0.200,7,8078
17,3.500,0.200,54,8891
17,3.500,0.200,16,2368
17,3.500,0.200,16,8497
17,3.500,0.200,30,4618
17,3.500,0.200,3,684
17,3.500,0.200,90,15103
17,3.500,0.200,109,8592
17,3.500,0.200,70,3080
17,3.500,0.200,54,16710
17,3.500,0.200,126,7863
17,3.500,0.200,21,2596
17,3.500,0.200,12,712
17,3.500,0.200,18,16126
17,3.500,0.200,54,9536
17,3.500,0.200,39,3636
17,3.500,0.200,86,1927
17,3.500,0.200,68,3313
17,3.500,0.200,7,248
17,3.500,0.200,9,1357
17,3.500,0.200,51,60250
17,3.500,0.200,4,1851
17,3.500,0.200,17,8074
17,3.500,0.200,7,5689
17,3.500,0.200,80,5304
17,3.500,0.200,6,176
17,3.500,0.200,16,1330
17,3.500,0.200,10,9733
17,3.500,0.200,3,3868
17,3.500,0.200,34,29728
17,3.500,0.200,29,11715
17,3.500,0.200,53,8456
17,3.500,0.200,24,2768
17,3.500,0.200,26,3898
17,3.500,0.200,36,4507
17,3.500,0.200,8,682
17,3.500,0.200,164,31435
17,3.500,0.200,125,4456
17,3.500,0.200,32,19891
17,3.500,0.200,21,2548
17,3.500,0.200,27,1618
17,3.500,0.200,98,23847
17,3.500,0.200,112,6002
17,3.500,0.200,31,2691
17,3.500,0.200,32,10672
17,3.500,0.200,20,4408
17,3.500,0.200,25,836
17,3.500,0.200,109,8580
17,3.500,0.200,39,5204
17,3.500,0.200,19,6616
17,3.500,0.200,118,8099
17,3.500,0.200,24,4304
17,3.500,0.200,22,28959
17,3.500,0.200,10,8283
17,3.500,0.200,86,11080
17,3.500,0.200,47,10163
17,3.500,0.200,48,3089
17,3.500,0.200,7,2235
17,3.500,0.200,112,8962
17,3.500,0.200,12,1832
17,3.500,0.200,28,6391
17,3.500,0.200,47,6301
17,3.500,0.200,30,8092
17,3.500,0.200,138,23222
17,3.500,0.200,27,1956
17,3.500,0.200,6,1426
17,3.500,0.200,420,16761
17,3.500,0.200,38,18533
17,3.500,0.200,16,16724
17,3.500,0.200,39,10441
17,3.500,0.200,73,2199
17,3.500,0.200,65,5122
17,3.500,0.200,8,9313
17,3.500,0.200,20,8995
17,3.500,0.200,20,835
17,3.500,0.200,16,8254
17,3.500,0.200,53,3997
17,3.500,0.200,2,1738
17,3.500,0.200,37,3766
17,3.500,0.200,21,688
17,3.500,0.200,3,1685
17,3.500,0.200,2,557
17,3.500,0.200,31,3896
17,3.500,0.200,30,15694
17,3.500,0.200,27,5190
17,3.500,0.200,99,17265
17,3.500,0.200,29,18288
17,3.500,0.200,46,5417
17,3.500,0.200,61,3901
17,3.500,0.200,47,5246
17,3.500,0.200,3,5433
17,3.500,0.200,26,4690
17,3.500,0.200,96,7528
17,3.500,0.200,46,6973
17,3.500,0.200,78,5675
17,3.500,0.200,53,5851
17,3.500,0.200,196,8307
17,3.500,0.200,54,1912
17,3.500,0.200,66,2456
17,3.500,0.200,55,7601
17,3.500,0.200,142,10925
17,3.500,0.200,51,4113
17,3.500,0.200,9,1717
17,3.500,0.200,52,17482
17,3.500,0.200,10,4540
17,3.500,0.200,31,2325
17,3.500,0.200,7,3171
17,3.500,0.200,16,2842
17,3.500,0.200,22,5451
17,3.500,0.200,185,25495
17,3.500,0.200,23,8445
17,3.500,0.200,17,9516
17,3.500,0.200,343,4837
17,3.500,0.200,51,3549
17,3.500,0.200,8,434
17,3.500,0.200,9,7456
17,3.500,0.200,56,6886
17,3.500,0.200,11,3975
17,3.500,0.200,20,7621
17,3.500,0.200,48,3258
17,3.500,0.200,36,19830
17,3.500,0.200,5,384
17,3.500,0.200,17,2693
17,3.500,0.200,96,2813
17,3.500,0.200,90,16912
17,3.500,0.200,95,5497
17,3.500,0.200,79,8504
17,3.500,0.200,36,2486
17,3.500,0.200,43,3619
17,3.500,0.200,31,4673
17,3.500,0.200,41,3888
17,3.500,0.200,26,3414
17,3.500,0.200,13,2810
17,3.500,0.200,7,8840
17,3.500,0.200,78,3606
17,3.500,0.200,64,8221
17,3.500,0.200,54,5114
17,3.500,0.200,20,6057
17,3.500,0.200,12,881
17,3.500,0.200,17,7135
17,3.500,0.200,17,933
17,3.500,0.500,17,4978
17,3.500,0.500,17,3436
17,3.500,0.500,41,7652
17,3.500,0.500,15,7552
17,3.500,0.500,57,15216
17,3.500,0.500,2,241
17,3.500,0.500,52,14550
17,3.500,0.500,20,258
17,3.500,0.500,21,29501
17,3.500,0.500,18,1364
17,3.500,0.500,6,1312
17,3.500,0.500,198,41264
17,3.500,0.500,5,1005
17,3.500,0.500,7,1948
17,3.500,0.500,114,3645
17,3.500,0.500,57,4452
17,3.500,0.500,11,3352
17,3.500,0.500,29,2285
17,3.500,0.500,15,480
17,3.500,0.500,68,8676
17,3.500,0.500,10,5789
17,3.500,0.500,57,5045
17,3.500,0.500,11,3928
17,3.500,0.500,2,216
17,3.500,0.500,90,5919
17,3.500,0.500,22,4763
17,3.500,0.500,10,1566
17,3.500,0.500,18,974
17,3.500,0.500,18,9664
17,3.500,0.500,15,10042
17,3.500,0.500,49,1144
17,3.500,0.500,5,1213
17,3.500,0.500,10,3055
17,3.500,0.500,37,11323
17,3.500,0.500,47,11579
17,3.500,0.500,55,4651
17,3.500,0.500,66,5284
17,3.500,0.500,48,8252
17,3.500,0.500,17,3655
17,3.500,0.500,24,874
17,3.500,0.500,26,1149
17,3.500,0.500,201,9457
17,3.500,0.500,4,1558
17,3.500,0.500,48,10610
17,3.500,0.500,28,5556
17,3.500,0.500,7,7523
17,3.500,0.500,32,6899
17,3.500,0.500,29,12910
17,3.500,0.500,197,10555
17,3.500,0.500,18,9902
17,3.500,0.500,18,2919
17,3.500,0.500,36,6594
17,3.500,0.500,49,8813
17,3.500,0.500,117,5321
17,3.500,0.500,85,2872
17,3.500,0.500,7,2914
17,3.500,0.500,36,2684
17,3.500,0.500,79,4100
17,3.500,0.500,29,3929
17,3.500,0.500,29,2022
17,3.500,0.500,14,1913
17,3.500,0.500,20,9212
17,3.500,0.500,18,12142
17,3.500,0.500,22,7353
17,3.500,0.500,31,8083
17,3.500,0.500,63,8122
17,3.500,0.500,38,11534
17,3.500,0.500,17,25592
17,3.500,0.500,38,3608
17,3.500,0.500,23,15496
17,3.500,0.500,69,31290
17,3.500,0.500,41,4412
17,3.500,0.500,121,4016
17,3.500,0.500,62,5088
17,3.500,0.500,17,2128
17,3.500,0.500,57,542
17,3.500,0.500,16,2535
17,3.500,0.500,109,13317
17,3.500,0.500,23,5999
17,3.500,0.500,75,15871
17,3.500,0.500,17,2105
17,3.500,0.500,12,1566
17,3.500,0.500,56,3790
17,3.500,0.500,21,1576
17,3.500,0.500,17,5832
17,3.500,0.500,4,864
17,3.500,0.500,36,3155
17,3.500,0.500,28,2294
17,3.500,0.500,31,4559
17,3.500,0.500,15,1486
17,3.500,0.500,26,3728
17,3.500,0.500,16,5521
17,3.500,0.500,15,5899
17,3.500,0.500,32,454
17,3.500,0.500,52,14289
17,3.500,0.500,35,3052
17,3.500,0.500,113,5573
17,3.500,0.500,29,6576
17,3.500,0.500,6,979
17,3.500,0.500,14,4844
17,3.500,0.500,46,3293
17,3.500,0.500,27,4542
17,3.500,0.500,47,3564
17,3.500,0.500,17,4788
17,3.500,0.500,100,9883
17,3.500,0.500,1,1300
17,3.500,0.500,25,13804
17,3.500,0.500,170,23739
17,3.500,0.500,76,2983
17,3.500,0.500,15,1505
17,3.500,0.500,15,31382
17,3.500,0.500,31,2478
17,3.500,0.500,2,190
17,3.500,0.500,4,8785
17,3.500,0.500,33,4493
17,3.500,0.500,15,13759
17,3.500,0.500,2,1238
17,3.500,0.500,19,7785
17,3.500,0.500,61,2226
17,3.500,0.500,81,3224
17,3.500,0.500,10,653
17,3.500,0.500,9,3264
17,3.500,0.500,18,2366
17,3.500,0.500,37,976
17,3.500,0.500,53,11956
17,3.500,0.500,25,3566
17,3.500,0.500,71,3469
17,3.500,0.500,177,6760
17,3.500,0.500,65,2673
17,3.500,0.500,30,5950
17,3.500,0.500,65,3797
17,3.500,0.500,3,6256
17,3.500,0.500,15,1459
17,3.500,0.500,70,3704
17,3.500,0.500,4,1797
17,3.500,0.500,13,5356
17,3.500,0.500,5,446
17,3.500,0.500,1,4708
17,3.500,0.500,31,3054
17,3.500,0.500,133,24217
17,3.500,0.500,3,653
17,3.500,0.500,11,408
17,3.500,0.500,34,11340
17,3.500,0.500,39,1131
17,3.500,0.500,26,1391
17,3.500,0.500,20,1447
17,3.500,0.500,96,8961
17,3.500,0.500,76,7772
17,3.500,0.500,41,27503
17,3.500,0.500,37,15351
17,3.500,0.500,83,19581
17,3.500,0.500,22,744
17,3.500,0.500,44,4165
17,3.500,0.500,15,3618
17,3.500,0.500,18,17002
17,3.500,0.500,6,549
17,3.500,0.500,2,1225
17,3.500,0.500,13,2202
17,3.500,0.500,170,6472
17,3.500,0.500,67,3998
17,3.500,0.500,28,1214
17,3.500,0.500,68,4955
17,3.500,0.500,27,7984
17,3.500,0.500,31,806
17,3.500,0.500,16,4904
17,3.500,0.500,57,5842
17,3.500,0.500,150,4529
17,3.500,0.500,12,6160
17,3.500,0.500,88,6631
17,3.500,0.500,70,4888
17,3.500,0.500,14,265
17,3.500,0.500,63,4783
17,3.500,0.500,49,10178
17,3.500,0.500,41,14971
17,3.500,0.500,12,8115
17,3.500,0.500,180,5536
17,3.500,0.500,25,23017
17,3.500,0.500,229,16100
17,3.500,0.500,82,6178
17,3.500,0.500,6,180
17,3.500,0.500,23,4231
17,3.500,0.500,5,2797
17,3.500,0.500,44,6132
17,3.500,0.500,30,1342
17,3.500,0.500,71,2467
17,3.500,0.500,97,8511
17,3.500,0.500,5,3120
17,3.500,0.500,28,3505
17,3.500,0.500,2,158
17,3.500,0.500,56,13611
17,3.500,0.500,78,8170
17,3.500,0.500,142,30028
17,3.500,0.500,3,174
17,3.500,0.500,100,6392
17,3.500,0.500,59,11338
17,3.500,0.500,77,6366
17,3.500,0.500,35,2603
17,3.500,0.500,22,14602
17,3.500,0.500,169,10936
17,3.500,0.500,14,4088
17,3.500,0.500,9,796
17,3.500,0.500,84,5557
17,3.500,0.500,72,6231
17,3.500,0.500,101,8085
17,3.500,0.500,110,12632
17,3.500,0.500,121,14546
17,3.500,0.500,34,6767
17,3.500,0.500,35,2580
17,3.500,0.500,58,1391
17,3.500,0.500,90,18621
17,3.500,0.500,42,2636
17,3.500,0.500,49,20400
17,3.500,0.500,30,10104
17,3.500,0.500,13,10051
17,3.500,0.500,150,16513
17,3.500,0.500,6,3763
17,3.500,0.500,34,1153
17,3.500,0.500,56,1201
17,3.500,0.500,5,625
17,3.500,0.500,85,11650
17,3.500,0.500,56,5013
17,3.500,0.500,15,2486
17,3.500,0.500,40,466
17,3.500,0.500,57,7484
17,3.500,0.500,31,8128
17,3.500,0.500,2,148
17,3.500,0.500,25,1727
17,3.500,0.500,17,7446
17,3.500,0.500,71,17120
17,3.500,0.500,5,931
17,3.500,0.500,69,9529
17,3.500,0.500,40,7494
17,3.500,0.500,30,1899
17,3.500,0.500,24,3416
17,3.500,0.500,37,1932
17,3.500,0.500,34,4377
17,3.500,0.500,180,3667
17,3.500,0.500,28,3157
17,3.500,0.500,9,4269
17,3.500,0.500,9,5341
17,3.500,0.500,24,1973
17,3.500,0.500,39,3659
17,3.500,0.500,41,34775
17,3.500,0.500,90,12470
17,3.500,0.500,10,3499
17,3.500,0.500,10,19074
17,3.500,0.500,35,7021
17,3.500,0.500,3,188
17,3.500,0.500,7,3295
17,3.500,0.500,25,5745
17,3.500,0.500,21,10588
17,3.500,0.500,10,10684
17,3.500,0.500,113,7815
17,3.500,0.500,45,4044
17,3.500,0.500,17,3215
17,3.500,0.500,33,10675
17,3.500,0.500,27,7042
17,3.500,0.500,3,884
17,3.500,0.500,48,4316
17,3.500,0.500,14,673
17,3.500,0.500,4,151
17,3.500,0.500,52,7153
17,3.500,0.500,47,9161
17,3.500,0.500,17,2456
17,3.500,0.500,28,6045
17,3.500,0.500,3,658
17,3.500,0.500,15,455
17,3.500,0.500,20,465
17,3.500,0.500,44,1864
17,3.500,0.500,31,2590
17,3.500,0.500,51,4944
17,3.500,0.500,7,3738
17,3.500,0.500,12,7969
17,3.500,0.500,106,4006
17,3.500,0.500,18,6200
17,3.500,0.500,34,15911
17,3.500,0.500,8,3431
17,3.500,0.500,21,9788
17,3.500,0.500,60,10072
17,3.500,0.500,30,7129
17,3.500,0.500,3,2281
17,3.500,0.500,35,12753
17,3.500,0.500,15,2759
17,3.500,0.500,21,3270
17,3.500,0.500,93,5737
17,3.500,0.500,6,1056
17,3.500,0.500,27,1527
17,3.500,0.500,27,1683
17,3.500,0.500,8,2801
17,3.500,0.500,15,1609
17,3.500,0.500,13,1007
17,3.500,0.500,77,16220
17,3.500,0.500,15,33218
17,3.500,0.750,224,2951
17,3.500,0.750,42,9520
17,3.500,0.750,23,2710
17,3.500,0.750,46,4039
17,3.500,0.750,21,3596
17,3.500,0.750,45,3388
17,3.500,0.750,10,930
17,3.500,0.750,101,11019
17,3.500,0.750,27,5336
17,3.500,0.750,50,8974
17,3.500,0.750,24,2352
17,3.500,0.750,5,282
17,3.500,0.750,44,3348
17,3.500,0.750,10,3916
17,3.500,0.750,116,4279
17,3.500,0.750,18,2482
17,3.500,0.750,128,10494
17,3.500,0.750,41,1907
17,3.500,0.750,39,11281
17,3.500,0.750,3,1494
17,3.500,0.750,8,10319
17,3.500,0.750,14,34459
17,3.500,0.750,56,8217
17,3.500,0.750,90,12585
17,3.500,0.750,49,27742
17,3.500,0.750,3,255
17,3.500,0.750,71,1758
17,3.500,0.750,363,9764
17,3.500,0.750,14,12701
17,3.500,0.750,5,1073
17,3.500,0.750,2,4155
17,3.500,0.750,9,2479
17,3.500,0.750,38,7921
17,3.500,0.750,41,4403
17,3.500,0.750,14,7086
17,3.500,0.750,23,4312
17,3.500,0.750,24,13723
17,3.500,0.750,20,1016
17,3.500,0.750,150,27288
17,3.500,0.750,29,5763
17,3.500,0.750,75,10588
17,3.500,0.750,38,5981
17,3.500,0.750,22,2772
17,3.500,0.750,50,6744
17,3.500,0.750,28,2659
17,3.500,0.750,74,4847
17,3.500,0.750,184,20698
17,3.500,0.750,18,366
17,3.500,0.750,28,12470
17,3.500,0.750,26,2821
17,3.500,0.750,241,6650
17,3.500,0.750,155,10966
17,3.500,0.750,25,10444
17,3.500,0.750,24,6158
17,3.500,0.750,52,7791
17,3.500,0.750,16,15317
17,3.500,0.750,17,9691
17,3.500,0.750,1,581
17,3.500,0.750,34,1921
17,3.500,0.750,37,7547
17,3.500,0.750,7,2020
17,3.500,0.750,6,6082
17,3.500,0.750,8,664
17,3.500,0.750,29,774
17,3.500,0.750,31,1914
17,3.500,0.750,20,6234
17,3.500,0.750,100,6061
17,3.500,0.750,33,2482
17,3.500,0.750,21,6675
17,3.500,0.750,24,6171
17,3.500,0.750,14,1411
17,3.500,0.750,60,7126
17,3.500,0.750,156,1729
17,3.500,0.750,113,6602
17,3.500,0.750,118,445
17,3.500,0.750,10,1485
17,3.500,0.750,179,10999
17,3.500,0.750,18,4201
17,3.500,0.750,25,2811
17,3.500,0.750,38,7394
17,3.500,0.750,34,14827
17,3.500,0.750,7,1407
17,3.500,0.750,24,2777
17,3.500,0.750,16,4564
17,3.500,0.750,6,2474
17,3.500,0.750,159,20731
17,3.500,0.750,28,23686
17,3.500,0.750,102,10611
17,3.500,0.750,141,5429
17,3.500,0.750,7,1003
17,3.500,0.750,7,861
17,3.500,0.750,4,357
17,3.500,0.750,6,1329
17,3.500,0.750,5,3652
17,3.500,0.750,26,1043
17,3.500,0.750,71,4309
17,3.500,0.750,5,1977
17,3.500,0.750,129,43303
17,3.500,0.750,31,8797
17,3.500,0.750,177,14476
17,3.500,0.750,9,1709
17,3.500,0.750,7,2755
17,3.500,0.750,38,1718
17,3.500,0.750,107,10708
17,3.500,0.750,58,14437
17,3.500,0.750,46,4175
17,3.500,0.750,1,1145
17,3.500,0.750,16,6524
17,3.500,0.750,50,21907
17,3.500,0.750,147,7661
17,3.500,0.750,31,2083
17,3.500,0.750,23,4067
17,3.500,0.750,37,12356
17,3.500,0.750,14,4372
17,3.500,0.750,11,13116
17,3.500,0.750,31,16356
17,3.500,0.750,14,7782
17,3.500,0.750,19,2271
17,3.500,0.750,81,4691
17,3.500,0.750,82,14570
17,3.500,0.750,134,7121
17,3.500,0.750,56,15773
17,3.500,0.750,15,8613
17,3.500,0.750,68,8604
17,3.500,0.750,7,1931
17,3.500,0.750,50,2141
17,3.500,0.750,4,2278
17,3.500,0.750,50,1695
17,3.500,0.750,56,1849
17,3.500,0.750,163,14948
17,3.500,0.750,59,3614
17,3.500,0.750,9,1436
17,3.500,0.750,43,6491
17,3.500,0.750,36,4006
17,3.500,0.750,41,12213
17,3.500,0.750,45,26403
17,3.500,0.750,21,6628
17,3.500,0.750,6,9096
17,3.500,0.750,58,17717
17,3.500,0.750,16,4410
17,3.500,0.750,55,17294
17,3.500,0.750,14,2267
17,3.500,0.750,31,7230
17,3.500,0.750,56,6653
17,3.500,0.750,9,6307
17,3.500,0.750,7,833
17,3.500,0.750,56,8776
17,3.500,0.750,26,470
17,3.500,0.750,8,712
17,3.500,0.750,14,8266
17,3.500,0.750,12,1684
17,3.500,0.750,28,3211
17,3.500,0.750,12,3078
17,3.500,0.750,12,6782
17,3.500,0.750,57,24829
17,3.500,0.750,110,18874
17,3.500,0.750,60,1849
17,3.500,0.750,9,902
17,3.500,0.750,43,7222
17,3.500,0.750,71,5758
17,3.500,0.750,82,4204
17,3.500,0.750,9,23542
17,3.500,0.750,22,3603
17,3.500,0.750,32,2081
17,3.500,0.750,34,8631
17,3.500,0.750,69,4699
17,3.500,0.750,93,10042
17,3.500,0.750,40,6033
17,3.500,0.750,12,1108
17,3.500,0.750,39,9978
17,3.500,0.750,89,49156
17,3.500,0.750,84,5578
17,3.500,0.750,79,7194
17,3.500,0.750,39,1282
17,3.500,0.750,9,2166
17,3.500,0.750,76,4482
17,3.500,0.750,86,3904
17,3.500,0.750,52,6432
17,3.500,0.750,132,13914
17,3.500,0.750,59,7476
17,3.500,0.750,34,10572
17,3.500,0.750,33,3600
17,3.500,0.750,24,3303
17,3.500,0.750,10,9776
17,3.500,0.750,2,148
17,3.500,0.750,28,945
17,3.500,0.750,11,1738
17,3.500,0.750,43,7651
17,3.500,0.750,44,8182
17,3.500,0.750,21,2620
17,3.500,0.750,7,12510
17,3.500,0.750,68,12584
17,3.500,0.750,34,6327
17,3.500,0.750,45,2232
17,3.500,0.750,1,10376
17,3.500,0.750,74,6172
17,3.500,0.750,28,10332
17,3.500,0.750,13,2887
17,3.500,0.750,10,11816
17,3.500,0.750,12,5036
17,3.500,0.750,71,4998
17,3.500,0.750,55,4626
17,3.500,0.750,62,7988
17,3.500,0.750,150,38909
17,3.500,0.750,7,843
17,3.500,0.750,10,3160
17,3.500,0.750,119,5917
17,3.500,0.750,29,5423
17,3.500,0.750,48,15852
17,3.500,0.750,49,5231
17,3.500,0.750,74,2207
17,3.500,0.750,28,7331
17,3.500,0.750,14,3171
17,3.500,0.750,41,15912
17,3.500,0.750,15,4032
17,3.500,0.750,9,3025
17,3.500,0.750,7,4312
17,3.500,0.750,38,11618
17,3.500,0.750,18,3692
17,3.500,0.750,15,5231
17,3.500,0.750,43,13643
17,3.500,0.750,29,2796
17,3.500,0.750,83,4936
17,3.500,0.750,43,2943
17,3.500,0.750,37,2868
17,3.500,0.750,47,10109
17,3.500,0.750,50,5941
17,3.500,0.750,67,3006
17,3.500,0.750,29,2508
17,3.500,0.750,26,5127
17,3.500,0.750,41,14705
17,3.500,0.750,18,2652
17,3.500,0.750,7,1223
17,3.500,0.750,66,16193
17,3.500,0.750,18,8246
17,3.500,0.750,41,4077
17,3.500,0.750,24,4028
17,3.500,0.750,45,16039
17,3.500,0.750,13,1966
17,3.500,0.750,14,7980
17,3.500,0.750,16,4522
17,3.500,0.750,5,876
17,3.500,0.750,7,1344
17,3.500,0.750,44,4396
17,3.500,0.750,18,8701
17,3.500,0.750,71,34026
17,3.500,0.750,42,5794
17,3.500,0.750,98,7055
17,3.500,0.750,6,13949
17,3.500,0.750,5,8348
17,3.500,0.750,8,5127
17,3.500,0.750,98,14434
17,3.500,0.750,8,534
17,3.500,0.750,47,2457
17,3.500,0.750,42,14391
17,3.500,0.750,41,32723
17,3.500,0.750,32,2253
17,3.500,0.750,19,13580
17,3.500,0.750,12,6945
17,3.500,0.750,29,2693
17,3.500,0.750,36,12425
17,3.500,0.750,51,1957
17,3.500,0.750,20,7435
17,3.500,0.750,44,9159
17,3.500,0.750,65,2323
17,3.500,0.750,24,488
17,3.500,0.750,170,16408
17,3.500,0.750,19,3463
17,3.500,0.750,89,2245
17,3.500,0.750,32,4048
17,3.500,0.750,39,1234
17,3.500,0.750,7,1011
17,3.500,0.750,35,5016
17,3.500,0.750,35,1697
17,3.500,0.750,5,3371
17,3.500,0.750,79,6039
17,3.500,0.750,13,1552
17,3.500,0.750,129,6218
17,3.500,0.750,115,10303
17,3.500,0.750,37,5271
17,3.500,0.750,5,1050
17,3.500,0.750,52,16571
17,3.500,0.750,20,545
17,3.500,0.750,51,14793
17,3.500,0.750,44,4140
17,3.500,0.750,96,7617
17,3.500,0.750,12,1278
17,3.500,0.750,14,4627
17,3.500,0.750,3,3584
17,3.500,0.750,3,316
17,3.500,0.750,24,14831
17,3.500,0.750,66,6946
17,3.500,0.750,28,26929
17,3.500,0.900,23,2990
17,3.500,0.900,47,2946
17,3.500,0.900,155,9786
17,3.500,0.900,16,3273
17,3.500,0.900,14,8107
17,3.500,0.900,30,4016
17,3.500,0.900,18,2102
17,3.500,0.900,20,3662
17,3.500,0.900,72,13320
17,3.500,0.900,38,4192
17,3.500,0.900,17,2112
17,3.500,0.900,71,4349
17,3.500,0.900,6,836
17,3.500,0.900,9,1776
17,3.500,0.900,10,3740
17,3.500,0.900,123,12838
17,3.500,0.900,11,3567
17,3.500,0.900,26,11616
17,3.500,0.900,14,2782
17,3.500,0.900,65,11762
17,3.500,0.900,18,2704
17,3.500,0.900,46,11101
17,3.500,0.900,30,2985
17,3.500,0.900,21,4456
17,3.500,0.900,2,47
17,3.500,0.900,21,3411
17,3.500,0.900,43,6505
17,3.500,0.900,98,2894
17,3.500,0.900,18,3805
17,3.500,0.900,2,854
17,3.500,0.900,108,19106
17,3.500,0.900,36,2739
17,3.500,0.900,50,4019
17,3.500,0.900,71,5511
17,3.500,0.900,56,3963
17,3.500,0.900,63,12036
17,3.500,0.900,11,1346
17,3.500,0.900,7,1136
17,3.500,0.900,19,12484
17,3.500,0.900,6,12837
17,3.500,0.900,40,4716
17,3.500,0.900,46,17315
17,3.500,0.900,35,5402
17,3.500,0.900,52,6377
17,3.500,0.900,23,34955
17,3.500,0.900,7,3314
17,3.500,0.900,33,7607
17,3.500,0.900,17,6582
17,3.500,0.900,8,764
17,3.500,0.900,74,12868
17,3.500,0.900,42,2612
17,3.500,0.900,2,2850
17,3.500,0.900,47,9863
17,3.500,0.900,51,8192
17,3.500,0.900,174,4279
17,3.500,0.900,45,8543
17,3.500,0.900,4,6968
17,3.500,0.900,39,8392
17,3.500,0.900,48,1677
17,3.500,0.900,90,9740
17,3.500,0.900,11,6540
17,3.500,0.900,11,16832
17,3.500,0.900,66,6977
17,3.500,0.900,7,3164
17,3.500,0.900,13,1893
17,3.500,0.900,25,8649
17,3.500,0.900,12,6054
17,3.500,0.900,96,24009
17,3.500,0.900,1,410
17,3.500,0.900,81,19214
17,3.500,0.900,9,4696
17,3.500,0.900,106,9411
17,3.500,0.900,22,6178
17,3.500,0.900,19,7891
17,3.500,0.900,34,6317
17,3.500,0.900,126,16364
17,3.500,0.900,30,1339
17,3.500,0.900,16,2248
17,3.500,0.900,27,6764
17,3.500,0.900,8,3374
17,3.500,0.900,16,468
17,3.500,0.900,15,8746
17,3.500,0.900,14,20512
17,3.500,0.900,46,16046
17,3.500,0.900,7,1075
17,3.500,0.900,38,5599
17,3.500,0.900,2,382
17,3.500,0.900,34,3206
17,3.500,0.900,61,15155
17,3.500,0.900,21,22980
17,3.500,0.900,4,1928
17,3.500,0.900,26,14522
17,3.500,0.900,13,1183
17,3.500,0.900,32,5344
17,3.500,0.900,29,1414
17,3.500,0.900,120,8554
17,3.500,0.900,38,8093
17,3.500,0.900,2,144
17,3.500,0.900,8,3175
17,3.500,0.900,18,3224
17,3.500,0.900,10,2400
17,3.500,0.900,28,2065
17,3.500,0.900,148,28560
17,3.500,0.900,144,14429
17,3.500,0.900,8,1608
17,3.500,0.900,7,14376
17,3.500,0.900,14,6637
17,3.500,0.900,46,24350
17,3.500,0.900,11,951
17,3.500,0.900,6,3652
17,3.500,0.900,22,4407
17,3.500,0.900,7,9371
17,3.500,0.900,11,3547
17,3.500,0.900,32,11333
17,3.500,0.900,14,4795
17,3.500,0.900,95,14906
17,3.500,0.900,135,8165
17,3.500,0.900,274,12565
17,3.500,0.900,39,40175
17,3.500,0.900,168,6387
17,3.500,0.900,62,13092
17,3.500,0.900,84,867
17,3.500,0.900,43,9263
17,3.500,0.900,26,8067
17,3.500,0.900,6,1648
17,3.500,0.900,12,4311
17,3.500,0.900,67,5618
17,3.500,0.900,35,43394
17,3.500,0.900,12,1496
17,3.500,0.900,47,4128
17,3.500,0.900,24,1200
17,3.500,0.900,10,12750
17,3.500,0.900,15,2339
17,3.500,0.900,25,4325
17,3.500,0.900,26,3443
17,3.500,0.900,11,3305
17,3.500,0.900,6,5522
17,3.500,0.900,10,922
17,3.500,0.900,6,3102
17,3.500,0.900,10,530
17,3.500,0.900,52,13455
17,3.500,0.900,40,9255
17,3.500,0.900,28,6968
17,3.500,0.900,144,10999
17,3.500,0.900,3,1690
17,3.500,0.900,62,11776
17,3.500,0.900,8,1432
17,3.500,0.900,9,4578
17,3.500,0.900,100,5156
17,3.500,0.900,3,2790
17,3.500,0.900,189,6805
17,3.500,0.900,91,10251
17,3.500,0.900,60,8418
17,3.500,0.900,8,1641
17,3.500,0.900,13,3660
17,3.500,0.900,106,2715
17,3.500,0.900,20,3258
17,3.500,0.900,32,1808
17,3.500,0.900,22,14588
17,3.500,0.900,37,4254
17,3.500,0.900,360,11848
17,3.500,0.900,47,6448
17,3.500,0.900,54,5138
17,3.500,0.900,52,3991
17,3.500,0.900,7,2948
17,3.500,0.900,61,5255
17,3.500,0.900,90,630
17,3.500,0.900,84,5993
17,3.500,0.900,17,2103
17,3.500,0.900,44,16875
17,3.500,0.900,35,2076
17,3.500,0.900,14,10568
17,3.500,0.900,121,19204
17,3.500,0.900,71,4909
17,3.500,0.900,4,1808
17,3.500,0.900,49,8145
17,3.500,0.900,9,1277
17,3.500,0.900,24,4865
17,3.500,0.900,39,4381
17,3.500,0.900,59,15826
17,3.500,0.900,26,2008
17,3.500,0.900,32,1394
17,3.500,0.900,66,14958
17,3.500,0.900,48,5575
17,3.500,0.900,17,5066
17,3.500,0.900,76,1284
17,3.500,0.900,21,6413
17,3.500,0.900,23,373
17,3.500,0.900,12,1148
17,3.500,0.900,40,2558
17,3.500,0.900,16,4805
17,3.500,0.900,7,827
17,3.500,0.900,93,22638
17,3.500,0.900,17,3850
17,3.500,0.900,17,954
17,3.500,0.900,14,495
17,3.500,0.900,86,17166
17,3.500,0.900,29,664
17,3.500,0.900,11,6921
17,3.500,0.900,9,692
17,3.500,0.900,27,3339
17,3.500,0.900,69,7229
17,3.500,0.900,12,4766
17,3.500,0.900,92,18769
17,3.500,0.900,20,3552
17,3.500,0.900,38,7502
17,3.500,0.900,147,7572
17,3.500,0.900,60,2856
17,3.500,0.900,27,7272
17,3.500,0.900,15,4745
17,3.500,0.900,32,4397
17,3.500,0.900,95,14705
17,3.500,0.900,23,2563
17,3.500,0.900,12,3652
17,3.500,0.900,12,10200
17,3.500,0.900,32,17519
17,3.500,0.900,10,2733
17,3.500,0.900,10,15200
17,3.500,0.900,2,862
17,3.500,0.900,6,4160
17,3.500,0.900,32,12457
17,3.500,0.900,175,11314
17,3.500,0.900,42,15541
17,3.500,0.900,2,4657
17,3.500,0.900,2,6196
17,3.500,0.900,12,2336
17,3.500,0.900,4,6680
17,3.500,0.900,19,14858
17,3.500,0.900,43,945
17,3.500,0.900,8,260
17,3.500,0.900,84,6197
17,3.500,0.900,20,10396
17,3.500,0.900,8,1257
17,3.500,0.900,11,1836
17,3.500,0.900,21,2160
17,3.500,0.900,68,3073
17,3.500,0.900,33,78344
17,3.500,0.900,55,15035
17,3.500,0.900,49,6312
17,3.500,0.900,2,1361
17,3.500,0.900,55,3970
17,3.500,0.900,18,6277
17,3.500,0.900,6,549
17,3.500,0.900,16,1407
17,3.500,0.900,14,8407
17,3.500,0.900,63,4231
17,3.500,0.900,36,30638
17,3.500,0.900,71,7554
17,3.500,0.900,17,2508
17,3.500,0.900,77,12427
17,3.500,0.900,36,2118
17,3.500,0.900,42,4991
17,3.500,0.900,76,13770
17,3.500,0.900,78,4870
17,3.500,0.900,7,5038
17,3.500,0.900,98,33205
17,3.500,0.900,28,3926
17,3.500,0.900,242,7714
17,3.500,0.900,16,4653
17,3.500,0.900,17,7708
17,3.500,0.900,47,5066
17,3.500,0.900,45,4133
17,3.500,0.900,6,2195
17,3.500,0.900,15,1342
17,3.500,0.900,3,1086
17,3.500,0.900,14,25089
17,3.500,0.900,28,9016
17,3.500,0.900,65,15588
17,3.500,0.900,17,2539
17,3.500,0.900,65,8062
17,3.500,0.900,5,2968
17,3.500,0.900,19,15111
17,3.500,0.900,30,1609
17,3.500,0.900,9,4923
17,3.500,0.900,100,8205
17,3.500,0.900,44,4685
17,3.500,0.900,108,6250
17,3.500,0.900,34,8191
17,3.500,0.900,135,7835
17,3.500,0.900,6,3464
17,3.500,0.900,45,12777
17,3.500,0.900,40,2457
17,3.500,0.900,54,9393
17,3.500,0.900,86,16993
17,3.500,0.900,22,1139
17,3.500,0.900,5,6626
17,3.500,0.900,38,8447
17,3.500,0.900,74,7805
17,3.500,0.900,101,4411
17,3.500,0.900,2,941
17,3.500,0.900,93,3908
17,3.500,0.900,9,2892
17,3.500,0.900,7,2847
17,3.500,0.900,58,9822
17,3.500,0.950,19,6727
17,3.500,0.950,56,35487
17,3.500,0.950,173,11955
17,3.500,0.950,48,9720
17,3.500,0.950,33,12618
17,3.500,0.950,38,5754
17,3.500,0.950,20,2402
17,3.500,0.950,105,3733
17,3.500,0.950,60,16987
17,3.500,0.950,29,4115
17,3.500,0.950,75,4983
17,3.500,0.950,76,25467
17,3.500,0.950,69,3003
17,3.500,0.950,19,5772
17,3.500,0.950,8,1310
17,3.500,0.950,36,5965
17,3.500,0.950,57,5077
17,3.500,0.950,52,24685
17,3.500,0.950,2,192
17,3.500,0.950,9,12208
17,3.500,0.950,47,9399
17,3.500,0.950,17,1738
17,3.500,0.950,179,3077
17,3.500,0.950,60,17627
17,3.500,0.950,16,943
17,3.500,0.950,48,8065
17,3.500,0.950,19,6646
17,3.500,0.950,4,5104
17,3.500,0.950,56,3280
17,3.500,0.950,122,15073
17,3.500,0.950,11,4342
17,3.500,0.950,98,7887
17,3.500,0.950,15,19101
17,3.500,0.950,22,1417
17,3.500,0.950,87,17501
17,3.500,0.950,9,3071
17,3.500,0.950,88,5592
17,3.500,0.950,4,3457
17,3.500,0.950,11,4012
17,3.500,0.950,61,2967
17,3.500,0.950,4,5042
17,3.500,0.950,92,2294
17,3.500,0.950,83,15067
17,3.500,0.950,40,6533
17,3.500,0.950,55,14732
17,3.500,0.950,49,4621
17,3.500,0.950,1,2396
17,3.500,0.950,18,11749
17,3.500,0.950,26,7529
17,3.500,0.950,28,8200
17,3.500,0.950,27,20995
17,3.500,0.950,54,11407
17,3.500,0.950,11,3008
17,3.500,0.950,38,5814
17,3.500,0.950,16,5131
17,3.500,0.950,10,3965
17,3.500,0.950,2,154
17,3.500,0.950,72,5158
17,3.500,0.950,42,8406
17,3.500,0.950,46,2261
17,3.500,0.950,40,4922
17,3.500,0.950,14,1648
17,3.500,0.950,13,3356
17,3.500,0.950,122,14737
17,3.500,0.950,42,5229
17,3.500,0.950,26,2047
17,3.500,0.950,32,5657
17,3.500,0.950,46,1241
17,3.500,0.950,29,13846
17,3.500,0.950,23,935
17,3.500,0.950,68,5038
17,3.500,0.950,1,1318
17,3.500,0.950,39,2750
17,3.500,0.950,19,2278
17,3.500,0.950,33,3827
17,3.500,0.950,28,52837
17,3.500,0.950,42,3346
17,3.500,0.950,54,14754
17,3.500,0.950,43,10781
17,3.500,0.950,34,4193
17,3.500,0.950,7,6838
17,3.500,0.950,3,24980
17,3.500,0.950,25,3517
17,3.500,0.950,103,7940
17,3.500,0.950,62,13378
17,3.500,0.950,42,7459
17,3.500,0.950,79,18988
17,3.500,0.950,46,20762
17,3.500,0.950,3,714
17,3.500,0.950,137,36066
17,3.500,0.950,2,97
17,3.500,0.950,26,6952
17,3.500,0.950,10,1009
17,3.500,0.950,29,2865
17,3.500,0.950,25,5064
17,3.500,0.950,6,5271
17,3.500,0.950,41,4816
17,3.500,0.950,84,9269
17,3.500,0.950,45,965
17,3.500,0.950,5,132
17,3.500,0.950,12,1446
17,3.500,0.950,11,1520
17,3.500,0.950,13,2932
17,3.500,0.950,10,1030
17,3.500,0.950,217,19558
17,3.500,0.950,70,14818
17,3.500,0.950,5,1161
17,3.500,0.950,50,4594
17,3.500,0.950,35,3729
17,3.500,0.950,14,4728
17,3.500,0.950,58,12773
17,3.500,0.950,11,1920
17,3.500,0.950,64,5679
17,3.500,0.950,10,2062
17,3.500,0.950,56,4069
17,3.500,0.950,3,1760
17,3.500,0.950,18,5881
17,3.500,0.950,80,5614
17,3.500,0.950,7,3605
17,3.500,0.950,13,11327
17,3.500,0.950,6,1190
17,3.500,0.950,32,1249
17,3.500,0.950,20,12697
17,3.500,0.950,23,5890
17,3.500,0.950,40,900
17,3.500,0.950,60,6223
17,3.500,0.950,18,2481
17,3.500,0.950,37,7196
17,3.500,0.950,13,12776
17,3.500,0.950,37,3248
17,3.500,0.950,7,2689
17,3.500,0.950,42,3406
17,3.500,0.950,17,13923
17,3.500,0.950,10,2889
17,3.500,0.950,21,2736
17,3.500,0.950,95,18833
17,3.500,0.950,5,2214
17,3.500,0.950,30,1670
17,3.500,0.950,36,15913
17,3.500,0.950,31,7464
17,3.500,0.950,25,4595
17,3.500,0.950,76,4689
17,3.500,0.950,73,5373
17,3.500,0.950,2,216
17,3.500,0.950,12,983
17,3.500,0.950,45,21246
17,3.500,0.950,11,6448
17,3.500,0.950,44,9756
17,3.500,0.950,87,9348
17,3.500,0.950,26,4947
17,3.500,0.950,5,1900
17,3.500,0.950,24,7780
17,3.500,0.950,6,736
17,3.500,0.950,2,225
17,3.500,0.950,30,2419
17,3.500,0.950,80,27835
17,3.500,0.950,74,5898
17,3.500,0.950,39,3631
17,3.500,0.950,47,8100
17,3.500,0.950,80,9927
17,3.500,0.950,22,4512
17,3.500,0.950,31,4007
17,3.500,0.950,17,1672
17,3.500,0.950,103,7890
17,3.500,0.950,2,916
17,3.500,0.950,11,5195
17,3.500,0.950,58,3984
17,3.500,0.950,3,1313
17,3.500,0.950,14,1608
17,3.500,0.950,23,8900
17,3.500,0.950,19,4443
17,3.500,0.950,31,1396
17,3.500,0.950,5,977
17,3.500,0.950,5,9760
17,3.500,0.950,99,8838
17,3.500,0.950,12,444
17,3.500,0.950,65,2514
17,3.500,0.950,13,2271
17,3.500,0.950,17,1905
17,3.500,0.950,51,6375
17,3.500,0.950,50,6405
17,3.500,0.950,20,1304
17,3.500,0.950,30,3677
17,3.500,0.950,5,989
17,3.500,0.950,146,6981
17,3.500,0.950,24,22943
17,3.500,0.950,45,5511
17,3.500,0.950,7,8457
17,3.500,0.950,32,3623
17,3.500,0.950,27,8313
17,3.500,0.950,27,5987
17,3.500,0.950,28,5338
17,3.500,0.950,12,2790
17,3.500,0.950,155,9248
17,3.500,0.950,23,6649
17,3.500,0.950,20,642
17,3.500,0.950,94,27077
17,3.500,0.950,20,2016
17,3.500,0.950,109,2574
17,3.500,0.950,43,3268
17,3.500,0.950,4,1896
17,3.500,0.950,34,527
17,3.500,0.950,196,17997
17,3.500,0.950,18,2555
17,3.500,0.950,10,6203
17,3.500,0.950,29,5825
17,3.500,0.950,90,7013
17,3.500,0.950,85,6345
17,3.500,0.950,86,8885
17,3.500,0.950,6,1889
17,3.500,0.950,46,8522
17,3.500,0.950,42,4825
17,3.500,0.950,55,4345
17,3.500,0.950,16,1428
17,3.500,0.950,26,7097
17,3.500,0.950,9,1503
17,3.500,0.950,30,8959
17,3.500,0.950,40,6142
17,3.500,0.950,6,1096
17,3.500,0.950,93,3112
17,3.500,0.950,21,26990
17,3.500,0.950,67,5074
17,3.500,0.950,23,5260
17,3.500,0.950,26,2757
17,3.500,0.950,18,4503
17,3.500,0.950,38,7201
17,3.500,0.950,16,966
17,3.500,0.950,14,7344
17,3.500,0.950,24,4424
17,3.500,0.950,8,4421
17,3.500,0.950,18,5368
17,3.500,0.950,87,7533
17,3.500,0.950,24,2522
17,3.500,0.950,13,8272
17,3.500,0.950,6,1195
17,3.500,0.950,45,6929
17,3.500,0.950,17,7623
17,3.500,0.950,13,5470
17,3.500,0.950,224,10293
17,3.500,0.950,47,28224
17,3.500,0.950,69,7647
17,3.500,0.950,13,1652
17,3.500,0.950,169,39522
17,3.500,0.950,47,5932
17,3.500,0.950,81,15293
17,3.500,0.950,93,3528
17,3.500,0.950,9,3587
17,3.500,0.950,16,10488
17,3.500,0.950,62,2396
17,3.500,0.950,21,14811
17,3.500,0.950,66,6251
17,3.500,0.950,42,8752
17,3.500,0.950,11,1078
17,3.500,0.950,64,4236
17,3.500,0.950,23,1440
17,3.500,0.950,81,3478
17,3.500,0.950,22,7632
17,3.500,0.950,51,7195
17,3.500,0.950,12,2407
17,3.500,0.950,2,86
17,3.500,0.950,6,804
17,3.500,0.950,120,5517
17,3.500,0.950,79,15768
17,3.500,0.950,14,2261
17,3.500,0.950,3,2270
17,3.500,0.950,35,8006
17,3.500,0.950,40,14102
17,3.500,0.950,176,17106
17,3.500,0.950,73,1699
17,3.500,0.950,42,10357
17,3.500,0.950,56,11841
17,3.500,0.950,67,1974
17,3.500,0.950,58,6252
17,3.500,0.950,10,2025
17,3.500,0.950,3,997
17,3.500,0.950,29,4735
17,3.500,0.950,47,16241
17,3.500,0.950,17,3787
17,3.500,0.950,84,7624
17,3.500,0.950,59,2915
17,3.500,0.950,23,3762
17,3.500,0.950,29,9575
17,3.500,0.950,14,2383
17,3.500,0.950,18,832
17,3.500,0.950,7,1298
17,3.500,0.950,7,1302
17,3.500,0.950,182,3839
17,3.500,0.950,3,546
17,3.500,0.950,49,14710
17,3.500,0.950,81,4714
17,3.500,1.000,10,41
17,3.500,1.000,41,133
17,3.500,1.000,23,62
17,3.500,1.000,53,74
17,3.500,1.000,30,97
17,3.500,1.000,52,73
17,3.500,1.000,44,108
17,3.500,1.000,24,37
17,3.500,1.000,36,20
17,3.500,1.000,18,43
17,3.500,1.000,28,37
17,3.500,1.000,48,68
17,3.500,1.000,43,80
17,3.500,1.000,7,15
17,3.500,1.000,25,31
17,3.500,1.000,1,8
17,3.500,1.000,22,61
17,3.500,1.000,43,62
17,3.500,1.000,21,84
17,3.500,1.000,28,12
17,3.500,1.000,33,59
17,3.500,1.000,39,46
17,3.500,1.000,109,220
17,3.500,1.000,4,13
17,3.500,1.000,22,33
17,3.500,1.000,35,86
17,3.500,1.000,17,69
17,3.500,1.000,2,10
17,3.500,1.000,175,131
17,3.500,1.000,83,178
17,3.500,1.000,66,130
17,3.500,1.000,59,169
17,3.500,1.000,24,40
17,3.500,1.000,19,56
17,3.500,1.000,16,48
17,3.500,1.000,28,42
17,3.500,1.000,10,29
17,3.500,1.000,19,56
17,3.500,1.000,33,83
17,3.500,1.000,60,47
17,3.500,1.000,29,68
17,3.500,1.000,29,40
17,3.500,1.000,2,9
17,3.500,1.000,9,23
17,3.500,1.000,36,63
17,3.500,1.000,6,17
17,3.500,1.000,63,144
17,3.500,1.000,13,33
17,3.500,1.000,45,74
17,3.500,1.000,15,30
17,3.500,1.000,87,134
17,3.500,1.000,29,39
17,3.500,1.000,102,197
17,3.500,1.000,11,33
17,3.500,1.000,53,93
17,3.500,1.000,52,90
17,3.500,1.000,4,10
17,3.500,1.000,77,152
17,3.500,1.000,62,85
17,3.500,1.000,88,124
17,3.500,1.000,86,115
17,3.500,1.000,13,15
17,3.500,1.000,14,40
17,3.500,1.000,210,157
17,3.500,1.000,18,37
17,3.500,1.000,12,31
17,3.500,1.000,28,21
17,3.500,1.000,3,7
17,3.500,1.000,19,42
17,3.500,1.000,23,67
17,3.500,1.000,4,6
17,3.500,1.000,171,186
17,3.500,1.000,107,120
17,3.500,1.000,29,68
17,3.500,1.000,127,96
17,3.500,1.000,38,87
17,3.500,1.000,46,149
17,3.500,1.000,29,63
17,3.500,1.000,71,63
17,3.500,1.000,20,29
17,3.500,1.000,5,23
17,3.500,1.000,60,107
17,3.500,1.000,39,71
17,3.500,1.000,60,93
17,3.500,1.000,54,133
17,3.500,1.000,16,45
17,3.500,1.000,45,104
17,3.500,1.000,56,125
17,3.500,1.000,49,91
17,3.500,1.000,1,9
17,3.500,1.000,68,63
17,3.500,1.000,6,13
17,3.500,1.000,15,64
17,3.500,1.000,16,45
17,3.500,1.000,7,18
17,3.500,1.000,28,85
17,3.500,1.000,87,66
17,3.500,1.000,2,8
17,3.500,1.000,5,20
17,3.500,1.000,45,134
17,3.500,1.000,22,67
17,3.500,1.000,100,96
17,3.500,1.000,72,120
17,3.500,1.000,52,52
17,3.500,1.000,62,163
17,3.500,1.000,41,97
17,3.500,1.000,73,133
17,3.500,1.000,75,110
17,3.500,1.000,10,18
17,3.500,1.000,23,37
17,3.500,1.000,33,62
17,3.500,1.000,6,22
17,3.500,1.000,44,78
17,3.500,1.000,3,13
17,3.500,1.000,13,45
17,3.500,1.000,35,34
17,3.500,1.000,26,28
17,3.500,1.000,4,16
17,3.500,1.000,6,22
17,3.500,1.000,24,106
17,3.500,1.000,84,80
17,3.500,1.000,97,210
17,3.500,1.000,34,60
17,3.500,1.000,21,68
17,3.500,1.000,4,9
17,3.500,1.000,239,249
17,3.500,1.000,59,103
17,3.500,1.000,54,114
17,3.500,1.000,104,212
17,3.500,1.000,21,44
17,3.500,1.000,30,84
17,3.500,1.000,6,16
17,3.500,1.000,1,13
17,3.500,1.000,64,43
17,3.500,1.000,84,54
17,3.500,1.000,62,84
17,3.500,1.000,13,34
17,3.500,1.000,33,85
17,3.500,1.000,13,41
17,3.500,1.000,13,38
17,3.500,1.000,81,95
17,3.500,1.000,71,70
17,3.500,1.000,43,149
17,3.500,1.000,191,162
17,3.500,1.000,20,52
17,3.500,1.000,62,48
17,3.500,1.000,66,87
17,3.500,1.000,22,41
17,3.500,1.000,76,141
17,3.500,1.000,26,50
17,3.500,1.000,57,116
17,3.500,1.000,56,117
17,3.500,1.000,60,75
17,3.500,1.000,2,12
17,3.500,1.000,1,10
17,3.500,1.000,43,106
17,3.500,1.000,70,125
17,3.500,1.000,32,79
17,3.500,1.000,70,114
17,3.500,1.000,88,167
17,3.500,1.000,17,39
17,3.500,1.000,38,57
17,3.500,1.000,12,35
17,3.500,1.000,13,39
17,3.500,1.000,10,40
17,3.500,1.000,27,32
17,3.500,1.000,23,29
17,3.500,1.000,1,10
17,3.500,1.000,1,10
17,3.500,1.000,94,113
17,3.500,1.000,6,15
17,3.500,1.000,87,145
17,3.500,1.000,28,18
17,3.500,1.000,56,85
17,3.500,1.000,64,116
17,3.500,1.000,4,16
17,3.500,1.000,108,96
17,3.500,1.000,49,118
17,3.500,1.000,100,130
17,3.500,1.000,53,47
17,3.500,1.000,59,75
17,3.500,1.000,44,86
17,3.500,1.000,18,66
17,3.500,1.000,1,9
17,3.500,1.000,12,33
17,3.500,1.000,250,263
17,3.500,1.000,54,70
17,3.500,1.000,135,266
17,3.500,1.000,11,35
17,3.500,1.000,54,107
17,3.500,1.000,7,20
17,3.500,1.000,40,33
17,3.500,1.000,74,148
17,3.500,1.000,31,58
17,3.500,1.000,27,49
17,3.500,1.000,375,500
17,3.500,1.000,84,128
17,3.500,1.000,48,75
17,3.500,1.000,5,20
17,3.500,1.000,35,54
17,3.500,1.000,53,121
17,3.500,1.000,118,75
17,3.500,1.000,74,134
17,3.500,1.000,45,90
17,3.500,1.000,2,9
17,3.500,1.000,125,171
17,3.500,1.000,5,11
17,3.500,1.000,26,73
17,3.500,1.000,5,16
17,3.500,1.000,47,134
17,3.500,1.000,3,8
17,3.500,1.000,26,34
17,3.500,1.000,15,42
17,3.500,1.000,24,49
17,3.500,1.000,41,84
17,3.500,1.000,19,38
17,3.500,1.000,26,53
17,3.500,1.000,65,128
17,3.500,1.000,101,144
17,3.500,1.000,26,59
17,3.500,1.000,82,117
17,3.500,1.000,2,5
17,3.500,1.000,220,303
17,3.500,1.000,8,16
17,3.500,1.000,46,76
17,3.500,1.000,16,56
17,3.500,1.000,141,210
17,3.500,1.000,34,60
17,3.500,1.000,12,24
17,3.500,1.000,68,137
17,3.500,1.000,45,55
17,3.500,1.000,3,21
17,3.500,1.000,24,39
17,3.500,1.000,57,86
17,3.500,1.000,45,108
17,3.500,1.000,3,10
17,3.500,1.000,16,43
17,3.500,1.000,162,255
17,3.500,1.000,40,84
17,3.500,1.000,54,146
17,3.500,1.000,44,103
17,3.500,1.000,23,54
17,3.500,1.000,21,68
17,3.500,1.000,10,35
17,3.500,1.000,2,4
17,3.500,1.000,81,159
17,3.500,1.000,19,40
17,3.500,1.000,40,70
17,3.500,1.000,8,28
17,3.500,1.000,27,43
17,3.500,1.000,11,28
17,3.500,1.000,98,78
17,3.500,1.000,57,106
17,3.500,1.000,8,10
17,3.500,1.000,30,82
17,3.500,1.000,38,91
17,3.500,1.000,106,85
17,3.500,1.000,46,95
17,3.500,1.000,24,51
17,3.500,1.000,113,153
17,3.500,1.000,75,93
17,3.500,1.000,131,230
17,3.500,1.000,28,66
17,3.500,1.000,28,50
17,3.500,1.000,6,16
17,3.500,1.000,5,22
17,3.500,1.000,48,75
17,3.500,1.000,36,72
17,3.500,1.000,41,76
17,3.500,1.000,267,348
17,3.500,1.000,132,163
17,3.500,1.000,51,86
17,3.500,1.000,25,45
17,3.500,1.000,12,34
17,3.500,1.000,61,88
17,3.500,1.000,33,51
17,3.500,1.000,79,144
17,3.500,1.000,87,150
17,3.500,1.000,76,37
17,3.500,1.000,26,85
17,3.500,1.000,42,77
17,3.500,1.000,12,20
17,3.500,1.000,64,109
17,3.500,1.000,53,151
17,3.500,1.000,39,64
17,3.500,1.000,9,14
17,3.500,1.000,77,106
17,3.500,1.000,64,74
17,3.500,1.000,24,30
17,3.500,1.000,2,8
17,3.500,1.000,71,85
17,3.500,1.000,84,138
17,3.500,1.000,40,25
17,3.500,1.000,62,145
17,3.500,1.000,74,79
18,3.500,0.200,4,125
18,3.500,0.200,61,10772
18,3.500,0.200,54,11696
18,3.500,0.200,62,8341
18,3.500,0.200,11,18877
18,3.500,0.200,44,12794
18,3.500,0.200,32,5867
18,3.500,0.200,121,13599
18,3.500,0.200,10,1285
18,3.500,0.200,48,16051
18,3.500,0.200,39,23325
18,3.500,0.200,312,11590
18,3.500,0.200,156,14312
18,3.500,0.200,177,9765
18,3.500,0.200,21,6315
18,3.500,0.200,53,4670
18,3.500,0.200,3,1035
18,3.500,0.200,13,15761
18,3.500,0.200,22,6269
18,3.500,0.200,22,6379
18,3.500,0.200,121,28839
18,3.500,0.200,21,2612
18,3.500,0.200,77,7830
18,3.500,0.200,101,6809
18,3.500,0.200,59,18473
18,3.500,0.200,47,17199
18,3.500,0.200,40,3363
18,3.500,0.200,45,10318
18,3.500,0.200,4,113
18,3.500,0.200,54,9530
18,3.500,0.200,100,54733
18,3.500,0.200,176,5298
18,3.500,0.200,10,3852
18,3.500,0.200,30,14918
18,3.500,0.200,103,14277
18,3.500,0.200,102,13571
18,3.500,0.200,26,3335
18,3.500,0.200,122,5097
18,3.500,0.200,98,4745
18,3.500,0.200,67,26235
18,3.500,0.200,7,5730
18,3.500,0.200,5,18968
18,3.500,0.200,72,15080
18,3.500,0.200,99,8458
18,3.500,0.200,55,7601
18,3.500,0.200,45,2115
18,3.500,0.200,16,70575
18,3.500,0.200,3,571
18,3.500,0.200,23,3030
18,3.500,0.200,36,759
18,3.500,0.200,86,6014
18,3.500,0.200,18,9016
18,3.500,0.200,13,3966
18,3.500,0.200,47,21944
18,3.500,0.200,101,10275
18,3.500,0.200,11,7596
18,3.500,0.200,93,9748
18,3.500,0.200,103,13929
18,3.500,0.200,20,3881
18,3.500,0.200,86,11656
18,3.500,0.200,23,4836
18,3.500,0.200,77,4145
18,3.500,0.200,69,4187
18,3.500,0.200,63,12992
18,3.500,0.200,44,15089
18,3.500,0.200,38,1563
18,3.500,0.200,40,2639
18,3.500,0.200,98,10015
18,3.500,0.200,59,8955
18,3.500,0.200,51,7461
18,3.500,0.200,19,11145
18,3.500,0.200,19,28939
18,3.500,0.200,125,12090
18,3.500,0.200,6,5099
18,3.500,0.200,116,4891
18,3.500,0.200,75,30449
18,3.500,0.200,28,11147
18,3.500,0.200,51,10837
18,3.500,0.200,35,11445
18,3.500,0.200,39,5999
18,3.500,0.200,5,969
18,3.500,0.200,7,10866
18,3.500,0.200,14,11484
18,3.500,0.200,36,4052
18,3.500,0.200,13,4055
18,3.500,0.200,39,2275
18,3.500,0.200,4,300
18,3.500,0.200,41,6620
18,3.500,0.200,87,8291
18,3.500,0.200,64,17794
18,3.500,0.200,8,1629
18,3.500,0.200,61,1922
18,3.500,0.200,85,9025
18,3.500,0.200,23,12213
18,3.500,0.200,36,12760
18,3.500,0.200,18,1853
18,3.500,0.200,58,22103
18,3.500,0.200,70,6558
18,3.500,0.200,69,65419
18,3.500,0.200,7,2527
18,3.500,0.200,14,215
18,3.500,0.200,71,5834
18,3.500,0.200,31,15496
18,3.500,0.200,114,74800
18,3.500,0.200,233,35618
18,3.500,0.200,127,10051
18,3.500,0.200,116,3169
18,3.500,0.200,18,697
18,3.500,0.200,29,2011
18,3.500,0.200,110,5460
18,3.500,0.200,13,1786
18,3.500,0.200,14,12076
18,3.500,0.200,16,4946
18,3.500,0.200,2,536
18,3.500,0.200,81,23147
18,3.500,0.200,110,6329
18,3.500,0.200,66,4222
18,3.500,0.200,2,3357
18,3.500,0.200,137,43203
18,3.500,0.200,40,13982
18,3.500,0.200,32,8857
18,3.500,0.200,66,4317
18,3.500,0.200,20,2122
18,3.500,0.200,86,25550
18,3.500,0.200,8,662
18,3.500,0.200,1,17227
18,3.500,0.200,12,9485
18,3.500,0.200,106,10811
18,3.500,0.200,135,24491
18,3.500,0.200,91,1378
18,3.500,0.200,63,5416
18,3.500,0.200,67,5975
18,3.500,0.200,49,18112
18,3.500,0.200,1,9766
18,3.500,0.200,25,6310
18,3.500,0.200,114,6437
18,3.500,0.200,23,6985
18,3.500,0.200,15,3201
18,3.500,0.200,31,11357
18,3.500,0.200,262,27330
18,3.500,0.200,25,6045
18,3.500,0.200,10,18227
18,3.500,0.200,13,2934
18,3.500,0.200,34,3715
18,3.500,0.200,6,3025
18,3.500,0.200,39,9285
18,3.500,0.200,48,16082
18,3.500,0.200,115,3152
18,3.500,0.200,28,24115
18,3.500,0.200,20,3785
18,3.500,0.200,63,22653
18,3.500,0.200,127,21784
18,3.500,0.200,102,11923
18,3.500,0.200,33,23272
18,3.500,0.200,9,1407
18,3.500,0.200,71,4533
18,3.500,0.200,21,14982
18,3.500,0.200,39,9942
18,3.500,0.200,46,13434
18,3.500,0.200,71,21322
18,3.500,0.200,62,5120
18,3.500,0.200,20,5354
18,3.500,0.200,82,1909
18,3.500,0.200,190,28657
18,3.500,0.200,55,11784
18,3.500,0.200,13,2890
18,3.500,0.200,41,28398
18,3.500,0.200,13,2633
18,3.500,0.200,127,12028
18,3.500,0.200,76,6774
18,3.500,0.200,39,1828
18,3.500,0.200,96,8659
18,3.500,0.200,84,24061
18,3.500,0.200,30,17313
18,3.500,0.200,37,3780
18,3.500,0.200,48,21861
18,3.500,0.200,8,8224
18,3.500,0.200,6,13083
18,3.500,0.200,7,2055
18,3.500,0.200,25,6048
18,3.500,0.200,281,27503
18,3.500,0.200,23,8613
18,3.500,0.200,35,3073
18,3.500,0.200,29,7919
18,3.500,0.200,6,628
18,3.500,0.200,17,2891
18,3.500,0.200,48,22236
18,3.500,0.200,83,1455
18,3.500,0.200,33,25245
18,3.500,0.200,26,6106
18,3.500,0.200,203,6018
18,3.500,0.200,180,10316
18,3.500,0.200,49,4380
18,3.500,0.200,33,2008
18,3.500,0.200,66,6760
18,3.500,0.200,71,8174
18,3.500,0.200,105,2996
18,3.500,0.200,18,1665
18,3.500,0.200,5,5168
18,3.500,0.200,11,22634
18,3.500,0.200,15,2892
18,3.500,0.200,47,12199
18,3.500,0.200,37,14551
18,3.500,0.200,33,19621
18,3.500,0.200,49,13588
18,3.500,0.200,24,1260
18,3.500,0.200,13,10018
18,3.500,0.200,19,2470
18,3.500,0.200,88,20810
18,3.500,0.200,9,18492
18,3.500,0.200,157,13209
18,3.500,0.200,26,65358
18,3.500,0.200,30,1307
18,3.500,0.200,39,3768
18,3.500,0.200,14,3364
18,3.500,0.200,29,6010
18,3.500,0.200,33,19158
18,3.500,0.200,27,6437
18,3.500,0.200,101,42149
18,3.500,0.200,16,5797
18,3.500,0.200,39,21920
18,3.500,0.200,64,22477
18,3.500,0.200,60,5858
18,3.500,0.200,62,5684
18,3.500,0.200,243,14079
18,3.500,0.200,34,21333
18,3.500,0.200,13,2309
18,3.500,0.200,165,27514
18,3.500,0.200,25,15491
18,3.500,0.200,20,5853
18,3.500,0.200,211,10735
18,3.500,0.200,26,6682
18,3.500,0.200,183,48958
18,3.500,0.200,67,25108
18,3.500,0.200,75,17926
18,3.500,0.200,5,1625
18,3.500,0.200,7,10632
18,3.500,0.200,336,25178
18,3.500,0.200,38,3175
18,3.500,0.200,205,7418
18,3.500,0.200,101,12678
18,3.500,0.200,75,7666
18,3.500,0.200,13,7108
18,3.500,0.200,39,5345
18,3.500,0.200,30,7476
18,3.500,0.200,4,2677
18,3.500,0.200,7,5469
18,3.500,0.200,130,27628
18,3.500,0.200,32,3450
18,3.500,0.200,161,44474
18,3.500,0.200,64,2601
18,3.500,0.200,55,25289
18,3.500,0.200,100,11194
18,3.500,0.200,80,35235
18,3.500,0.200,47,5622
18,3.500,0.200,9,20608
18,3.500,0.200,28,12745
18,3.500,0.200,20,3203
18,3.500,0.200,31,10294
18,3.500,0.200,14,3271
18,3.500,0.200,34,1561
18,3.500,0.200,75,41442
18,3.500,0.200,133,17507
18,3.500,0.200,30,12669
18,3.500,0.200,62,26319
18,3.500,0.200,52,10393
18,3.500,0.200,18,4000
18,3.500,0.200,22,693
18,3.500,0.200,76,3785
18,3.500,0.200,43,8511
18,3.500,0.200,95,27897
18,3.500,0.200,45,3688
18,3.500,0.200,60,9173
18,3.500,0.200,9,13713
18,3.500,0.200,79,25313
18,3.500,0.200,36,7980
18,3.500,0.200,2,7586
18,3.500,0.200,25,5256
18,3.500,0.200,64,20253
18,3.500,0.200,23,4798
18,3.500,0.200,38,12719
18,3.500,0.200,22,2725
18,3.500,0.200,64,8512
18,3.500,0.200,80,5634
18,3.500,0.200,67,9670
18,3.500,0.200,54,20037
18,3.500,0.200,35,11627
18,3.500,0.200,18,6443
18,3.500,0.200,50,3476
18,3.500,0.200,12,2428
18,3.500,0.200,39,15035
18,3.500,0.500,18,9478
18,3.500,0.500,39,2956
18,3.500,0.500,62,4187
18,3.500,0.500,77,11159
18,3.500,0.500,69,9322
18,3.500,0.500,4,2891
18,3.500,0.500,4,7060
18,3.500,0.500,29,1538
18,3.500,0.500,5,5203
18,3.500,0.500,29,15007
18,3.500,0.500,10,3051
18,3.500,0.500,11,919
18,3.500,0.500,163,4724
18,3.500,0.500,78,50520
18,3.500,0.500,39,912
18,3.500,0.500,74,38026
18,3.500,0.500,90,4817
18,3.500,0.500,41,5901
18,3.500,0.500,32,3004
18,3.500,0.500,57,17128
18,3.500,0.500,37,8820
18,3.500,0.500,15,1152
18,3.500,0.500,31,6544
18,3.500,0.500,21,7518
18,3.500,0.500,6,414
18,3.500,0.500,40,10387
18,3.500,0.500,39,3193
18,3.500,0.500,64,13556
18,3.500,0.500,191,82338
18,3.500,0.500,93,8539
18,3.500,0.500,42,6311
18,3.500,0.500,128,2223
18,3.500,0.500,34,18718
18,3.500,0.500,36,22714
18,3.500,0.500,12,960
18,3.500,0.500,54,11065
18,3.500,0.500,161,20497
18,3.500,0.500,165,17733
18,3.500,0.500,103,13564
18,3.500,0.500,52,13065
18,3.500,0.500,104,41378
18,3.500,0.500,53,1862
18,3.500,0.500,146,27222
18,3.500,0.500,14,985
18,3.500,0.500,42,7341
18,3.500,0.500,3,7175
18,3.500,0.500,18,2587
18,3.500,0.500,2,1605
18,3.500,0.500,60,9150
18,3.500,0.500,52,35424
18,3.500,0.500,6,69286
18,3.500,0.500,4,4261
18,3.500,0.500,69,28211
18,3.500,0.500,38,3988
18,3.500,0.500,64,11356
18,3.500,0.500,86,27521
18,3.500,0.500,14,5022
18,3.500,0.500,17,6986
18,3.500,0.500,20,5086
18,3.500,0.500,29,2098
18,3.500,0.500,74,13078
18,3.500,0.500,124,26850
18,3.500,0.500,3,1396
18,3.500,0.500,44,12552
18,3.500,0.500,24,11949
18,3.500,0.500,52,8931
18,3.500,0.500,41,2321
18,3.500,0.500,16,15246
18,3.500,0.500,23,5261
18,3.500,0.500,100,40919
18,3.500,0.500,10,2695
18,3.500,0.500,219,4595
18,3.500,0.500,79,7065
18,3.500,0.500,105,27500
18,3.500,0.500,44,6754
18,3.500,0.500,37,10405
18,3.500,0.500,31,27944
18,3.500,0.500,40,23080
18,3.500,0.500,51,30125
18,3.500,0.500,37,1466
18,3.500,0.500,38,11228
18,3.500,0.500,87,10377
18,3.500,0.500,78,27197
18,3.500,0.500,38,12389
18,3.500,0.500,11,8692
18,3.500,0.500,53,17085
18,3.500,0.500,8,2061
18,3.500,0.500,32,11209
18,3.500,0.500,88,11337
18,3.500,0.500,58,80877
18,3.500,0.500,27,1947
18,3.500,0.500,21,2329
18,3.500,0.500,113,20948
18,3.500,0.500,18,21445
18,3.500,0.500,108,6385
18,3.500,0.500,25,10909
18,3.500,0.500,49,7747
18,3.500,0.500,47,42125
18,3.500,0.500,7,4576
18,3.500,0.500,251,13432
18,3.500,0.500,11,2687
18,3.500,0.500,70,18519
18,3.500,0.500,150,12932
18,3.500,0.500,58,11723
18,3.500,0.500,46,6510
18,3.500,0.500,72,5059
18,3.500,0.500,156,19537
18,3.500,0.500,58,14253
18,3.500,0.500,132,24303
18,3.500,0.500,139,13793
18,3.500,0.500,90,21922
18,3.500,0.500,104,15227
18,3.500,0.500,19,4827
18,3.500,0.500,71,5668
18,3.500,0.500,20,6079
18,3.500,0.500,131,10030
18,3.500,0.500,51,12771
18,3.500,0.500,2,859
18,3.500,0.500,100,14146
18,3.500,0.500,16,1946
18,3.500,0.500,53,10135
18,3.500,0.500,57,10169
18,3.500,0.500,14,3611
18,3.500,0.500,15,2525
18,3.500,0.500,24,3800
18,3.500,0.500,20,3256
18,3.500,0.500,34,9587
18,3.500,0.500,18,6021
18,3.500,0.500,25,8109
18,3.500,0.500,24,7212
18,3.500,0.500,235,8879
18,3.500,0.500,121,14612
18,3.500,0.500,159,47334
18,3.500,0.500,15,3612
18,3.500,0.500,102,14463
18,3.500,0.500,21,6253
18,3.500,0.500,7,6292
18,3.500,0.500,12,7402
18,3.500,0.500,27,14761
18,3.500,0.500,83,34761
18,3.500,0.500,51,8847
18,3.500,0.500,60,9347
18,3.500,0.500,107,18717
18,3.500,0.500,51,15358
18,3.500,0.500,14,5973
18,3.500,0.500,48,7399
18,3.500,0.500,118,4815
18,3.500,0.500,31,7434
18,3.500,0.500,68,28065
18,3.500,0.500,10,9704
18,3.500,0.500,28,4256
18,3.500,0.500,57,5690
18,3.500,0.500,94,15291
18,3.500,0.500,68,17314
18,3.500,0.500,1,2153
18,3.500,0.500,52,16629
18,3.500,0.500,121,20318
18,3.500,0.500,23,7617
18,3.500,0.500,147,11707
18,3.500,0.500,1,716
18,3.500,0.500,15,3145
18,3.500,0.500,69,12338
18,3.500,0.500,14,2553
18,3.500,0.500,44,8913
18,3.500,0.500,16,8767
18,3.500,0.500,18,5007
18,3.500,0.500,68,28512
18,3.500,0.500,14,8670
18,3.500,0.500,245,22771
18,3.500,0.500,84,11516
18,3.500,0.500,144,55544
18,3.500,0.500,50,9874
18,3.500,0.500,7,2219
18,3.500,0.500,87,20835
18,3.500,0.500,53,16253
18,3.500,0.500,101,18915
18,3.500,0.500,90,9825
18,3.500,0.500,19,5569
18,3.500,0.500,100,9301
18,3.500,0.500,71,24362
18,3.500,0.500,47,12347
18,3.500,0.500,48,6210
18,3.500,0.500,37,15109
18,3.500,0.500,57,3700
18,3.500,0.500,7,2203
18,3.500,0.500,171,39176
18,3.500,0.500,33,10121
18,3.500,0.500,167,12854
18,3.500,0.500,79,11753
18,3.500,0.500,97,43723
18,3.500,0.500,19,2803
18,3.500,0.500,37,13231
18,3.500,0.500,158,44632
18,3.500,0.500,36,1138
18,3.500,0.500,215,52745
18,3.500,0.500,66,49222
18,3.500,0.500,46,26510
18,3.500,0.500,82,12051
18,3.500,0.500,35,1768
18,3.500,0.500,7,2051
18,3.500,0.500,61,7221
18,3.500,0.500,142,44966
18,3.500,0.500,114,10056
18,3.500,0.500,39,11582
18,3.500,0.500,14,4841
18,3.500,0.500,25,3811
18,3.500,0.500,18,4114
18,3.500,0.500,5,9394
18,3.500,0.500,229,14804
18,3.500,0.500,2,303
18,3.500,0.500,15,2744
18,3.500,0.500,29,8383
18,3.500,0.500,12,5561
18,3.500,0.500,38,11782
18,3.500,0.500,2,2141
18,3.500,0.500,7,3206
18,3.500,0.500,72,22753
18,3.500,0.500,4,927
18,3.500,0.500,88,40106
18,3.500,0.500,56,4272
18,3.500,0.500,63,5372
18,3.500,0.500,30,11541
18,3.500,0.500,40,3370
18,3.500,0.500,85,21775
18,3.500,0.500,113,21020
18,3.500,0.500,2,204
18,3.500,0.500,29,5945
18,3.500,0.500,221,23692
18,3.500,0.500,82,13475
18,3.500,0.500,117,19299
18,3.500,0.500,95,27375
18,3.500,0.500,48,29822
18,3.500,0.500,37,28024
18,3.500,0.500,204,20378
18,3.500,0.500,8,3970
18,3.500,0.500,89,17019
18,3.500,0.500,30,2415
18,3.500,0.500,31,8761
18,3.500,0.500,34,4239
18,3.500,0.500,16,1813
18,3.500,0.500,21,3155
18,3.500,0.500,47,4820
18,3.500,0.500,33,7174
18,3.500,0.500,9,7241
18,3.500,0.500,84,6965
18,3.500,0.500,44,11166
18,3.500,0.500,84,15632
18,3.500,0.500,7,11144
18,3.500,0.500,14,4612
18,3.500,0.500,21,13573
18,3.500,0.500,37,8304
18,3.500,0.500,30,3516
18,3.500,0.500,23,25418
18,3.500,0.500,137,35483
18,3.500,0.500,109,25532
18,3.500,0.500,64,5826
18,3.500,0.500,38,16883
18,3.500,0.500,58,5124
18,3.500,0.500,13,14836
18,3.500,0.500,3,36892
18,3.500,0.500,41,2293
18,3.500,0.500,66,65659
18,3.500,0.500,66,14326
18,3.500,0.500,45,7304
18,3.500,0.500,163,17214
18,3.500,0.500,24,4047
18,3.500,0.500,27,7414
18,3.500,0.500,37,2863
18,3.500,0.500,11,3965
18,3.500,0.500,39,2501
18,3.500,0.500,4,7479
18,3.500,0.500,44,6317
18,3.500,0.500,98,19700
18,3.500,0.500,53,3411
18,3.500,0.500,52,6848
18,3.500,0.500,40,14310
18,3.500,0.500,133,10913
18,3.500,0.500,5,1547
18,3.500,0.500,36,13473
18,3.500,0.500,32,6610
18,3.500,0.500,20,3716
18,3.500,0.500,92,5820
18,3.500,0.500,89,20383
18,3.500,0.500,81,7939
18,3.500,0.500,170,16590
18,3.500,0.500,92,10858
18,3.500,0.500,70,13649
18,3.500,0.500,8,2854
18,3.500,0.500,226,20536
18,3.500,0.500,38,14968
18,3.500,0.750,29,9302
18,3.500,0.750,105,5794
18,3.500,0.750,41,1075
18,3.500,0.750,24,12070
18,3.500,0.750,2,978
18,3.500,0.750,149,13021
18,3.500,0.750,67,40322
18,3.500,0.750,4,16469
18,3.500,0.750,21,3704
18,3.500,0.750,27,5165
18,3.500,0.750,6,460
18,3.500,0.750,94,7220
18,3.500,0.750,20,450
18,3.500,0.750,143,24108
18,3.500,0.750,49,11206
18,3.500,0.750,66,27465
18,3.500,0.750,11,17291
18,3.500,0.750,36,1601
18,3.500,0.750,7,6673
18,3.500,0.750,62,37210
18,3.500,0.750,20,11029
18,3.500,0.750,82,13665
18,3.500,0.750,12,534
18,3.500,0.750,419,16438
18,3.500,0.750,19,13212
18,3.500,0.750,20,6806
18,3.500,0.750,11,7902
18,3.500,0.750,27,3976
18,3.500,0.750,7,810
18,3.500,0.750,8,946
18,3.500,0.750,90,18815
18,3.500,0.750,23,12401
18,3.500,0.750,15,4945
18,3.500,0.750,48,67930
18,3.500,0.750,25,12126
18,3.500,0.750,9,7001
18,3.500,0.750,28,4331
18,3.500,0.750,95,9751
18,3.500,0.750,17,4435
18,3.500,0.750,118,19657
18,3.500,0.750,64,6414
18,3.500,0.750,24,3584
18,3.500,0.750,39,4006
18,3.500,0.750,20,24827
18,3.500,0.750,58,5225
18,3.500,0.750,22,5327
18,3.500,0.750,204,20422
18,3.500,0.750,178,9123
18,3.500,0.750,61,25892
18,3.500,0.750,47,17899
18,3.500,0.750,45,765
18,3.500,0.750,92,26874
18,3.500,0.750,39,5879
18,3.500,0.750,65,14366
18,3.500,0.750,6,1905
18,3.500,0.750,41,15374
18,3.500,0.750,56,35009
18,3.500,0.750,8,359
18,3.500,0.750,63,29937
18,3.500,0.750,53,3878
18,3.500,0.750,24,4307
18,3.500,0.750,37,3706
18,3.500,0.750,29,7295
18,3.500,0.750,6,183
18,3.500,0.750,49,5369
18,3.500,0.750,89,30799
18,3.500,0.750,20,3204
18,3.500,0.750,76,11859
18,3.500,0.750,10,2124
18,3.500,0.750,3,1896
18,3.500,0.750,137,8155
18,3.500,0.750,60,39171
18,3.500,0.750,50,2351
18,3.500,0.750,7,4346
18,3.500,0.750,10,1276
18,3.500,0.750,32,3264
18,3.500,0.750,49,9879
18,3.500,0.750,36,14098
18,3.500,0.750,39,7840
18,3.500,0.750,12,5631
18,3.500,0.750,17,5843
18,3.500,0.750,75,12559
18,3.500,0.750,22,4276
18,3.500,0.750,6,9721
18,3.500,0.750,11,627
18,3.500,0.750,26,3321
18,3.500,0.750,81,13512
18,3.500,0.750,1,1021
18,3.500,0.750,13,2115
18,3.500,0.750,20,4558
18,3.500,0.750,16,6853
18,3.500,0.750,65,3893
18,3.500,0.750,109,45637
18,3.500,0.750,9,2041
18,3.500,0.750,106,19738
18,3.500,0.750,86,2709
18,3.500,0.750,8,7217
18,3.500,0.750,7,34850
18,3.500,0.750,22,3670
18,3.500,0.750,7,3647
18,3.500,0.750,81,5511
18,3.500,0.750,27,4654
18,3.500,0.750,30,608
18,3.500,0.750,65,18086
18,3.500,0.750,58,10608
18,3.500,0.750,41,11703
18,3.500,0.750,156,24994
18,3.500,0.750,10,1744
18,3.500,0.750,64,3259
18,3.500,0.750,4,1461
18,3.500,0.750,21,6488
18,3.500,0.750,30,6712
18,3.500,0.750,153,57928
18,3.500,0.750,78,1706
18,3.500,0.750,4,544
18,3.500,0.750,7,1061
18,3.500,0.750,3,501
18,3.500,0.750,22,6195
18,3.500,0.750,49,12333
18,3.500,0.750,125,11562
18,3.500,0.750,6,2132
18,3.500,0.750,90,13266
18,3.500,0.750,19,23247
18,3.500,0.750,44,14944
18,3.500,0.750,85,15010
18,3.500,0.750,140,29841
18,3.500,0.750,176,12319
18,3.500,0.750,20,13151
18,3.500,0.750,13,2528
18,3.500,0.750,2,5259
18,3.500,0.750,1,3155
18,3.500,0.750,38,6978
18,3.500,0.750,104,8189
18,3.500,0.750,14,12902
18,3.500,0.750,40,3702
18,3.500,0.750,60,19585
18,3.500,0.750,27,13167
18,3.500,0.750,27,28322
18,3.500,0.750,36,3910
18,3.500,0.750,54,18039
18,3.500,0.750,10,15921
18,3.500,0.750,46,10548
18,3.500,0.750,45,7490
18,3.500,0.750,3,11272
18,3.500,0.750,14,7301
18,3.500,0.750,14,19579
18,3.500,0.750,53,5097
18,3.500,0.750,18,17662
18,3.500,0.750,141,8566
18,3.500,0.750,47,22649
18,3.500,0.750,282,37751
18,3.500,0.750,88,41462
18,3.500,0.750,40,40376
18,3.500,0.750,37,2169
18,3.500,0.750,101,10293
18,3.500,0.750,82,1826
18,3.500,0.750,40,8003
18,3.500,0.750,173,34686
18,3.500,0.750,31,7348
18,3.500,0.750,2,1973
18,3.500,0.750,58,12368
18,3.500,0.750,47,14885
18,3.500,0.750,23,6145
18,3.500,0.750,27,14554
18,3.500,0.750,38,3184
18,3.500,0.750,214,12134
18,3.500,0.750,40,15156
18,3.500,0.750,10,709
18,3.500,0.750,4,5221
18,3.500,0.750,65,9922
18,3.500,0.750,19,6072
18,3.500,0.750,46,35706
18,3.500,0.750,46,11591
18,3.500,0.750,31,4168
18,3.500,0.750,48,4797
18,3.500,0.750,56,6640
18,3.500,0.750,83,4112
18,3.500,0.750,12,1013
18,3.500,0.750,3,8533
18,3.500,0.750,4,151
18,3.500,0.750,41,9363
18,3.500,0.750,14,1965
18,3.500,0.750,42,3118
18,3.500,0.750,96,7850
18,3.500,0.750,96,3705
18,3.500,0.750,83,6799
18,3.500,0.750,30,8025
18,3.500,0.750,31,6245
18,3.500,0.750,95,18696
18,3.500,0.750,28,20031
18,3.500,0.750,1,869
18,3.500,0.750,53,5605
18,3.500,0.750,8,6838
18,3.500,0.750,164,19146
18,3.500,0.750,116,11064
18,3.500,0.750,24,17098
18,3.500,0.750,24,7907
18,3.500,0.750,83,4599
18,3.500,0.750,1,3602
18,3.500,0.750,19,13787
18,3.500,0.750,33,17528
18,3.500,0.750,32,12086
18,3.500,0.750,35,1471
18,3.500,0.750,18,8014
18,3.500,0.750,16,2817
18,3.500,0.750,4,3169
18,3.500,0.750,16,10318
18,3.500,0.750,76,5530
18,3.500,0.750,13,6860
18,3.500,0.750,115,6896
18,3.500,0.750,27,5088
18,3.500,0.750,53,23106
18,3.500,0.750,13,2874
18,3.500,0.750,78,49485
18,3.500,0.750,24,10944
18,3.500,0.750,352,45882
18,3.500,0.750,13,38296
18,3.500,0.750,34,9796
18,3.500,0.750,4,1835
18,3.500,0.750,37,2305
18,3.500,0.750,48,32726
18,3.500,0.750,31,2667
18,3.500,0.750,18,8409
18,3.500,0.750,65,8545
18,3.500,0.750,103,8132
18,3.500,0.750,231,12150
18,3.500,0.750,73,7139
18,3.500,0.750,56,15858
18,3.500,0.750,204,41322
18,3.500,0.750,105,53435
18,3.500,0.750,4,1633
18,3.500,0.750,2,2181
18,3.500,0.750,201,46781
18,3.500,0.750,4,513
18,3.500,0.750,17,7253
18,3.500,0.750,6,6013
18,3.500,0.750,44,8819
18,3.500,0.750,5,668
18,3.500,0.750,3,1766
18,3.500,0.750,113,7394
18,3.500,0.750,76,6985
18,3.500,0.750,90,14256
18,3.500,0.750,51,9039
18,3.500,0.750,50,22806
18,3.500,0.750,21,5925
18,3.500,0.750,3,7275
18,3.500,0.750,134,42088
18,3.500,0.750,32,18772
18,3.500,0.750,172,12263
18,3.500,0.750,72,6873
18,3.500,0.750,49,2255
18,3.500,0.750,53,4181
18,3.500,0.750,221,24346
18,3.500,0.750,18,1249
18,3.500,0.750,16,10992
18,3.500,0.750,13,4456
18,3.500,0.750,21,3881
18,3.500,0.750,128,5356
18,3.500,0.750,21,3245
18,3.500,0.750,110,8057
18,3.500,0.750,30,10209
18,3.500,0.750,68,5823
18,3.500,0.750,22,4707
18,3.500,0.750,129,3834
18,3.500,0.750,14,4212
18,3.500,0.750,95,22558
18,3.500,0.750,35,5269
18,3.500,0.750,15,3570
18,3.500,0.750,80,5858
18,3.500,0.750,16,6054
18,3.500,0.750,54,55799
18,3.500,0.750,33,2302
18,3.500,0.750,26,10585
18,3.500,0.750,53,8303
18,3.500,0.750,115,16845
18,3.500,0.750,68,5552
18,3.500,0.750,136,12398
18,3.500,0.750,13,4913
18,3.500,0.750,29,2885
18,3.500,0.750,20,9684
18,3.500,0.750,25,45901
18,3.500,0.750,123,12026
18,3.500,0.750,20,3853
18,3.500,0.750,46,7486
18,3.500,0.750,14,7719
18,3.500,0.750,3,6260
18,3.500,0.750,76,10650
18,3.500,0.750,35,16897
18,3.500,0.750,3,469
18,3.500,0.750,13,4268
18,3.500,0.750,207,18796
18,3.500,0.750,17,8368
18,3.500,0.750,16,2062
18,3.500,0.900,123,8253
18,3.500,0.900,30,8943
18,3.500,0.900,22,3175
18,3.500,0.900,256,18460
18,3.500,0.900,6,1700
18,3.500,0.900,132,27518
18,3.500,0.900,58,4193
18,3.500,0.900,222,6812
18,3.500,0.900,20,8897
18,3.500,0.900,89,32073
18,3.500,0.900,29,3219
18,3.500,0.900,38,25098
18,3.500,0.900,91,9777
18,3.500,0.900,6,730
18,3.500,0.900,112,4981
18,3.500,0.900,18,4955
18,3.500,0.900,74,7293
18,3.500,0.900,25,7200
18,3.500,0.900,10,3857
18,3.500,0.900,14,10753
18,3.500,0.900,90,11307
18,3.500,0.900,51,22331
18,3.500,0.900,19,11250
18,3.500,0.900,19,4884
18,3.500,0.900,69,34366
18,3.500,0.900,23,5689
18,3.500,0.900,68,4404
18,3.500,0.900,104,7112
18,3.500,0.900,77,42995
18,3.500,0.900,58,18315
18,3.500,0.900,44,10964
18,3.500,0.900,25,4401
18,3.500,0.900,27,2130
18,3.500,0.900,10,1090
18,3.500,0.900,84,19137
18,3.500,0.900,11,5064
18,3.500,0.900,63,1564
18,3.500,0.900,36,23341
18,3.500,0.900,20,3265
18,3.500,0.900,36,18060
18,3.500,0.900,27,3949
18,3.500,0.900,11,2693
18,3.500,0.900,27,5856
18,3.500,0.900,33,6134
18,3.500,0.900,84,15034
18,3.500,0.900,23,49024
18,3.500,0.900,20,5077
18,3.500,0.900,30,6431
18,3.500,0.900,41,8170
18,3.500,0.900,75,8792
18,3.500,0.900,28,31143
18,3.500,0.900,70,9635
18,3.500,0.900,11,14077
18,3.500,0.900,3,543
18,3.500,0.900,67,8348
18,3.500,0.900,29,8220
18,3.500,0.900,120,2660
18,3.500,0.900,16,6553
18,3.500,0.900,38,6201
18,3.500,0.900,29,2048
18,3.500,0.900,67,8677
18,3.500,0.900,16,15259
18,3.500,0.900,34,4533
18,3.500,0.900,80,11244
18,3.500,0.900,84,5390
18,3.500,0.900,32,21115
18,3.500,0.900,12,292
18,3.500,0.900,20,8162
18,3.500,0.900,36,10147
18,3.500,0.900,103,28895
18,3.500,0.900,17,1921
18,3.500,0.900,26,8156
18,3.500,0.900,51,16881
18,3.500,0.900,45,2865
18,3.500,0.900,97,7030
18,3.500,0.900,30,4696
18,3.500,0.900,74,9202
18,3.500,0.900,15,21535
18,3.500,0.900,158,24635
18,3.500,0.900,54,18299
18,3.500,0.900,10,2463
18,3.500,0.900,27,3337
18,3.500,0.900,15,13079
18,3.500,0.900,12,3536
18,3.500,0.900,7,4025
18,3.500,0.900,24,3241
18,3.500,0.900,150,111681
18,3.500,0.900,213,31390
18,3.500,0.900,73,7588
18,3.500,0.900,41,13304
18,3.500,0.900,178,5634
18,3.500,0.900,50,4592
18,3.500,0.900,6,1457
18,3.500,0.900,18,3865
18,3.500,0.900,10,4315
18,3.500,0.900,6,755
18,3.500,0.900,20,1156
18,3.500,0.900,10,8875
18,3.500,0.900,75,10212
18,3.500,0.900,39,8089
18,3.500,0.900,80,3088
18,3.500,0.900,37,923
18,3.500,0.900,13,13148
18,3.500,0.900,20,4466
18,3.500,0.900,10,660
18,3.500,0.900,44,19950
18,3.500,0.900,51,25492
18,3.500,0.900,36,4278
18,3.500,0.900,90,3060
18,3.500,0.900,124,9498
18,3.500,0.900,82,31456
18,3.500,0.900,59,805
18,3.500,0.900,20,1909
18,3.500,0.900,91,3038
18,3.500,0.900,133,54219
18,3.500,0.900,12,8446
18,3.500,0.900,15,2539
18,3.500,0.900,26,45108
18,3.500,0.900,15,2453
18,3.500,0.900,38,3150
18,3.500,0.900,295,16861
18,3.500,0.900,82,115082
18,3.500,0.900,49,5996
18,3.500,0.900,94,14195
18,3.500,0.900,60,6535
18,3.500,0.900,2,1312
18,3.500,0.900,43,3621
18,3.500,0.900,38,7722
18,3.500,0.900,94,21930
18,3.500,0.900,55,4509
18,3.500,0.900,124,41485
18,3.500,0.900,22,930
18,3.500,0.900,29,4300
18,3.500,0.900,23,4825
18,3.500,0.900,69,7284
18,3.500,0.900,13,5781
18,3.500,0.900,71,2226
18,3.500,0.900,288,9502
18,3.500,0.900,159,19527
18,3.500,0.900,37,16230
18,3.500,0.900,4,1426
18,3.500,0.900,134,24516
18,3.500,0.900,78,10352
18,3.500,0.900,126,11590
18,3.500,0.900,21,7352
18,3.500,0.900,7,27034
18,3.500,0.900,21,17200
18,3.500,0.900,36,12584
18,3.500,0.900,128,7750
18,3.500,0.900,3,4385
18,3.500,0.900,43,25110
18,3.500,0.900,43,6116
18,3.500,0.900,77,20135
18,3.500,0.900,12,435
18,3.500,0.900,73,10511
18,3.500,0.900,8,11415
18,3.500,0.900,47,13126
18,3.500,0.900,48,11891
18,3.500,0.900,36,11294
18,3.500,0.900,31,8204
18,3.500,0.900,43,24351
18,3.500,0.900,8,1637
18,3.500,0.900,55,20408
18,3.500,0.900,63,13974
18,3.500,0.900,33,6246
18,3.500,0.900,128,12558
18,3.500,0.900,26,16666
18,3.500,0.900,147,8696
18,3.500,0.900,91,8998
18,3.500,0.900,80,16784
18,3.500,0.900,453,51494
18,3.500,0.900,77,22773
18,3.500,0.900,141,11298
18,3.500,0.900,29,5637
18,3.500,0.900,142,5366
18,3.500,0.900,5,7475
18,3.500,0.900,56,18314
18,3.500,0.900,18,38396
18,3.500,0.900,81,10409
18,3.500,0.900,126,20090
18,3.500,0.900,25,4842
18,3.500,0.900,2,8602
18,3.500,0.900,50,9973
18,3.500,0.900,4,1778
18,3.500,0.900,107,24751
18,3.500,0.900,12,1257
18,3.500,0.900,119,11893
18,3.500,0.900,126,3672
18,3.500,0.900,18,891
18,3.500,0.900,6,14733
18,3.500,0.900,30,17827
18,3.500,0.900,141,37337
18,3.500,0.900,11,3342
18,3.500,0.900,38,6474
18,3.500,0.900,258,20847
18,3.500,0.900,17,4759
18,3.500,0.900,24,22426
18,3.500,0.900,23,1763
18,3.500,0.900,53,12590
18,3.500,0.900,45,2622
18,3.500,0.900,23,4994
18,3.500,0.900,70,27468
18,3.500,0.900,29,5403
18,3.500,0.900,74,11583
18,3.500,0.900,21,2418
18,3.500,0.900,90,22441
18,3.500,0.900,134,25297
18,3.500,0.900,48,3624
18,3.500,0.900,293,7753
18,3.500,0.900,79,20909
18,3.500,0.900,72,16928
18,3.500,0.900,14,11994
18,3.500,0.900,1,1505
18,3.500,0.900,25,9834
18,3.500,0.900,42,4376
18,3.500,0.900,111,7144
18,3.500,0.900,65,4200
18,3.500,0.900,269,17518
18,3.500,0.900,37,2575
18,3.500,0.900,32,22737
18,3.500,0.900,30,2280
18,3.500,0.900,87,43211
18,3.500,0.900,531,29115
18,3.500,0.900,21,15451
18,3.500,0.900,8,2083
18,3.500,0.900,48,12496
18,3.500,0.900,50,7169
18,3.500,0.900,49,11208
18,3.500,0.900,18,8989
18,3.500,0.900,52,5120
18,3.500,0.900,36,13652
18,3.500,0.900,1,201
18,3.500,0.900,49,22479
18,3.500,0.900,24,23166
18,3.500,0.900,55,13219
18,3.500,0.900,26,6514
18,3.500,0.900,82,10535
18,3.500,0.900,74,14027
18,3.500,0.900,71,6093
18,3.500,0.900,79,11831
18,3.500,0.900,74,34583
18,3.500,0.900,2,3388
18,3.500,0.900,90,4617
18,3.500,0.900,4,1753
18,3.500,0.900,11,2267
18,3.500,0.900,126,26481
18,3.500,0.900,72,5575
18,3.500,0.900,13,10880
18,3.500,0.900,2,869
18,3.500,0.900,46,3408
18,3.500,0.900,187,28892
18,3.500,0.900,30,6686
18,3.500,0.900,19,7989
18,3.500,0.900,7,11104
18,3.500,0.900,100,7665
18,3.500,0.900,42,23620
18,3.500,0.900,57,11515
18,3.500,0.900,50,14057
18,3.500,0.900,32,16404
18,3.500,0.900,190,14099
18,3.500,0.900,175,18602
18,3.500,0.900,39,810
18,3.500,0.900,77,31223
18,3.500,0.900,24,6341
18,3.500,0.900,23,15369
18,3.500,0.900,22,7829
18,3.500,0.900,50,1520
18,3.500,0.900,49,7136
18,3.500,0.900,6,8116
18,3.500,0.900,14,2764
18,3.500,0.900,13,902
18,3.500,0.900,115,5243
18,3.500,0.900,90,39088
18,3.500,0.900,14,1981
18,3.500,0.900,28,1879
18,3.500,0.900,12,2299
18,3.500,0.900,42,948
18,3.500,0.900,22,3774
18,3.500,0.900,98,16185
18,3.500,0.900,70,16046
18,3.500,0.900,29,7708
18,3.500,0.900,192,2338
18,3.500,0.900,27,5256
18,3.500,0.900,99,5777
18,3.500,0.900,23,3077
18,3.500,0.900,34,15470
18,3.500,0.900,23,4589
18,3.500,0.900,17,24094
18,3.500,0.900,18,3796
18,3.500,0.900,56,25596
18,3.500,0.900,9,3123
18,3.500,0.900,18,14711
18,3.500,0.900,7,1397
18,3.500,0.950,81,3013
18,3.500,0.950,13,6367
18,3.500,0.950,69,14318
18,3.500,0.950,71,5239
18,3.500,0.950,48,9499
18,3.500,0.950,2,3850
18,3.500,0.950,81,14111
18,3.500,0.950,95,12015
18,3.500,0.950,121,41017
18,3.500,0.950,24,4369
18,3.500,0.950,57,9706
18,3.500,0.950,8,9260
18,3.500,0.950,84,7113
18,3.500,0.950,120,21775
18,3.500,0.950,63,7176
18,3.500,0.950,54,11674
18,3.500,0.950,72,15875
18,3.500,0.950,67,22827
18,3.500,0.950,23,9908
18,3.500,0.950,45,8429
18,3.500,0.950,36,25547
18,3.500,0.950,80,10992
18,3.500,0.950,13,2849
18,3.500,0.950,40,445
18,3.500,0.950,36,9818
18,3.500,0.950,222,6141
18,3.500,0.950,3,3394
18,3.500,0.950,14,6882
18,3.500,0.950,17,7989
18,3.500,0.950,229,17913
18,3.500,0.950,29,4524
18,3.500,0.950,1,450
18,3.500,0.950,14,4828
18,3.500,0.950,33,10288
18,3.500,0.950,10,2626
18,3.500,0.950,125,18315
18,3.500,0.950,27,7635
18,3.500,0.950,5,1511
18,3.500,0.950,1,2329
18,3.500,0.950,7,2629
18,3.500,0.950,7,2132
18,3.500,0.950,68,3988
18,3.500,0.950,25,9115
18,3.500,0.950,28,15974
18,3.500,0.950,211,11689
18,3.500,0.950,100,5796
18,3.500,0.950,13,7750
18,3.500,0.950,127,23312
18,3.500,0.950,263,20496
18,3.500,0.950,129,32816
18,3.500,0.950,26,16873
18,3.500,0.950,8,5165
18,3.500,0.950,64,1872
18,3.500,0.950,27,4222
18,3.500,0.950,8,617
18,3.500,0.950,7,3172
18,3.500,0.950,45,18796
18,3.500,0.950,12,9527
18,3.500,0.950,45,21518
18,3.500,0.950,27,1965
18,3.500,0.950,67,9746
18,3.500,0.950,146,15639
18,3.500,0.950,3,2274
18,3.500,0.950,39,12862
18,3.500,0.950,26,16790
18,3.500,0.950,109,4689
18,3.500,0.950,8,9929
18,3.500,0.950,14,6950
18,3.500,0.950,29,2568
18,3.500,0.950,8,5465
18,3.500,0.950,23,12194
18,3.500,0.950,82,21912
18,3.500,0.950,17,22558
18,3.500,0.950,7,1430
18,3.500,0.950,31,3458
18,3.500,0.950,4,553
18,3.500,0.950,20,4226
18,3.500,0.950,2,2612
18,3.500,0.950,49,5988
18,3.500,0.950,38,14271
18,3.500,0.950,49,6411
18,3.500,0.950,47,8055
18,3.500,0.950,25,1924
18,3.500,0.950,13,13066
18,3.500,0.950,4,16275
18,3.500,0.950,16,8750
18,3.500,0.950,23,10158
18,3.500,0.950,83,11457
18,3.500,0.950,22,15368
18,3.500,0.950,78,8971
18,3.500,0.950,16,12470
18,3.500,0.950,40,770
18,3.500,0.950,12,1228
18,3.500,0.950,4,798
18,3.500,0.950,89,5194
18,3.500,0.950,19,1736
18,3.500,0.950,16,1147
18,3.500,0.950,110,22693
18,3.500,0.950,114,2692
18,3.500,0.950,66,14431
18,3.500,0.950,12,2838
18,3.500,0.950,69,2611
18,3.500,0.950,28,17313
18,3.500,0.950,91,6732
18,3.500,0.950,4,738
18,3.500,0.950,11,2613
18,3.500,0.950,88,41573
18,3.500,0.950,75,3552
18,3.500,0.950,257,25901
18,3.500,0.950,24,5992
18,3.500,0.950,27,12782
18,3.500,0.950,48,12952
18,3.500,0.950,160,23944
18,3.500,0.950,8,1766
18,3.500,0.950,209,11227
18,3.500,0.950,81,13363
18,3.500,0.950,49,7816
18,3.500,0.950,8,461
18,3.500,0.950,93,4566
18,3.500,0.950,6,6803
18,3.500,0.950,13,4950
18,3.500,0.950,26,3540
18,3.500,0.950,14,4794
18,3.500,0.950,8,2532
18,3.500,0.950,7,3545
18,3.500,0.950,22,7199
18,3.500,0.950,11,6421
18,3.500,0.950,27,34486
18,3.500,0.950,11,11339
18,3.500,0.950,38,3391
18,3.500,0.950,27,33479
18,3.500,0.950,81,33263
18,3.500,0.950,34,3102
18,3.500,0.950,5,278
18,3.500,0.950,11,956
18,3.500,0.950,18,13770
18,3.500,0.950,30,21870
18,3.500,0.950,86,5154
18,3.500,0.950,25,9514
18,3.500,0.950,20,840
18,3.500,0.950,4,345
18,3.500,0.950,5,577
18,3.500,0.950,185,19284
18,3.500,0.950,44,6214
18,3.500,0.950,36,16054
18,3.500,0.950,44,9441
18,3.500,0.950,17,4053
18,3.500,0.950,4,2205
18,3.500,0.950,10,1288
18,3.500,0.950,4,161
18,3.500,0.950,7,1622
18,3.500,0.950,68,12378
18,3.500,0.950,52,16539
18,3.500,0.950,17,4694
18,3.500,0.950,2,2181
18,3.500,0.950,16,5722
18,3.500,0.950,62,5786
18,3.500,0.950,9,3409
18,3.500,0.950,92,8474
18,3.500,0.950,46,6553
18,3.500,0.950,74,11103
18,3.500,0.950,108,9840
18,3.500,0.950,62,14974
18,3.500,0.950,118,24071
18,3.500,0.950,14,2349
18,3.500,0.950,49,7778
18,3.500,0.950,110,7730
18,3.500,0.950,35,8049
18,3.500,0.950,68,13749
18,3.500,0.950,39,28333
18,3.500,0.950,10,277
18,3.500,0.950,17,1568
18,3.500,0.950,104,10568
18,3.500,0.950,3,786
18,3.500,0.950,23,13801
18,3.500,0.950,15,9955
18,3.500,0.950,122,22407
18,3.500,0.950,3,1938
18,3.500,0.950,91,7344
18,3.500,0.950,5,5909
18,3.500,0.950,144,6939
18,3.500,0.950,70,9470
18,3.500,0.950,110,25955
18,3.500,0.950,12,236
18,3.500,0.950,38,27804
18,3.500,0.950,12,6238
18,3.500,0.950,74,58760
18,3.500,0.950,12,13707
18,3.500,0.950,58,6072
18,3.500,0.950,30,7529
18,3.500,0.950,38,11944
18,3.500,0.950,9,6514
18,3.500,0.950,37,23131
18,3.500,0.950,85,26454
18,3.500,0.950,123,5118
18,3.500,0.950,20,2875
18,3.500,0.950,60,13860
18,3.500,0.950,30,25598
18,3.500,0.950,53,11104
18,3.500,0.950,7,4133
18,3.500,0.950,90,6283
18,3.500,0.950,48,2393
18,3.500,0.950,26,26542
18,3.500,0.950,75,10762
18,3.500,0.950,24,5952
18,3.500,0.950,13,13222
18,3.500,0.950,4,1363
18,3.500,0.950,45,5851
18,3.500,0.950,18,21420
18,3.500,0.950,128,18235
18,3.500,0.950,36,4872
18,3.500,0.950,8,10469
18,3.500,0.950,11,10676
18,3.500,0.950,63,38527
18,3.500,0.950,90,102578
18,3.500,0.950,25,10739
18,3.500,0.950,92,22690
18,3.500,0.950,16,946
18,3.500,0.950,111,34651
18,3.500,0.950,14,4321
18,3.500,0.950,50,7717
18,3.500,0.950,92,46751
18,3.500,0.950,53,4317
18,3.500,0.950,9,3801
18,3.500,0.950,128,3556
18,3.500,0.950,62,4278
18,3.500,0.950,8,3824
18,3.500,0.950,7,2305
18,3.500,0.950,103,18902
18,3.500,0.950,18,3460
18,3.500,0.950,69,44973
18,3.500,0.950,10,272
18,3.500,0.950,92,6371
18,3.500,0.950,20,11725
18,3.500,0.950,60,4295
18,3.500,0.950,6,4672
18,3.500,0.950,21,5625
18,3.500,0.950,110,7210
18,3.500,0.950,37,4020
18,3.500,0.950,132,34640
18,3.500,0.950,32,3462
18,3.500,0.950,61,4909
18,3.500,0.950,23,8877
18,3.500,0.950,96,11706
18,3.500,0.950,99,10386
18,3.500,0.950,10,481
18,3.500,0.950,64,79076
18,3.500,0.950,25,17092
18,3.500,0.950,34,15655
18,3.500,0.950,15,3527
18,3.500,0.950,5,8052
18,3.500,0.950,2,780
18,3.500,0.950,9,12121
18,3.500,0.950,278,37129
18,3.500,0.950,30,4650
18,3.500,0.950,52,9128
18,3.500,0.950,52,22614
18,3.500,0.950,87,39006
18,3.500,0.950,10,2699
18,3.500,0.950,142,10539
18,3.500,0.950,11,14569
18,3.500,0.950,3,6340
18,3.500,0.950,49,7323
18,3.500,0.950,38,6324
18,3.500,0.950,7,5831
18,3.500,0.950,27,8497
18,3.500,0.950,38,1041
18,3.500,0.950,218,23400
18,3.500,0.950,58,23344
18,3.500,0.950,59,25268
18,3.500,0.950,15,12098
18,3.500,0.950,74,9940
18,3.500,0.950,3,343
18,3.500,0.950,56,5064
18,3.500,0.950,54,10575
18,3.500,0.950,16,7060
18,3.500,0.950,27,5585
18,3.500,0.950,45,4280
18,3.500,0.950,11,21528
18,3.500,0.950,24,1668
18,3.500,0.950,37,6517
18,3.500,0.950,41,5425
18,3.500,0.950,27,14475
18,3.500,0.950,16,15731
18,3.500,0.950,37,17522
18,3.500,0.950,53,11452
18,3.500,0.950,38,1871
18,3.500,0.950,38,3273
18,3.500,0.950,56,11070
18,3.500,0.950,10,1234
18,3.500,0.950,5,5174
18,3.500,0.950,8,6269
18,3.500,0.950,1,925
18,3.500,1.000,43,71
18,3.500,1.000,35,59
18,3.500,1.000,24,71
18,3.500,1.000,24,109
18,3.500,1.000,90,124
18,3.500,1.000,37,104
18,3.500,1.000,4,8
18,3.500,1.000,54,119
18,3.500,1.000,319,370
18,3.500,1.000,80,160
18,3.500,1.000,30,54
18,3.500,1.000,12,10
18,3.500,1.000,16,26
18,3.500,1.000,83,177
18,3.500,1.000,63,152
18,3.500,1.000,36,59
18,3.500,1.000,16,61
18,3.500,1.000,17,31
18,3.500,1.000,43,67
18,3.500,1.000,26,64
18,3.500,1.000,5,19
18,3.500,1.000,145,125
18,3.500,1.000,4,24
18,3.500,1.000,298,395
18,3.500,1.000,39,47
18,3.500,1.000,40,86
18,3.500,1.000,95,117
18,3.500,1.000,26,25
18,3.500,1.000,106,202
18,3.500,1.000,110,148
18,3.500,1.000,38,69
18,3.500,1.000,22,43
18,3.500,1.000,22,49
18,3.500,1.000,31,46
18,3.500,1.000,15,40
18,3.500,1.000,92,72
18,3.500,1.000,112,123
18,3.500,1.000,8,21
18,3.500,1.000,31,67
18,3.500,1.000,36,80
18,3.500,1.000,39,73
18,3.500,1.000,61,66
18,3.500,1.000,66,61
18,3.500,1.000,23,70
18,3.500,1.000,36,108
18,3.500,1.000,11,23
18,3.500,1.000,41,80
18,3.500,1.000,74,138
18,3.500,1.000,386,809
18,3.500,1.000,22,71
18,3.500,1.000,40,46
18,3.500,1.000,243,304
18,3.500,1.000,14,56
18,3.500,1.000,7,28
18,3.500,1.000,70,110
18,3.500,1.000,10,54
18,3.500,1.000,7,21
18,3.500,1.000,133,74
18,3.500,1.000,70,82
18,3.500,1.000,57,102
18,3.500,1.000,58,81
18,3.500,1.000,38,59
18,3.500,1.000,17,44
18,3.500,1.000,25,48
18,3.500,1.000,52,140
18,3.500,1.000,30,102
18,3.500,1.000,115,220
18,3.500,1.000,42,103
18,3.500,1.000,53,90
18,3.500,1.000,64,58
18,3.500,1.000,12,45
18,3.500,1.000,5,20
18,3.500,1.000,224,254
18,3.500,1.000,78,171
18,3.500,1.000,74,159
18,3.500,1.000,10,51
18,3.500,1.000,44,83
18,3.500,1.000,43,118
18,3.500,1.000,125,185
18,3.500,1.000,48,113
18,3.500,1.000,23,60
18,3.500,1.000,13,21
18,3.500,1.000,27,69
18,3.500,1.000,49,131
18,3.500,1.000,17,41
18,3.500,1.000,107,182
18,3.500,1.000,27,69
18,3.500,1.000,39,136
18,3.500,1.000,18,35
18,3.500,1.000,34,82
18,3.500,1.000,22,36
18,3.500,1.000,6,18
18,3.500,1.000,22,69
18,3.500,1.000,133,106
18,3.500,1.000,19,52
18,3.500,1.000,48,70
18,3.500,1.000,28,40
18,3.500,1.000,31,88
18,3.500,1.000,8,29
18,3.500,1.000,68,83
18,3.500,1.000,57,99
18,3.500,1.000,58,171
18,3.500,1.000,22,58
18,3.500,1.000,69,105
18,3.500,1.000,28,72
18,3.500,1.000,11,26
18,3.500,1.000,3,12
18,3.500,1.000,73,121
18,3.500,1.000,162,141
18,3.500,1.000,24,76
18,3.500,1.000,270,273
18,3.500,1.000,88,161
18,3.500,1.000,24,74
18,3.500,1.000,54,94
18,3.500,1.000,14,58
18,3.500,1.000,3,19
18,3.500,1.000,80,139
18,3.500,1.000,48,86
18,3.500,1.000,28,64
18,3.500,1.000,38,84
18,3.500,1.000,19,40
18,3.500,1.000,79,94
18,3.500,1.000,33,80
18,3.500,1.000,89,109
18,3.500,1.000,43,120
18,3.500,1.000,35,83
18,3.500,1.000,104,93
18,3.500,1.000,74,150
18,3.500,1.000,6,9
18,3.500,1.000,38,75
18,3.500,1.000,25,68
18,3.500,1.000,37,71
18,3.500,1.000,46,66
18,3.500,1.000,15,42
18,3.500,1.000,9,36
18,3.500,1.000,6,24
18,3.500,1.000,47,53
18,3.500,1.000,17,33
18,3.500,1.000,45,69
18,3.500,1.000,70,140
18,3.500,1.000,75,92
18,3.500,1.000,18,65
18,3.500,1.000,8,22
18,3.500,1.000,14,39
18,3.500,1.000,109,170
18,3.500,1.000,23,50
18,3.500,1.000,58,173
18,3.500,1.000,55,72
18,3.500,1.000,108,99
18,3.500,1.000,8,11
18,3.500,1.000,2,20
18,3.500,1.000,2,15
18,3.500,1.000,48,83
18,3.500,1.000,21,59
18,3.500,1.000,1,7
18,3.500,1.000,57,97
18,3.500,1.000,5,21
18,3.500,1.000,39,85
18,3.500,1.000,43,57
18,3.500,1.000,5,13
18,3.500,1.000,7,12
18,3.500,1.000,189,227
18,3.500,1.000,4,8
18,3.500,1.000,368,401
18,3.500,1.000,61,188
18,3.500,1.000,54,122
18,3.500,1.000,6,26
18,3.500,1.000,42,108
18,3.500,1.000,28,46
18,3.500,1.000,204,159
18,3.500,1.000,37,69
18,3.500,1.000,61,73
18,3.500,1.000,2,18
18,3.500,1.000,13,33
18,3.500,1.000,3,22
18,3.500,1.000,52,26
18,3.500,1.000,80,50
18,3.500,1.000,28,41
18,3.500,1.000,48,148
18,3.500,1.000,120,157
18,3.500,1.000,8,44
18,3.500,1.000,8,49
18,3.500,1.000,56,61
18,3.500,1.000,6,6
18,3.500,1.000,17,46
18,3.500,1.000,101,210
18,3.500,1.000,17,48
18,3.500,1.000,20,40
18,3.500,1.000,24,64
18,3.500,1.000,107,104
18,3.500,1.000,49,118
18,3.500,1.000,34,54
18,3.500,1.000,5,15
18,3.500,1.000,62,84
18,3.500,1.000,8,26
18,3.500,1.000,10,15
18,3.500,1.000,14,16
18,3.500,1.000,43,85
18,3.500,1.000,90,98
18,3.500,1.000,48,102
18,3.500,1.000,12,35
18,3.500,1.000,150,279
18,3.500,1.000,20,24
18,3.500,1.000,9,34
18,3.500,1.000,40,43
18,3.500,1.000,16,25
18,3.500,1.000,47,119
18,3.500,1.000,14,16
18,3.500,1.000,22,66
18,3.500,1.000,91,83
18,3.500,1.000,4,11
18,3.500,1.000,30,63
18,3.500,1.000,40,94
18,3.500,1.000,6,14
18,3.500,1.000,92,159
18,3.500,1.000,5,13
18,3.500,1.000,24,69
18,3.500,1.000,50,90
18,3.500,1.000,78,157
18,3.500,1.000,68,104
18,3.500,1.000,19,64
18,3.500,1.000,114,153
18,3.500,1.000,22,44
18,3.500,1.000,54,114
18,3.500,1.000,183,160
18,3.500,1.000,93,93
18,3.500,1.000,8,10
18,3.500,1.000,92,220
18,3.500,1.000,14,59
18,3.500,1.000,5,15
18,3.500,1.000,17,32
18,3.500,1.000,26,45
18,3.500,1.000,30,97
18,3.500,1.000,49,58
18,3.500,1.000,56,110
18,3.500,1.000,17,61
18,3.500,1.000,119,207
18,3.500,1.000,128,137
18,3.500,1.000,49,128
18,3.500,1.000,29,115
18,3.500,1.000,63,149
18,3.500,1.000,98,134
18,3.500,1.000,105,187
18,3.500,1.000,30,67
18,3.500,1.000,43,146
18,3.500,1.000,101,112
18,3.500,1.000,61,170
18,3.500,1.000,137,130
18,3.500,1.000,244,263
18,3.500,1.000,106,94
18,3.500,1.000,10,27
18,3.500,1.000,37,64
18,3.500,1.000,85,128
18,3.500,1.000,64,145
18,3.500,1.000,17,19
18,3.500,1.000,12,34
18,3.500,1.000,14,45
18,3.500,1.000,89,93
18,3.500,1.000,30,60
18,3.500,1.000,26,62
18,3.500,1.000,22,54
18,3.500,1.000,106,133
18,3.500,1.000,94,138
18,3.500,1.000,223,281
18,3.500,1.000,26,62
18,3.500,1.000,8,21
18,3.500,1.000,22,60
18,3.500,1.000,125,249
18,3.500,1.000,18,63
18,3.500,1.000,92,122
18,3.500,1.000,10,23
18,3.500,1.000,82,201
18,3.500,1.000,12,30
18,3.500,1.000,125,127
18,3.500,1.000,52,72
18,3.500,1.000,74,126
18,3.500,1.000,11,23
18,3.500,1.000,198,239
18,3.500,1.000,52,120
18,3.500,1.000,4,13
18,3.500,1.000,82,155
18,3.500,1.000,50,68
18,3.500,1.000,60,83
18,3.500,1.000,30,106
18,3.500,1.000,5,24
18,3.500,1.000,18,45
18,3.500,1.000,64,137
18,3.500,1.000,54,51
18,3.500,1.000,3,16
18,3.500,1.000,32,41
18,3.500,1.000,8,22
18,3.500,1.000,41,58
18,3.500,1.000,6,11
18,3.500,1.000,63,131
19,3.500,0.200,203,18678
19,3.500,0.200,46,3358
19,3.500,0.200,24,3307
19,3.500,0.200,196,9851
19,3.500,0.200,41,21980
19,3.500,0.200,103,88648
19,3.500,0.200,3,6254
19,3.500,0.200,282,23453
19,3.500,0.200,20,37285
19,3.500,0.200,39,20698
19,3.500,0.200,17,50012
19,3.500,0.200,41,17261
19,3.500,0.200,111,12821
19,3.500,0.200,163,75677
19,3.500,0.200,144,8475
19,3.500,0.200,79,15160
19,3.500,0.200,26,33930
19,3.500,0.200,19,4586
19,3.500,0.200,41,14411
19,3.500,0.200,56,22755
19,3.500,0.200,107,24143
19,3.500,0.200,140,8266
19,3.500,0.200,138,9650
19,3.500,0.200,45,4633
19,3.500,0.200,61,17487
19,3.500,0.200,36,6153
19,3.500,0.200,106,19027
19,3.500,0.200,28,10608
19,3.500,0.200,38,7001
19,3.500,0.200,52,24305
19,3.500,0.200,122,43698
19,3.500,0.200,22,3465
19,3.500,0.200,66,36625
19,3.500,0.200,24,5127
19,3.500,0.200,8,2390
19,3.500,0.200,16,29294
19,3.500,0.200,27,8116
19,3.500,0.200,14,5166
19,3.500,0.200,148,14944
19,3.500,0.200,81,6254
19,3.500,0.200,6,20813
19,3.500,0.200,39,30340
19,3.500,0.200,34,10734
19,3.500,0.200,70,22422
19,3.500,0.200,47,20572
19,3.500,0.200,38,5207
19,3.500,0.200,54,6359
19,3.500,0.200,18,2308
19,3.500,0.200,8,24426
19,3.500,0.200,7,1229
19,3.500,0.200,6,169
19,3.500,0.200,96,62877
19,3.500,0.200,27,29496
19,3.500,0.200,11,54713
19,3.500,0.200,96,9228
19,3.500,0.200,21,6426
19,3.500,0.200,4,1906
19,3.500,0.200,35,3893
19,3.500,0.200,21,45698
19,3.500,0.200,149,15336
19,3.500,0.200,42,13973
19,3.500,0.200,212,83342
19,3.500,0.200,14,23080
19,3.500,0.200,8,4852
19,3.500,0.200,10,1115
19,3.500,0.200,3,13807
19,3.500,0.200,55,2612
19,3.500,0.200,109,19584
19,3.500,0.200,159,20463
19,3.500,0.200,10,2027
19,3.500,0.200,49,118729
19,3.500,0.200,4,7954
19,3.500,0.200,20,489
19,3.500,0.200,9,2502
19,3.500,0.200,85,65691
19,3.500,0.200,2,6687
19,3.500,0.200,7,3671
19,3.500,0.200,35,43225
19,3.500,0.200,58,29524
19,3.500,0.200,64,28105
19,3.500,0.200,11,890
19,3.500,0.200,30,4927
19,3.500,0.200,23,4021
19,3.500,0.200,44,11959
19,3.500,0.200,4,110
19,3.500,0.200,18,2702
19,3.500,0.200,50,73251
19,3.500,0.200,5,6922
19,3.500,0.200,21,80338
19,3.500,0.200,52,16723
19,3.500,0.200,16,20190
19,3.500,0.200,74,8345
19,3.500,0.200,6,10244
19,3.500,0.200,244,50983
19,3.500,0.200,120,61010
19,3.500,0.200,112,25712
19,3.500,0.200,58,24589
19,3.500,0.200,36,9762
19,3.500,0.200,11,1692
19,3.500,0.200,36,14226
19,3.500,0.200,66,5821
19,3.500,0.200,46,56232
19,3.500,0.200,25,20713
19,3.500,0.200,17,4839
19,3.500,0.200,229,34784
19,3.500,0.200,19,19433
19,3.500,0.200,173,13616
19,3.500,0.200,50,13838
19,3.500,0.200,2,614
19,3.500,0.200,87,15819
19,3.500,0.200,140,28146
19,3.500,0.200,55,20429
19,3.500,0.200,19,50084
19,3.500,0.200,108,20288
19,3.500,0.200,7,4130
19,3.500,0.200,124,66705
19,3.500,0.200,267,53371
19,3.500,0.200,12,8415
19,3.500,0.200,57,22476
19,3.500,0.200,35,8045
19,3.500,0.200,161,14413
19,3.500,0.200,33,8967
19,3.500,0.200,107,37774
19,3.500,0.200,30,21102
19,3.500,0.200,54,44109
19,3.500,0.200,44,24593
19,3.500,0.200,1,2598
19,3.500,0.200,163,140450
19,3.500,0.200,33,30288
19,3.500,0.200,105,23502
19,3.500,0.200,14,13811
19,3.500,0.200,49,9754
19,3.500,0.200,33,24081
19,3.500,0.200,127,11799
19,3.500,0.200,125,21469
19,3.500,0.200,104,18683
19,3.500,0.200,3,969
19,3.500,0.200,59,8641
19,3.500,0.200,28,20398
19,3.500,0.200,46,26602
19,3.500,0.200,107,9260
19,3.500,0.200,8,9145
19,3.500,0.200,212,7496
19,3.500,0.200,15,7379
19,3.500,0.200,347,2272
19,3.500,0.200,200,26730
19,3.500,0.200,131,39112
19,3.500,0.200,116,35390
19,3.500,0.200,7,2490
19,3.500,0.200,132,36188
19,3.500,0.200,105,13839
19,3.500,0.200,26,6733
19,3.500,0.200,97,25081
19,3.500,0.200,3,16219
19,3.500,0.200,9,3734
19,3.500,0.200,191,10349
19,3.500,0.200,73,13205
19,3.500,0.200,62,22831
19,3.500,0.200,4,13481
19,3.500,0.200,107,10257
19,3.500,0.200,6,894
19,3.500,0.200,57,29683
19,3.500,0.200,18,8494
19,3.500,0.200,46,1772
19,3.500,0.200,123,25002
19,3.500,0.200,79,71806
19,3.500,0.200,25,19298
19,3.500,0.200,40,25668
19,3.500,0.200,21,11284
19,3.500,0.200,21,10016
19,3.500,0.200,4,1064
19,3.500,0.200,103,53975
19,3.500,0.200,18,3256
19,3.500,0.200,47,7057
19,3.500,0.200,96,69102
19,3.500,0.200,56,14252
19,3.500,0.200,23,4779
19,3.500,0.200,15,7911
19,3.500,0.200,113,47235
19,3.500,0.200,37,11077
19,3.500,0.200,69,41035
19,3.500,0.200,6,823
19,3.500,0.200,130,12946
19,3.500,0.200,44,6812
19,3.500,0.200,4,4438
19,3.500,0.200,91,1122
19,3.500,0.200,66,29487
19,3.500,0.200,4,4334
19,3.500,0.200,12,6011
19,3.500,0.200,36,23702
19,3.500,0.200,7,1975
19,3.500,0.200,40,13613
19,3.500,0.200,98,7667
19,3.500,0.200,162,56226
19,3.500,0.200,42,21202
19,3.500,0.200,74,15288
19,3.500,0.200,41,17045
19,3.500,0.200,12,31086
19,3.500,0.200,292,28251
19,3.500,0.200,256,62193
19,3.500,0.200,241,13139
19,3.500,0.200,112,6836
19,3.500,0.200,80,3986
19,3.500,0.200,46,38218
19,3.500,0.200,82,42693
19,3.500,0.200,166,13829
19,3.500,0.200,120,3176
19,3.500,0.200,48,1392
19,3.500,0.200,65,16763
19,3.500,0.200,321,18840
19,3.500,0.200,202,61846
19,3.500,0.200,32,22985
19,3.500,0.200,180,21620
19,3.500,0.200,57,12469
19,3.500,0.200,17,9117
19,3.500,0.200,70,47931
19,3.500,0.200,132,45866
19,3.500,0.200,69,46763
19,3.500,0.200,19,3850
19,3.500,0.200,40,2837
19,3.500,0.200,126,49014
19,3.500,0.200,9,7723
19,3.500,0.200,16,8524
19,3.500,0.200,352,30437
19,3.500,0.200,43,10031
19,3.500,0.200,26,26515
19,3.500,0.200,4,876
19,3.500,0.200,20,2404
19,3.500,0.200,119,33471
19,3.500,0.200,27,18648
19,3.500,0.200,45,9704
19,3.500,0.200,43,7284
19,3.500,0.200,32,8529
19,3.500,0.200,11,30948
19,3.500,0.200,38,10707
19,3.500,0.200,147,55318
19,3.500,0.200,18,2988
19,3.500,0.200,31,4281
19,3.500,0.200,214,20565
19,3.500,0.200,61,12352
19,3.500,0.200,42,32130
19,3.500,0.200,59,38778
19,3.500,0.200,16,5797
19,3.500,0.200,53,8153
19,3.500,0.200,112,11262
19,3.500,0.200,86,8650
19,3.500,0.200,69,1993
19,3.500,0.200,3,4741
19,3.500,0.200,87,14947
19,3.500,0.200,47,6015
19,3.500,0.200,6,3145
19,3.500,0.200,30,21447
19,3.500,0.200,77,41056
19,3.500,0.200,72,5704
19,3.500,0.200,53,13728
19,3.500,0.200,33,9196
19,3.500,0.200,91,1293
19,3.500,0.200,210,7035
19,3.500,0.200,4,3294
19,3.500,0.200,80,19955
19,3.500,0.200,86,15196
19,3.500,0.200,66,3380
19,3.500,0.200,89,61041
19,3.500,0.200,13,11146
19,3.500,0.200,277,7654
19,3.500,0.200,22,3024
19,3.500,0.200,121,19322
19,3.500,0.200,33,4496
19,3.500,0.200,21,4785
19,3.500,0.200,17,15395
19,3.500,0.200,42,14267
19,3.500,0.200,6,2244
19,3.500,0.200,98,5824
19,3.500,0.200,80,4224
19,3.500,0.200,127,24650
19,3.500,0.200,23,21527
19,3.500,0.200,98,10867
19,3.500,0.200,75,8320
19,3.500,0.200,108,11206
19,3.500,0.200,47,7790
19,3.500,0.200,4,3156
19,3.500,0.200,37,27007
19,3.500,0.200,96,13918
19,3.500,0.200,48,5923
19,3.500,0.200,111,37930
19,3.500,0.200,12,10540
19,3.500,0.200,67,24564
19,3.500,0.200,9,3732
19,3.500,0.200,62,85894
19,3.500,0.200,63,5458
19,3.500,0.200,118,24686
19,3.500,0.200,8,923
19,3.500,0.500,128,11248
19,3.500,0.500,29,9763
19,3.500,0.500,120,13005
19,3.500,0.500,10,1316
19,3.500,0.500,20,6373
19,3.500,0.500,67,24873
19,3.500,0.500,20,10209
19,3.500,0.500,34,4490
19,3.500,0.500,1,6554
19,3.500,0.500,6,9354
19,3.500,0.500,33,29255
19,3.500,0.500,85,31304
19,3.500,0.500,54,24128
19,3.500,0.500,60,18161
19,3.500,0.500,450,92480
19,3.500,0.500,23,36181
19,3.500,0.500,42,3572
19,3.500,0.500,6,132239
19,3.500,0.500,15,6940
19,3.500,0.500,3,25362
19,3.500,0.500,33,69337
19,3.500,0.500,27,4854
19,3.500,0.500,56,24029
19,3.500,0.500,14,35288
19,3.500,0.500,41,4479
19,3.500,0.500,70,38444
19,3.500,0.500,19,3811
19,3.500,0.500,13,23253
19,3.500,0.500,52,750
19,3.500,0.500,43,17488
19,3.500,0.500,12,1635
19,3.500,0.500,47,10025
19,3.500,0.500,25,19527
19,3.500,0.500,14,4466
19,3.500,0.500,72,25902
19,3.500,0.500,31,19426
19,3.500,0.500,5,2189
19,3.500,0.500,3,6424
19,3.500,0.500,40,2569
19,3.500,0.500,21,7582
19,3.500,0.500,21,53807
19,3.500,0.500,8,9791
19,3.500,0.500,245,13433
19,3.500,0.500,126,69863
19,3.500,0.500,14,6036
19,3.500,0.500,42,18010
19,3.500,0.500,16,1234
19,3.500,0.500,5,3539
19,3.500,0.500,61,5820
19,3.500,0.500,17,6814
19,3.500,0.500,1,488
19,3.500,0.500,263,20114
19,3.500,0.500,76,3421
19,3.500,0.500,233,33300
19,3.500,0.500,10,5524
19,3.500,0.500,95,8012
19,3.500,0.500,113,7695
19,3.500,0.500,34,10807
19,3.500,0.500,47,8701
19,3.500,0.500,35,3854
19,3.500,0.500,229,17901
19,3.500,0.500,57,27412
19,3.500,0.500,120,27453
19,3.500,0.500,344,27352
19,3.500,0.500,46,34028
19,3.500,0.500,3,1090
19,3.500,0.500,5,8115
19,3.500,0.500,54,6396
19,3.500,0.500,115,60847
19,3.500,0.500,125,6215
19,3.500,0.500,54,3549
19,3.500,0.500,58,13687
19,3.500,0.500,57,14778
19,3.500,0.500,19,3530
19,3.500,0.500,127,5586
19,3.500,0.500,29,10191
19,3.500,0.500,81,73211
19,3.500,0.500,141,18018
19,3.500,0.500,31,25898
19,3.500,0.500,334,41777
19,3.500,0.500,26,7443
19,3.500,0.500,3,210
19,3.500,0.500,51,15978
19,3.500,0.500,56,4723
19,3.500,0.500,158,11074
19,3.500,0.500,12,3616
19,3.500,0.500,45,9600
19,3.500,0.500,78,13636
19,3.500,0.500,40,14638
19,3.500,0.500,14,7454
19,3.500,0.500,310,4440
19,3.500,0.500,48,20773
19,3.500,0.500,41,6352
19,3.500,0.500,24,11797
19,3.500,0.500,46,15773
19,3.500,0.500,22,12291
19,3.500,0.500,47,9102
19,3.500,0.500,5,579
19,3.500,0.500,20,8847
19,3.500,0.500,42,36797
19,3.500,0.500,200,44774
19,3.500,0.500,98,25561
19,3.500,0.500,33,19458
19,3.500,0.500,99,23185
19,3.500,0.500,15,23915
19,3.500,0.500,74,5976
19,3.500,0.500,46,20569
19,3.500,0.500,38,1779
19,3.500,0.500,93,5093
19,3.500,0.500,141,34763
19,3.500,0.500,23,2062
19,3.500,0.500,106,7302
19,3.500,0.500,20,13143
19,3.500,0.500,227,85568
19,3.500,0.500,66,12062
19,3.500,0.500,56,25977
19,3.500,0.500,70,81854
19,3.500,0.500,4,1368
19,3.500,0.500,6,3912
19,3.500,0.500,48,3512
19,3.500,0.500,15,7543
19,3.500,0.500,36,10579
19,3.500,0.500,6,7129
19,3.500,0.500,33,6478
19,3.500,0.500,77,14877
19,3.500,0.500,93,16632
19,3.500,0.500,7,15130
19,3.500,0.500,12,4694
19,3.500,0.500,20,13298
19,3.500,0.500,51,12184
19,3.500,0.500,138,2914
19,3.500,0.500,11,33673
19,3.500,0.500,66,14983
19,3.500,0.500,37,10056
19,3.500,0.500,3,8678
19,3.500,0.500,29,4470
19,3.500,0.500,121,17972
19,3.500,0.500,21,5257
19,3.500,0.500,1,1764
19,3.500,0.500,4,3884
19,3.500,0.500,40,20550
19,3.500,0.500,61,36348
19,3.500,0.500,28,17361
19,3.500,0.500,46,23864
19,3.500,0.500,3,11310
19,3.500,0.500,43,10973
19,3.500,0.500,42,6103
19,3.500,0.500,169,29848
19,3.500,0.500,6,4770
19,3.500,0.500,14,246271
19,3.500,0.500,91,36930
19,3.500,0.500,22,7457
19,3.500,0.500,39,10240
19,3.500,0.500,31,17434
19,3.500,0.500,34,9075
19,3.500,0.500,41,6112
19,3.500,0.500,120,12110
19,3.500,0.500,168,14865
19,3.500,0.500,90,20041
19,3.500,0.500,87,5444
19,3.500,0.500,10,12107
19,3.500,0.500,35,37766
19,3.500,0.500,42,22837
19,3.500,0.500,155,104092
19,3.500,0.500,44,9401
19,3.500,0.500,82,45813
19,3.500,0.500,25,35349
19,3.500,0.500,34,26661
19,3.500,0.500,58,11811
19,3.500,0.500,244,69481
19,3.500,0.500,37,42705
19,3.500,0.500,11,4661
19,3.500,0.500,42,64608
19,3.500,0.500,119,27661
19,3.500,0.500,49,17593
19,3.500,0.500,15,17081
19,3.500,0.500,53,12884
19,3.500,0.500,48,14736
19,3.500,0.500,93,68318
19,3.500,0.500,100,11592
19,3.500,0.500,8,24505
19,3.500,0.500,121,46105
19,3.500,0.500,148,24736
19,3.500,0.500,14,4007
19,3.500,0.500,26,5604
19,3.500,0.500,88,64615
19,3.500,0.500,39,24736
19,3.500,0.500,29,43379
19,3.500,0.500,14,956
19,3.500,0.500,24,17811
19,3.500,0.500,50,6022
19,3.500,0.500,50,1305
19,3.500,0.500,50,9963
19,3.500,0.500,42,90171
19,3.500,0.500,8,4690
19,3.500,0.500,255,16581
19,3.500,0.500,43,38682
19,3.500,0.500,4,1655
19,3.500,0.500,42,4696
19,3.500,0.500,7,5790
19,3.500,0.500,60,35534
19,3.500,0.500,29,7561
19,3.500,0.500,18,8857
19,3.500,0.500,29,10711
19,3.500,0.500,8,3147
19,3.500,0.500,58,13230
19,3.500,0.500,85,15244
19,3.500,0.500,86,12314
19,3.500,0.500,26,4293
19,3.500,0.500,63,4526
19,3.500,0.500,270,21368
19,3.500,0.500,56,3955
19,3.500,0.500,96,1972
19,3.500,0.500,72,12750
19,3.500,0.500,64,20088
19,3.500,0.500,64,2249
19,3.500,0.500,440,14707
19,3.500,0.500,24,11267
19,3.500,0.500,42,11385
19,3.500,0.500,45,12373
19,3.500,0.500,63,6414
19,3.500,0.500,1,2848
19,3.500,0.500,67,11721
19,3.500,0.500,3,3246
19,3.500,0.500,2,4550
19,3.500,0.500,71,13309
19,3.500,0.500,52,19059
19,3.500,0.500,222,73668
19,3.500,0.500,84,10418
19,3.500,0.500,112,24983
19,3.500,0.500,31,24189
19,3.500,0.500,54,20530
19,3.500,0.500,11,4046
19,3.500,0.500,192,49741
19,3.500,0.500,8,2052
19,3.500,0.500,90,9281
19,3.500,0.500,8,7217
19,3.500,0.500,516,59897
19,3.500,0.500,21,26092
19,3.500,0.500,21,11920
19,3.500,0.500,57,32556
19,3.500,0.500,54,15113
19,3.500,0.500,39,5633
19,3.500,0.500,122,32215
19,3.500,0.500,109,20075
19,3.500,0.500,90,3951
19,3.500,0.500,13,5903
19,3.500,0.500,8,4290
19,3.500,0.500,88,6026
19,3.500,0.500,42,17129
19,3.500,0.500,273,10073
19,3.500,0.500,83,94425
19,3.500,0.500,86,6237
19,3.500,0.500,60,17663
19,3.500,0.500,36,19417
19,3.500,0.500,101,119316
19,3.500,0.500,141,12073
19,3.500,0.500,27,8879
19,3.500,0.500,40,2495
19,3.500,0.500,72,14541
19,3.500,0.500,59,4446
19,3.500,0.500,10,1606
19,3.500,0.500,25,9892
19,3.500,0.500,153,11520
19,3.500,0.500,46,9491
19,3.500,0.500,259,24484
19,3.500,0.500,99,31851
19,3.500,0.500,14,1011
19,3.500,0.500,31,17380
19,3.500,0.500,74,4804
19,3.500,0.500,43,21192
19,3.500,0.500,20,14776
19,3.500,0.500,26,4213
19,3.500,0.500,77,14333
19,3.500,0.500,22,3912
19,3.500,0.500,36,15764
19,3.500,0.500,208,28340
19,3.500,0.500,45,15256
19,3.500,0.500,25,21886
19,3.500,0.500,44,23111
19,3.500,0.500,208,18262
19,3.500,0.500,25,10373
19,3.500,0.500,88,9534
19,3.500,0.500,104,23158
19,3.500,0.500,46,25936
19,3.500,0.500,16,13322
19,3.500,0.500,30,5613
19,3.500,0.500,25,29313
19,3.500,0.500,164,3232
19,3.500,0.500,29,2080
19,3.500,0.500,16,21853
19,3.500,0.500,68,5548
19,3.500,0.500,83,84217
19,3.500,0.750,19,2169
19,3.500,0.750,27,15697
19,3.500,0.750,24,573
19,3.500,0.750,139,12196
19,3.500,0.750,49,10195
19,3.500,0.750,11,13528
19,3.500,0.750,22,10003
19,3.500,0.750,187,20884
19,3.500,0.750,98,54170
19,3.500,0.750,29,5147
19,3.500,0.750,48,47961
19,3.500,0.750,44,7469
19,3.500,0.750,122,7826
19,3.500,0.750,116,12377
19,3.500,0.750,16,2375
19,3.500,0.750,46,6642
19,3.500,0.750,9,10828
19,3.500,0.750,32,57966
19,3.500,0.750,65,39482
19,3.500,0.750,17,6047
19,3.500,0.750,273,25829
19,3.500,0.750,11,17523
19,3.500,0.750,37,18833
19,3.500,0.750,9,21476
19,3.500,0.750,105,27610
19,3.500,0.750,144,9490
19,3.500,0.750,187,51349
19,3.500,0.750,59,54054
19,3.500,0.750,85,2683
19,3.500,0.750,110,11994
19,3.500,0.750,11,13419
19,3.500,0.750,23,14802
19,3.500,0.750,51,54058
19,3.500,0.750,63,8340
19,3.500,0.750,43,17301
19,3.500,0.750,89,14044
19,3.500,0.750,52,7617
19,3.500,0.750,14,21417
19,3.500,0.750,33,11976
19,3.500,0.750,27,11752
19,3.500,0.750,23,10057
19,3.500,0.750,13,1472
19,3.500,0.750,18,6864
19,3.500,0.750,54,18147
19,3.500,0.750,5,4049
19,3.500,0.750,27,1619
19,3.500,0.750,12,4261
19,3.500,0.750,25,11917
19,3.500,0.750,123,16287
19,3.500,0.750,26,1758
19,3.500,0.750,65,9094
19,3.500,0.750,1,252
19,3.500,0.750,39,88878
19,3.500,0.750,4,2851
19,3.500,0.750,277,149451
19,3.500,0.750,57,78549
19,3.500,0.750,65,22480
19,3.500,0.750,191,18078
19,3.500,0.750,14,11835
19,3.500,0.750,34,106187
19,3.500,0.750,47,10398
19,3.500,0.750,209,41496
19,3.500,0.750,21,1513
19,3.500,0.750,244,27819
19,3.500,0.750,9,5411
19,3.500,0.750,14,4764
19,3.500,0.750,51,20206
19,3.500,0.750,6,861
19,3.500,0.750,2,670
19,3.500,0.750,43,27632
19,3.500,0.750,3,4428
19,3.500,0.750,26,1305
19,3.500,0.750,43,37471
19,3.500,0.750,28,15266
19,3.500,0.750,25,10765
19,3.500,0.750,42,32593
19,3.500,0.750,50,5225
19,3.500,0.750,94,24314
19,3.500,0.750,35,25826
19,3.500,0.750,58,11562
19,3.500,0.750,2,1638
19,3.500,0.750,102,7872
19,3.500,0.750,67,14806
19,3.500,0.750,67,14831
19,3.500,0.750,58,10818
19,3.500,0.750,174,5605
19,3.500,0.750,22,76310
19,3.500,0.750,53,24970
19,3.500,0.750,47,25109
19,3.500,0.750,46,12192
19,3.500,0.750,34,5372
19,3.500,0.750,143,7451
19,3.500,0.750,253,44236
19,3.500,0.750,28,3056
19,3.500,0.750,34,13207
19,3.500,0.750,77,4498
19,3.500,0.750,200,77235
19,3.500,0.750,175,12174
19,3.500,0.750,117,5825
19,3.500,0.750,23,6621
19,3.500,0.750,60,6262
19,3.500,0.750,148,10260
19,3.500,0.750,202,48551
19,3.500,0.750,19,36117
19,3.500,0.750,2,898
19,3.500,0.750,86,70797
19,3.500,0.750,55,9465
19,3.500,0.750,118,12191
19,3.500,0.750,47,8741
19,3.500,0.750,80,6417
19,3.500,0.750,77,22557
19,3.500,0.750,98,48299
19,3.500,0.750,43,10562
19,3.500,0.750,7,7053
19,3.500,0.750,326,9489
19,3.500,0.750,398,7527
19,3.500,0.750,12,43943
19,3.500,0.750,14,22436
19,3.500,0.750,8,1822
19,3.500,0.750,4,12739
19,3.500,0.750,74,21251
19,3.500,0.750,31,2508
19,3.500,0.750,10,3350
19,3.500,0.750,82,55218
19,3.500,0.750,192,26045
19,3.500,0.750,87,10187
19,3.500,0.750,22,15381
19,3.500,0.750,93,68163
19,3.500,0.750,68,10220
19,3.500,0.750,49,38735
19,3.500,0.750,22,7889
19,3.500,0.750,49,2221
19,3.500,0.750,62,17199
19,3.500,0.750,316,38567
19,3.500,0.750,22,9506
19,3.500,0.750,21,6842
19,3.500,0.750,119,16632
19,3.500,0.750,22,3268
19,3.500,0.750,209,31648
19,3.500,0.750,165,28080
19,3.500,0.750,159,9272
19,3.500,0.750,27,20775
19,3.500,0.750,33,10434
19,3.500,0.750,9,785
19,3.500,0.750,23,6441
19,3.500,0.750,40,36235
19,3.500,0.750,8,27625
19,3.500,0.750,105,7415
19,3.500,0.750,61,19336
19,3.500,0.750,66,22012
19,3.500,0.750,182,64040
19,3.500,0.750,9,8169
19,3.500,0.750,41,6849
19,3.500,0.750,16,6852
19,3.500,0.750,4,3394
19,3.500,0.750,50,17891
19,3.500,0.750,58,24863
19,3.500,0.750,16,7562
19,3.500,0.750,9,2382
19,3.500,0.750,25,6911
19,3.500,0.750,46,138428
19,3.500,0.750,150,32056
19,3.500,0.750,68,41185
19,3.500,0.750,108,22341
19,3.500,0.750,7,10849
19,3.500,0.750,12,2168
19,3.500,0.750,45,15113
19,3.500,0.750,51,3931
19,3.500,0.750,19,20907
19,3.500,0.750,19,15482
19,3.500,0.750,20,11606
19,3.500,0.750,47,7148
19,3.500,0.750,8,443
19,3.500,0.750,3,9044
19,3.500,0.750,91,8654
19,3.500,0.750,42,17835
19,3.500,0.750,82,26132
19,3.500,0.750,2,1139
19,3.500,0.750,10,2343
19,3.500,0.750,223,15670
19,3.500,0.750,15,1788
19,3.500,0.750,45,12481
19,3.500,0.750,119,14837
19,3.500,0.750,268,53842
19,3.500,0.750,164,30130
19,3.500,0.750,179,19890
19,3.500,0.750,35,6922
19,3.500,0.750,10,1414
19,3.500,0.750,18,26390
19,3.500,0.750,129,20140
19,3.500,0.750,159,9277
19,3.500,0.750,52,20384
19,3.500,0.750,41,9471
19,3.500,0.750,100,13149
19,3.500,0.750,141,35615
19,3.500,0.750,12,744
19,3.500,0.750,64,5575
19,3.500,0.750,225,39635
19,3.500,0.750,35,24168
19,3.500,0.750,5,1122
19,3.500,0.750,4,1609
19,3.500,0.750,91,5652
19,3.500,0.750,97,25100
19,3.500,0.750,16,2844
19,3.500,0.750,52,22723
19,3.500,0.750,14,3524
19,3.500,0.750,7,3022
19,3.500,0.750,1,13021
19,3.500,0.750,445,25464
19,3.500,0.750,30,5531
19,3.500,0.750,53,9272
19,3.500,0.750,27,9601
19,3.500,0.750,7,16511
19,3.500,0.750,6,28004
19,3.500,0.750,2,25661
19,3.500,0.750,106,226560
19,3.500,0.750,49,10388
19,3.500,0.750,43,16376
19,3.500,0.750,130,20749
19,3.500,0.750,60,16357
19,3.500,0.750,8,12382
19,3.500,0.750,23,3034
19,3.500,0.750,6,2483
19,3.500,0.750,9,5038
19,3.500,0.750,43,36941
19,3.500,0.750,184,25898
19,3.500,0.750,67,11937
19,3.500,0.750,40,26940
19,3.500,0.750,54,12026
19,3.500,0.750,22,8839
19,3.500,0.750,20,5172
19,3.500,0.750,36,57191
19,3.500,0.750,83,2090
19,3.500,0.750,41,23342
19,3.500,0.750,4,6516
19,3.500,0.750,98,26869
19,3.500,0.750,78,6359
19,3.500,0.750,72,23027
19,3.500,0.750,86,24819
19,3.500,0.750,43,42436
19,3.500,0.750,36,6012
19,3.500,0.750,83,21045
19,3.500,0.750,72,9746
19,3.500,0.750,10,732
19,3.500,0.750,14,12847
19,3.500,0.750,33,46642
19,3.500,0.750,2,1417
19,3.500,0.750,104,26954
19,3.500,0.750,51,25110
19,3.500,0.750,8,5595
19,3.500,0.750,29,24979
19,3.500,0.750,61,28891
19,3.500,0.750,40,17532
19,3.500,0.750,31,9512
19,3.500,0.750,11,9858
19,3.500,0.750,4,1470
19,3.500,0.750,201,46869
19,3.500,0.750,98,11604
19,3.500,0.750,13,13918
19,3.500,0.750,71,26142
19,3.500,0.750,12,3663
19,3.500,0.750,9,3982
19,3.500,0.750,16,7746
19,3.500,0.750,42,17470
19,3.500,0.750,2,576
19,3.500,0.750,1,1102
19,3.500,0.750,45,6525
19,3.500,0.750,10,12062
19,3.500,0.750,10,3812
19,3.500,0.750,230,11270
19,3.500,0.750,6,13396
19,3.500,0.750,204,118815
19,3.500,0.750,72,43943
19,3.500,0.750,27,16595
19,3.500,0.750,45,21865
19,3.500,0.750,90,17288
19,3.500,0.750,11,28243
19,3.500,0.750,45,12563
19,3.500,0.750,19,5346
19,3.500,0.750,116,8936
19,3.500,0.750,64,3147
19,3.500,0.750,40,111866
19,3.500,0.750,47,39924
19,3.500,0.750,82,4071
19,3.500,0.750,18,5768
19,3.500,0.750,106,1604
19,3.500,0.750,163,52190
19,3.500,0.750,55,46365
19,3.500,0.750,39,3163
19,3.500,0.750,58,61838
19,3.500,0.750,33,45152
19,3.500,0.750,32,7443
19,3.500,0.900,15,18073
19,3.500,0.900,12,13792
19,3.500,0.900,25,8799
19,3.500,0.900,38,16538
19,3.500,0.900,44,28478
19,3.500,0.900,7,3917
19,3.500,0.900,14,5740
19,3.500,0.900,217,72194
19,3.500,0.900,22,28875
19,3.500,0.900,72,11019
19,3.500,0.900,94,6843
19,3.500,0.900,15,6754
19,3.500,0.900,145,6595
19,3.500,0.900,3,3692
19,3.500,0.900,66,56080
19,3.500,0.900,46,196909
19,3.500,0.900,65,9658
19,3.500,0.900,44,6786
19,3.500,0.900,76,36020
19,3.500,0.900,17,54922
19,3.500,0.900,20,6717
19,3.500,0.900,73,12537
19,3.500,0.900,38,1925
19,3.500,0.900,18,5130
19,3.500,0.900,98,14186
19,3.500,0.900,44,6055
19,3.500,0.900,30,11689
19,3.500,0.900,45,7522
19,3.500,0.900,57,70420
19,3.500,0.900,14,12070
19,3.500,0.900,27,14086
19,3.500,0.900,76,22208
19,3.500,0.900,19,1883
19,3.500,0.900,51,12672
19,3.500,0.900,57,15629
19,3.500,0.900,22,11690
19,3.500,0.900,29,20158
19,3.500,0.900,313,26189
19,3.500,0.900,88,5744
19,3.500,0.900,32,13326
19,3.500,0.900,84,63095
19,3.500,0.900,39,4255
19,3.500,0.900,148,94995
19,3.500,0.900,365,19505
19,3.500,0.900,15,4518
19,3.500,0.900,13,21672
19,3.500,0.900,74,36418
19,3.500,0.900,24,27957
19,3.500,0.900,17,7357
19,3.500,0.900,9,7365
19,3.500,0.900,251,39329
19,3.500,0.900,18,5261
19,3.500,0.900,92,72558
19,3.500,0.900,57,12538
19,3.500,0.900,34,3345
19,3.500,0.900,166,16633
19,3.500,0.900,30,17028
19,3.500,0.900,58,19725
19,3.500,0.900,15,5400
19,3.500,0.900,77,31691
19,3.500,0.900,2,787
19,3.500,0.900,17,2168
19,3.500,0.900,23,19889
19,3.500,0.900,7,2434
19,3.500,0.900,53,7391
19,3.500,0.900,69,4016
19,3.500,0.900,146,19076
19,3.500,0.900,42,30656
19,3.500,0.900,20,2511
19,3.500,0.900,98,13714
19,3.500,0.900,160,24980
19,3.500,0.900,40,13654
19,3.500,0.900,12,803
19,3.500,0.900,97,75646
19,3.500,0.900,73,19614
19,3.500,0.900,10,11300
19,3.500,0.900,31,4604
19,3.500,0.900,8,2587
19,3.500,0.900,9,8434
19,3.500,0.900,50,5969
19,3.500,0.900,186,5811
19,3.500,0.900,61,84547
19,3.500,0.900,86,36862
19,3.500,0.900,28,10290
19,3.500,0.900,88,39850
19,3.500,0.900,101,21055
19,3.500,0.900,200,54731
19,3.500,0.900,148,12408
19,3.500,0.900,58,6683
19,3.500,0.900,66,10366
19,3.500,0.900,104,11607
19,3.500,0.900,105,14230
19,3.500,0.900,26,13636
19,3.500,0.900,38,400
19,3.500,0.900,57,24502
19,3.500,0.900,58,10839
19,3.500,0.900,197,11093
19,3.500,0.900,23,5576
19,3.500,0.900,71,26326
19,3.500,0.900,85,13159
19,3.500,0.900,20,3592
19,3.500,0.900,2,1440
19,3.500,0.900,36,4810
19,3.500,0.900,36,26795
19,3.500,0.900,118,39100
19,3.500,0.900,73,6832
19,3.500,0.900,261,35300
19,3.500,0.900,182,74688
19,3.500,0.900,112,26657
19,3.500,0.900,47,13464
19,3.500,0.900,39,5403
19,3.500,0.900,170,32193
19,3.500,0.900,151,18902
19,3.500,0.900,149,26309
19,3.500,0.900,59,8891
19,3.500,0.900,112,16332
19,3.500,0.900,10,1262
19,3.500,0.900,3,3191
19,3.500,0.900,26,12251
19,3.500,0.900,12,5472
19,3.500,0.900,209,11925
19,3.500,0.900,16,18850
19,3.500,0.900,109,40338
19,3.500,0.900,93,15365
19,3.500,0.900,18,8483
19,3.500,0.900,139,20082
19,3.500,0.900,52,8092
19,3.500,0.900,8,1725
19,3.500,0.900,86,23304
19,3.500,0.900,134,20817
19,3.500,0.900,114,18864
19,3.500,0.900,1,1067
19,3.500,0.900,167,10726
19,3.500,0.900,22,5153
19,3.500,0.900,72,11745
19,3.500,0.900,43,8317
19,3.500,0.900,75,30610
19,3.500,0.900,64,14777
19,3.500,0.900,60,29630
19,3.500,0.900,56,11061
19,3.500,0.900,9,3378
19,3.500,0.900,97,25724
19,3.500,0.900,22,7436
19,3.500,0.900,6,4839
19,3.500,0.900,50,15679
19,3.500,0.900,105,26762
19,3.500,0.900,132,19255
19,3.500,0.900,191,15826
19,3.500,0.900,2,30275
19,3.500,0.900,129,14253
19,3.500,0.900,55,22739
19,3.500,0.900,37,11582
19,3.500,0.900,199,121582
19,3.500,0.900,53,30937
19,3.500,0.900,9,4655
19,3.500,0.900,56,7263
19,3.500,0.900,4,987
19,3.500,0.900,4,1166
19,3.500,0.900,33,20424
19,3.500,0.900,47,20839
19,3.500,0.900,309,32064
19,3.500,0.900,38,1381
19,3.500,0.900,85,12463
19,3.500,0.900,97,38169
19,3.500,0.900,46,9829
19,3.500,0.900,119,17637
19,3.500,0.900,4,13707
19,3.500,0.900,81,6591
19,3.500,0.900,202,14339
19,3.500,0.900,61,6349
19,3.500,0.900,63,52451
19,3.500,0.900,81,23361
19,3.500,0.900,21,6697
19,3.500,0.900,29,12280
19,3.500,0.900,33,20718
19,3.500,0.900,48,22527
19,3.500,0.900,10,3479
19,3.500,0.900,18,6745
19,3.500,0.900,174,18494
19,3.500,0.900,83,10485
19,3.500,0.900,174,7273
19,3.500,0.900,22,3259
19,3.500,0.900,12,4734
19,3.500,0.900,73,23232
19,3.500,0.900,66,3648
19,3.500,0.900,67,53907
19,3.500,0.900,79,16434
19,3.500,0.900,367,22903
19,3.500,0.900,2,6732
19,3.500,0.900,8,1467
19,3.500,0.900,51,12884
19,3.500,0.900,72,27639
19,3.500,0.900,5,4167
19,3.500,0.900,147,50875
19,3.500,0.900,111,18107
19,3.500,0.900,6,2230
19,3.500,0.900,74,50033
19,3.500,0.900,193,63367
19,3.500,0.900,8,7046
19,3.500,0.900,3,1859
19,3.500,0.900,39,7056
19,3.500,0.900,15,7255
19,3.500,0.900,94,25585
19,3.500,0.900,21,8632
19,3.500,0.900,5,21073
19,3.500,0.900,152,21763
19,3.500,0.900,182,11755
19,3.500,0.900,51,4612
19,3.500,0.900,6,2834
19,3.500,0.900,23,13984
19,3.500,0.900,27,12781
19,3.500,0.900,72,29156
19,3.500,0.900,61,20326
19,3.500,0.900,30,6826
19,3.500,0.900,6,8630
19,3.500,0.900,131,9974
19,3.500,0.900,16,4627
19,3.500,0.900,50,73771
19,3.500,0.900,6,2747
19,3.500,0.900,46,174796
19,3.500,0.900,26,11361
19,3.500,0.900,50,11113
19,3.500,0.900,190,18784
19,3.500,0.900,44,25287
19,3.500,0.900,1,4203
19,3.500,0.900,121,88949
19,3.500,0.900,26,17942
19,3.500,0.900,75,19085
19,3.500,0.900,25,6780
19,3.500,0.900,58,13955
19,3.500,0.900,285,8406
19,3.500,0.900,6,904
19,3.500,0.900,21,17110
19,3.500,0.900,110,26710
19,3.500,0.900,2,180
19,3.500,0.900,69,13787
19,3.500,0.900,22,23870
19,3.500,0.900,26,13316
19,3.500,0.900,19,20415
19,3.500,0.900,84,8732
19,3.500,0.900,255,30266
19,3.500,0.900,64,17588
19,3.500,0.900,100,12291
19,3.500,0.900,9,3319
19,3.500,0.900,88,12654
19,3.500,0.900,208,8369
19,3.500,0.900,10,1969
19,3.500,0.900,8,4407
19,3.500,0.900,135,13928
19,3.500,0.900,21,11001
19,3.500,0.900,75,12105
19,3.500,0.900,164,9055
19,3.500,0.900,12,1564
19,3.500,0.900,108,53238
19,3.500,0.900,30,35312
19,3.500,0.900,68,9379
19,3.500,0.900,10,4874
19,3.500,0.900,18,5304
19,3.500,0.900,10,4021
19,3.500,0.900,21,21167
19,3.500,0.900,10,2125
19,3.500,0.900,172,24343
19,3.500,0.900,10,1529
19,3.500,0.900,18,7734
19,3.500,0.900,25,17593
19,3.500,0.900,63,80407
19,3.500,0.900,11,3870
19,3.500,0.900,20,13727
19,3.500,0.900,12,3158
19,3.500,0.900,22,1830
19,3.500,0.900,147,68464
19,3.500,0.900,91,29979
19,3.500,0.900,145,20103
19,3.500,0.900,14,15532
19,3.500,0.900,20,2751
19,3.500,0.900,54,18307
19,3.500,0.900,2,648
19,3.500,0.900,170,3977
19,3.500,0.900,20,7522
19,3.500,0.900,10,2192
19,3.500,0.900,144,8151
19,3.500,0.900,20,15930
19,3.500,0.900,195,44072
19,3.500,0.900,63,18729
19,3.500,0.900,424,66228
19,3.500,0.900,32,26360
19,3.500,0.900,30,8097
19,3.500,0.900,442,31343
19,3.500,0.950,90,9662
19,3.500,0.950,143,17802
19,3.500,0.950,214,33073
19,3.500,0.950,150,5949
19,3.500,0.950,2,2482
19,3.500,0.950,41,19554
19,3.500,0.950,417,13532
19,3.500,0.950,17,1897
19,3.500,0.950,23,18249
19,3.500,0.950,22,9438
19,3.500,0.950,64,9009
19,3.500,0.950,39,2287
19,3.500,0.950,109,36729
19,3.500,0.950,13,2270
19,3.500,0.950,84,17102
19,3.500,0.950,87,16725
19,3.500,0.950,102,28740
19,3.500,0.950,38,18797
19,3.500,0.950,11,8959
19,3.500,0.950,83,12254
19,3.500,0.950,8,6104
19,3.500,0.950,180,28315
19,3.500,0.950,98,25794
19,3.500,0.950,27,6451
19,3.500,0.950,141,12287
19,3.500,0.950,162,17388
19,3.500,0.950,66,16960
19,3.500,0.950,153,6767
19,3.500,0.950,18,3889
19,3.500,0.950,57,15927
19,3.500,0.950,43,56179
19,3.500,0.950,78,27533
19,3.500,0.950,29,10107
19,3.500,0.950,56,7723
19,3.500,0.950,125,17511
19,3.500,0.950,33,14929
19,3.500,0.950,25,6339
19,3.500,0.950,75,7523
19,3.500,0.950,88,29369
19,3.500,0.950,8,7852
19,3.500,0.950,39,8322
19,3.500,0.950,21,26857
19,3.500,0.950,6,680
19,3.500,0.950,15,5253
19,3.500,0.950,33,21443
19,3.500,0.950,203,40865
19,3.500,0.950,100,22520
19,3.500,0.950,2,1186
19,3.500,0.950,2,2508
19,3.500,0.950,113,35365
19,3.500,0.950,64,8149
19,3.500,0.950,19,40295
19,3.500,0.950,77,3481
19,3.500,0.950,127,29716
19,3.500,0.950,23,1351
19,3.500,0.950,9,4516
19,3.500,0.950,36,9259
19,3.500,0.950,63,4377
19,3.500,0.950,12,929
19,3.500,0.950,15,2503
19,3.500,0.950,55,32848
19,3.500,0.950,26,22926
19,3.500,0.950,40,5083
19,3.500,0.950,13,3108
19,3.500,0.950,66,12431
19,3.500,0.950,122,19131
19,3.500,0.950,59,13994
19,3.500,0.950,30,10377
19,3.500,0.950,57,48413
19,3.500,0.950,85,6967
19,3.500,0.950,5,8458
19,3.500,0.950,60,4170
19,3.500,0.950,196,36667
19,3.500,0.950,68,28054
19,3.500,0.950,61,17840
19,3.500,0.950,131,23045
19,3.500,0.950,102,30274
19,3.500,0.950,25,11151
19,3.500,0.950,28,30167
19,3.500,0.950,83,5822
19,3.500,0.950,8,3522
19,3.500,0.950,54,2968
19,3.500,0.950,81,20859
19,3.500,0.950,12,3406
19,3.500,0.950,17,6952
19,3.500,0.950,18,4902
19,3.500,0.950,16,738
19,3.500,0.950,2,4759
19,3.500,0.950,233,24649
19,3.500,0.950,37,11381
19,3.500,0.950,83,13424
19,3.500,0.950,66,55316
19,3.500,0.950,22,1043
19,3.500,0.950,106,10029
19,3.500,0.950,41,8746
19,3.500,0.950,12,525
19,3.500,0.950,37,8956
19,3.500,0.950,57,14808
19,3.500,0.950,71,26827
19,3.500,0.950,10,9046
19,3.500,0.950,24,2378
19,3.500,0.950,81,4727
19,3.500,0.950,20,28240
19,3.500,0.950,37,11697
19,3.500,0.950,31,5778
19,3.500,0.950,126,32228
19,3.500,0.950,25,15606
19,3.500,0.950,31,46300
19,3.500,0.950,179,3141
19,3.500,0.950,217,22535
19,3.500,0.950,195,11767
19,3.500,0.950,4,8255
19,3.500,0.950,16,1432
19,3.500,0.950,67,22574
19,3.500,0.950,25,4409
19,3.500,0.950,3,31020
19,3.500,0.950,241,5170
19,3.500,0.950,19,20175
19,3.500,0.950,143,18832
19,3.500,0.950,33,26767
19,3.500,0.950,7,8488
19,3.500,0.950,79,6891
19,3.500,0.950,12,9785
19,3.500,0.950,19,9082
19,3.500,0.950,130,8532
19,3.500,0.950,120,6309
19,3.500,0.950,48,9924
19,3.500,0.950,39,2320
19,3.500,0.950,93,11642
19,3.500,0.950,55,42980
19,3.500,0.950,82,29744
19,3.500,0.950,134,30471
19,3.500,0.950,39,54190
19,3.500,0.950,26,2899
19,3.500,0.950,49,88926
19,3.500,0.950,117,12914
19,3.500,0.950,7,5070
19,3.500,0.950,90,33685
19,3.500,0.950,414,20436
19,3.500,0.950,23,17677
19,3.500,0.950,41,15262
19,3.500,0.950,23,8891
19,3.500,0.950,76,24099
19,3.500,0.950,171,20737
19,3.500,0.950,102,34414
19,3.500,0.950,55,52892
19,3.500,0.950,44,4482
19,3.500,0.950,104,18630
19,3.500,0.950,44,4477
19,3.500,0.950,84,15813
19,3.500,0.950,47,8045
19,3.500,0.950,3,606
19,3.500,0.950,154,159535
19,3.500,0.950,119,19406
19,3.500,0.950,94,34977
19,3.500,0.950,12,43387
19,3.500,0.950,46,31482
19,3.500,0.950,103,74694
19,3.500,0.950,69,27379
19,3.500,0.950,32,19189
19,3.500,0.950,308,19913
19,3.500,0.950,28,1892
19,3.500,0.950,105,12357
19,3.500,0.950,7,9000
19,3.500,0.950,60,5105
19,3.500,0.950,125,85375
19,3.500,0.950,54,11229
19,3.500,0.950,79,20813
19,3.500,0.950,33,12898
19,3.500,0.950,8,4798
19,3.500,0.950,29,10207
19,3.500,0.950,8,11339
19,3.500,0.950,33,6106
19,3.500,0.950,31,19232
19,3.500,0.950,37,25856
19,3.500,0.950,105,21113
19,3.500,0.950,110,34759
19,3.500,0.950,101,8205
19,3.500,0.950,49,9520
19,3.500,0.950,39,29153
19,3.500,0.950,315,22500
19,3.500,0.950,15,11761
19,3.500,0.950,58,10589
19,3.500,0.950,9,2980
19,3.500,0.950,377,21873
19,3.500,0.950,27,105386
19,3.500,0.950,8,2662
19,3.500,0.950,25,2382
19,3.500,0.950,271,32349
19,3.500,0.950,21,13951
19,3.500,0.950,20,65744
19,3.500,0.950,100,8484
19,3.500,0.950,2,574
19,3.500,0.950,50,5042
19,3.500,0.950,21,6357
19,3.500,0.950,10,5466
19,3.500,0.950,52,9600
19,3.500,0.950,101,74543
19,3.500,0.950,51,52261
19,3.500,0.950,33,3975
19,3.500,0.950,35,15716
19,3.500,0.950,62,8637
19,3.500,0.950,49,13936
19,3.500,0.950,52,11360
19,3.500,0.950,35,33124
19,3.500,0.950,54,7206
19,3.500,0.950,92,13320
19,3.500,0.950,151,7900
19,3.500,0.950,43,23469
19,3.500,0.950,11,5993
19,3.500,0.950,119,5416
19,3.500,0.950,34,2386
19,3.500,0.950,230,34656
19,3.500,0.950,1,12931
19,3.500,0.950,32,11549
19,3.500,0.950,12,6973
19,3.500,0.950,40,10098
19,3.500,0.950,10,6234
19,3.500,0.950,30,7032
19,3.500,0.950,88,13796
19,3.500,0.950,153,19151
19,3.500,0.950,12,9494
19,3.500,0.950,23,21478
19,3.500,0.950,301,141518
19,3.500,0.950,132,19373
19,3.500,0.950,124,25664
19,3.500,0.950,29,44191
19,3.500,0.950,23,115502
19,3.500,0.950,50,18098
19,3.500,0.950,22,35634
19,3.500,0.950,49,22799
19,3.500,0.950,44,7517
19,3.500,0.950,11,9518
19,3.500,0.950,74,21113
19,3.500,0.950,30,3065
19,3.500,0.950,219,8363
19,3.500,0.950,17,2912
19,3.500,0.950,105,39941
19,3.500,0.950,370,29014
19,3.500,0.950,20,85759
19,3.500,0.950,1,510
19,3.500,0.950,51,54615
19,3.500,0.950,28,8962
19,3.500,0.950,64,8190
19,3.500,0.950,27,3751
19,3.500,0.950,40,23589
19,3.500,0.950,135,8568
19,3.500,0.950,13,36098
19,3.500,0.950,53,7837
19,3.500,0.950,16,5257
19,3.500,0.950,137,98763
19,3.500,0.950,20,2757
19,3.500,0.950,265,17643
19,3.500,0.950,24,3752
19,3.500,0.950,16,14246
19,3.500,0.950,12,1444
19,3.500,0.950,88,22174
19,3.500,0.950,277,15059
19,3.500,0.950,2,8495
19,3.500,0.950,27,20473
19,3.500,0.950,55,3809
19,3.500,0.950,135,70289
19,3.500,0.950,13,5528
19,3.500,0.950,50,14987
19,3.500,0.950,2,3834
19,3.500,0.950,14,4162
19,3.500,0.950,90,18330
19,3.500,0.950,14,5508
19,3.500,0.950,53,4435
19,3.500,0.950,24,8130
19,3.500,0.950,932,38073
19,3.500,0.950,58,16261
19,3.500,0.950,56,6178
19,3.500,0.950,6,2131
19,3.500,0.950,5,1726
19,3.500,0.950,98,24854
19,3.500,0.950,41,13012
19,3.500,0.950,22,3273
19,3.500,0.950,10,543
19,3.500,0.950,38,9423
19,3.500,0.950,183,52015
19,3.500,0.950,19,26955
19,3.500,0.950,13,2626
19,3.500,0.950,52,12240
19,3.500,0.950,11,1718
19,3.500,0.950,28,14815
19,3.500,0.950,47,8011
19,3.500,0.950,69,26131
19,3.500,0.950,34,30246
19,3.500,0.950,212,24465
19,3.500,0.950,124,24726
19,3.500,1.000,227,243
19,3.500,1.000,70,112
19,3.500,1.000,5,21
19,3.500,1.000,7,21
19,3.500,1.000,251,193
19,3.500,1.000,3,13
19,3.500,1.000,11,51
19,3.500,1.000,125,186
19,3.500,1.000,299,281
19,3.500,1.000,16,35
19,3.500,1.000,68,119
19,3.500,1.000,66,67
19,3.500,1.000,32,75
19,3.500,1.000,8,11
19,3.500,1.000,109,232
19,3.500,1.000,295,325
19,3.500,1.000,252,278
19,3.500,1.000,36,49
19,3.500,1.000,42,67
19,3.500,1.000,21,61
19,3.500,1.000,86,142
19,3.500,1.000,25,37
19,3.500,1.000,14,64
19,3.500,1.000,38,73
19,3.500,1.000,34,51
19,3.500,1.000,4,12
19,3.500,1.000,51,68
19,3.500,1.000,21,68
19,3.500,1.000,68,138
19,3.500,1.000,134,85
19,3.500,1.000,31,87
19,3.500,1.000,7,24
19,3.500,1.000,222,232
19,3.500,1.000,206,176
19,3.500,1.000,73,77
19,3.500,1.000,105,142
19,3.500,1.000,11,45
19,3.500,1.000,263,214
19,3.500,1.000,19,83
19,3.500,1.000,24,64
19,3.500,1.000,100,44
19,3.500,1.000,97,85
19,3.500,1.000,50,102
19,3.500,1.000,17,47
19,3.500,1.000,9,24
19,3.500,1.000,23,47
19,3.500,1.000,9,37
19,3.500,1.000,66,105
19,3.500,1.000,155,258
19,3.500,1.000,53,116
19,3.500,1.000,12,35
19,3.500,1.000,101,261
19,3.500,1.000,83,159
19,3.500,1.000,32,73
19,3.500,1.000,52,117
19,3.500,1.000,3,24
19,3.500,1.000,18,69
19,3.500,1.000,34,59
19,3.500,1.000,41,69
19,3.500,1.000,164,233
19,3.500,1.000,335,362
19,3.500,1.000,24,76
19,3.500,1.000,84,115
19,3.500,1.000,32,132
19,3.500,1.000,49,102
19,3.500,1.000,24,28
19,3.500,1.000,7,32
19,3.500,1.000,242,339
19,3.500,1.000,76,97
19,3.500,1.000,36,44
19,3.500,1.000,101,70
19,3.500,1.000,34,91
19,3.500,1.000,76,141
19,3.500,1.000,72,159
19,3.500,1.000,117,123
19,3.500,1.000,198,194
19,3.500,1.000,32,61
19,3.500,1.000,16,48
19,3.500,1.000,13,32
19,3.500,1.000,50,113
19,3.500,1.000,219,283
19,3.500,1.000,95,99
19,3.500,1.000,4,21
19,3.500,1.000,30,33
19,3.500,1.000,41,114
19,3.500,1.000,27,59
19,3.500,1.000,89,114
19,3.500,1.000,61,222
19,3.500,1.000,12,44
19,3.500,1.000,21,53
19,3.500,1.000,100,149
19,3.500,1.000,12,33
19,3.500,1.000,38,81
19,3.500,1.000,31,78
19,3.500,1.000,50,105
19,3.500,1.000,44,105
19,3.500,1.000,14,37
19,3.500,1.000,139,184
19,3.500,1.000,49,162
19,3.500,1.000,12,63
19,3.500,1.000,8,8
19,3.500,1.000,83,126
19,3.500,1.000,12,43
19,3.500,1.000,39,90
19,3.500,1.000,21,92
19,3.500,1.000,108,153
19,3.500,1.000,10,11
19,3.500,1.000,66,193
19,3.500,1.000,37,114
19,3.500,1.000,42,87
19,3.500,1.000,12,16
19,3.500,1.000,94,92
19,3.500,1.000,167,134
19,3.500,1.000,107,193
19,3.500,1.000,119,125
19,3.500,1.000,4,15
19,3.500,1.000,16,61
19,3.500,1.000,89,113
19,3.500,1.000,102,97
19,3.500,1.000,3,18
19,3.500,1.000,26,55
19,3.500,1.000,87,157
19,3.500,1.000,32,59
19,3.500,1.000,34,71
19,3.500,1.000,28,56
19,3.500,1.000,68,167
19,3.500,1.000,14,59
19,3.500,1.000,121,182
19,3.500,1.000,50,94
19,3.500,1.000,2,9
19,3.500,1.000,83,105
19,3.500,1.000,13,27
19,3.500,1.000,30,62
19,3.500,1.000,76,141
19,3.500,1.000,36,75
19,3.500,1.000,4,15
19,3.500,1.000,26,78
19,3.500,1.000,23,68
19,3.500,1.000,5,22
19,3.500,1.000,31,64
19,3.500,1.000,27,86
19,3.500,1.000,135,99
19,3.500,1.000,11,46
19,3.500,1.000,156,202
19,3.500,1.000,160,237
19,3.500,1.000,24,59
19,3.500,1.000,44,88
19,3.500,1.000,14,57
19,3.500,1.000,47,109
19,3.500,1.000,59,108
19,3.500,1.000,38,77
19,3.500,1.000,260,236
19,3.500,1.000,105,149
19,3.500,1.000,102,174
19,3.500,1.000,55,71
19,3.500,1.000,16,65
19,3.500,1.000,6,20
19,3.500,1.000,11,45
19,3.500,1.000,18,72
19,3.500,1.000,3,9
19,3.500,1.000,23,54
19,3.500,1.000,122,206
19,3.500,1.000,19,74
19,3.500,1.000,71,142
19,3.500,1.000,1,8
19,3.500,1.000,48,81
19,3.500,1.000,61,122
19,3.500,1.000,24,100
19,3.500,1.000,14,19
19,3.500,1.000,34,76
19,3.500,1.000,38,83
19,3.500,1.000,56,125
19,3.500,1.000,22,41
19,3.500,1.000,12,27
19,3.500,1.000,190,235
19,3.500,1.000,31,62
19,3.500,1.000,36,84
19,3.500,1.000,238,229
19,3.500,1.000,109,181
19,3.500,1.000,3,15
19,3.500,1.000,88,116
19,3.500,1.000,71,82
19,3.500,1.000,6,25
19,3.500,1.000,42,70
19,3.500,1.000,48,63
19,3.500,1.000,26,44
19,3.500,1.000,9,27
19,3.500,1.000,7,22
19,3.500,1.000,33,52
19,3.500,1.000,86,169
19,3.500,1.000,41,108
19,3.500,1.000,86,124
19,3.500,1.000,186,202
19,3.500,1.000,19,36
19,3.500,1.000,25,60
19,3.500,1.000,94,155
19,3.500,1.000,28,60
19,3.500,1.000,23,77
19,3.500,1.000,7,23
19,3.500,1.000,79,42
19,3.500,1.000,35,46
19,3.500,1.000,94,199
19,3.500,1.000,22,58
19,3.500,1.000,38,46
19,3.500,1.000,69,121
19,3.500,1.000,12,61
19,3.500,1.000,487,332
19,3.500,1.000,52,95
19,3.500,1.000,68,159
19,3.500,1.000,130,223
19,3.500,1.000,91,161
19,3.500,1.000,72,149
19,3.500,1.000,96,188
19,3.500,1.000,16,36
19,3.500,1.000,541,663
19,3.500,1.000,48,28
19,3.500,1.000,108,103
19,3.500,1.000,21,67
19,3.500,1.000,27,56
19,3.500,1.000,51,96
19,3.500,1.000,76,195
19,3.500,1.000,9,29
19,3.500,1.000,38,81
19,3.500,1.000,8,23
19,3.500,1.000,67,113
19,3.500,1.000,156,154
19,3.500,1.000,29,71
19,3.500,1.000,133,172
19,3.500,1.000,76,34
19,3.500,1.000,65,71
19,3.500,1.000,34,121
19,3.500,1.000,54,90
19,3.500,1.000,48,44
19,3.500,1.000,105,174
19,3.500,1.000,36,40
19,3.500,1.000,39,101
19,3.500,1.000,49,117
19,3.500,1.000,354,187
19,3.500,1.000,179,245
19,3.500,1.000,29,66
19,3.500,1.000,24,42
19,3.500,1.000,168,236
19,3.500,1.000,75,79
19,3.500,1.000,7,22
19,3.500,1.000,25,56
19,3.500,1.000,26,63
19,3.500,1.000,190,435
19,3.500,1.000,63,138
19,3.500,1.000,48,59
19,3.500,1.000,16,40
19,3.500,1.000,108,152
19,3.500,1.000,6,20
19,3.500,1.000,180,259
19,3.500,1.000,74,148
19,3.500,1.000,201,194
19,3.500,1.000,13,42
19,3.500,1.000,87,136
19,3.500,1.000,28,49
19,3.500,1.000,8,32
19,3.500,1.000,112,113
19,3.500,1.000,16,20
19,3.500,1.000,143,189
19,3.500,1.000,88,118
19,3.500,1.000,32,53
19,3.500,1.000,74,172
19,3.500,1.000,31,82
19,3.500,1.000,163,222
19,3.500,1.000,38,93
19,3.500,1.000,138,199
19,3.500,1.000,9,32
19,3.500,1.000,64,103
19,3.500,1.000,253,427
19,3.500,1.000,63,45
19,3.500,1.000,74,198
19,3.500,1.000,16,48
19,3.500,1.000,137,203
19,3.500,1.000,53,108
19,3.500,1.000,49,101
19,3.500,1.000,14,78
19,3.500,1.000,33,64
19,3.500,1.000,12,14
19,3.500,1.000,8,11
19,3.500,1.000,26,33
19,3.500,1.000,38,89
19,3.500,1.000,39,137
19,3.500,1.000,8,9
19,3.500,1.000,76,37
19,3.500,1.000,54,76
19,3.500,1.000,23,58
19,3.500,1.000,142,200
20,3.500,0.200,289,142559
20,3.500,0.200,39,49626
20,3.500,0.200,69,50011
20,3.500,0.200,313,66841
20,3.500,0.200,591,42132
20,3.500,0.200,11,3053
20,3.500,0.200,28,27659
20,3.500,0.200,13,18007
20,3.500,0.200,46,27441
20,3.500,0.200,106,59367
20,3.500,0.200,42,38353
20,3.500,0.200,96,12751
20,3.500,0.200,13,40778
20,3.500,0.200,96,6751
20,3.500,0.200,139,48278
20,3.500,0.200,156,23027
20,3.500,0.200,180,17054
20,3.500,0.200,74,22029
20,3.500,0.200,52,25508
20,3.500,0.200,214,54975
20,3.500,0.200,81,46155
20,3.500,0.200,101,59104
20,3.500,0.200,8,3818
20,3.500,0.200,104,142256
20,3.500,0.200,2,18963
20,3.500,0.200,72,3070
20,3.500,0.200,631,173431
20,3.500,0.200,9,13999
20,3.500,0.200,79,237055
20,3.500,0.200,133,18196
20,3.500,0.200,206,101497
20,3.500,0.200,86,28900
20,3.500,0.200,109,19286
20,3.500,0.200,12,6462
20,3.500,0.200,35,7628
20,3.500,0.200,82,10514
20,3.500,0.200,6,11946
20,3.500,0.200,72,142321
20,3.500,0.200,12,9552
20,3.500,0.200,296,8203
20,3.500,0.200,3,891
20,3.500,0.200,284,40029
20,3.500,0.200,47,3496
20,3.500,0.200,213,119809
20,3.500,0.200,41,66607
20,3.500,0.200,8,5991
20,3.500,0.200,78,22145
20,3.500,0.200,148,48468
20,3.500,0.200,21,11385
20,3.500,0.200,323,157400
20,3.500,0.200,11,33100
20,3.500,0.200,1,457
20,3.500,0.200,59,5073
20,3.500,0.200,57,15531
20,3.500,0.200,20,33430
20,3.500,0.200,79,21948
20,3.500,0.200,21,63380
20,3.500,0.200,173,109959
20,3.500,0.200,7,39563
20,3.500,0.200,331,54910
20,3.500,0.200,35,19321
20,3.500,0.200,305,62804
20,3.500,0.200,14,3377
20,3.500,0.200,78,11571
20,3.500,0.200,18,14499
20,3.500,0.200,42,51676
20,3.500,0.200,85,29300
20,3.500,0.200,28,1254
20,3.500,0.200,25,19334
20,3.500,0.200,37,74955
20,3.500,0.200,265,23588
20,3.500,0.200,33,7390
20,3.500,0.200,21,11765
20,3.500,0.200,12,6623
20,3.500,0.200,48,201394
20,3.500,0.200,71,10889
20,3.500,0.200,190,21186
20,3.500,0.200,209,11132
20,3.500,0.200,10,9163
20,3.500,0.200,10,24405
20,3.500,0.200,89,38163
20,3.500,0.200,102,17888
20,3.500,0.200,61,8818
20,3.500,0.200,16,1827
20,3.500,0.200,139,34886
20,3.500,0.200,56,3260
20,3.500,0.200,46,24581
20,3.500,0.200,68,26063
20,3.500,0.200,95,40074
20,3.500,0.200,105,91154
20,3.500,0.200,50,56804
20,3.500,0.200,180,13069
20,3.500,0.200,316,129826
20,3.500,0.200,24,7450
20,3.500,0.200,74,14354
20,3.500,0.200,30,44951
20,3.500,0.200,126,4238
20,3.500,0.200,246,64647
20,3.500,0.200,83,26033
20,3.500,0.200,34,7651
20,3.500,0.200,28,18352
20,3.500,0.200,92,29022
20,3.500,0.200,49,18132
20,3.500,0.200,198,81080
20,3.500,0.200,293,26850
20,3.500,0.200,3,35814
20,3.500,0.200,22,35799
20,3.500,0.200,20,26830
20,3.500,0.200,18,7322
20,3.500,0.200,10,36014
20,3.500,0.200,41,16465
20,3.500,0.200,220,25342
20,3.500,0.200,19,6942
20,3.500,0.200,20,4141
20,3.500,0.200,211,101986
20,3.500,0.200,133,99116
20,3.500,0.200,21,82322
20,3.500,0.200,27,6871
20,3.500,0.200,28,43829
20,3.500,0.200,13,18783
20,3.500,0.200,35,39906
20,3.500,0.200,179,20343
20,3.500,0.200,112,32825
20,3.500,0.200,16,9850
20,3.500,0.200,4,3151
20,3.500,0.200,168,10356
20,3.500,0.200,15,4341
20,3.500,0.200,25,2698
20,3.500,0.200,78,13537
20,3.500,0.200,223,109233
20,3.500,0.200,294,29101
20,3.500,0.200,50,59243
20,3.500,0.200,105,49919
20,3.500,0.200,240,38436
20,3.500,0.200,136,88069
20,3.500,0.200,46,21553
20,3.500,0.200,93,6554
20,3.500,0.200,72,90194
20,3.500,0.200,14,6541
20,3.500,0.200,74,26168
20,3.500,0.200,195,35994
20,3.500,0.200,11,19503
20,3.500,0.200,92,49025
20,3.500,0.200,55,25004
20,3.500,0.200,14,34487
20,3.500,0.200,75,40042
20,3.500,0.200,168,78037
20,3.500,0.200,59,13869
20,3.500,0.200,58,10325
20,3.500,0.200,145,6779
20,3.500,0.200,24,21850
20,3.500,0.200,91,27713
20,3.500,0.200,32,9874
20,3.500,0.200,200,81334
20,3.500,0.200,44,17279
20,3.500,0.200,94,28485
20,3.500,0.200,81,22171
20,3.500,0.200,23,1622
20,3.500,0.200,235,81746
20,3.500,0.200,75,17751
20,3.500,0.200,26,11212
20,3.500,0.200,326,91067
20,3.500,0.200,16,1975
20,3.500,0.200,8,3896
20,3.500,0.200,290,33445
20,3.500,0.200,20,13424
20,3.500,0.200,10,8991
20,3.500,0.200,182,67924
20,3.500,0.200,69,19766
20,3.500,0.200,10,5127
20,3.500,0.200,81,14664
20,3.500,0.200,111,26825
20,3.500,0.200,78,23171
20,3.500,0.200,43,10556
20,3.500,0.200,83,32064
20,3.500,0.200,28,57342
20,3.500,0.200,79,23214
20,3.500,0.200,318,158405
20,3.500,0.200,339,37902
20,3.500,0.200,67,24343
20,3.500,0.200,31,28982
20,3.500,0.200,385,79877
20,3.500,0.200,117,102722
20,3.500,0.200,20,43415
20,3.500,0.200,6,29907
20,3.500,0.200,199,27322
20,3.500,0.200,155,32721
20,3.500,0.200,13,26300
20,3.500,0.200,147,16774
20,3.500,0.200,3,1343
20,3.500,0.200,35,5337
20,3.500,0.200,232,62445
20,3.500,0.200,196,30756
20,3.500,0.200,155,107595
20,3.500,0.200,2,1650
20,3.500,0.200,81,61988
20,3.500,0.200,30,13703
20,3.500,0.200,20,9174
20,3.500,0.200,195,28795
20,3.500,0.200,145,43478
20,3.500,0.200,5,4507
20,3.500,0.200,131,87570
20,3.500,0.200,40,10604
20,3.500,0.200,30,13597
20,3.500,0.200,121,11641
20,3.500,0.200,59,24094
20,3.500,0.200,4,8601
20,3.500,0.200,196,39088
20,3.500,0.200,14,31191
20,3.500,0.200,21,22166
20,3.500,0.200,6,9143
20,3.500,0.200,190,45125
20,3.500,0.200,99,38929
20,3.500,0.200,58,19514
20,3.500,0.200,627,47665
20,3.500,0.200,27,14363
20,3.500,0.200,22,6816
20,3.500,0.200,17,12982
20,3.500,0.200,42,27320
20,3.500,0.200,50,22377
20,3.500,0.200,70,19667
20,3.500,0.200,26,17025
20,3.500,0.200,70,16453
20,3.500,0.200,93,84653
20,3.500,0.200,402,118689
20,3.500,0.200,314,28731
20,3.500,0.200,28,22264
20,3.500,0.200,60,41548
20,3.500,0.200,3,7603
20,3.500,0.200,63,45888
20,3.500,0.200,90,11372
20,3.500,0.200,23,14181
20,3.500,0.200,153,38954
20,3.500,0.200,96,18618
20,3.500,0.200,33,31882
20,3.500,0.200,114,37190
20,3.500,0.200,51,9714
20,3.500,0.200,30,14039
20,3.500,0.200,43,7408
20,3.500,0.200,168,14863
20,3.500,0.200,90,6966
20,3.500,0.200,443,39876
20,3.500,0.200,6,749
20,3.500,0.200,79,10326
20,3.500,0.200,234,28925
20,3.500,0.200,59,7100
20,3.500,0.200,63,13847
20,3.500,0.200,1,1472
20,3.500,0.200,14,9590
20,3.500,0.200,5,24079
20,3.500,0.200,88,85719
20,3.500,0.200,87,12117
20,3.500,0.200,3,3900
20,3.500,0.200,27,10278
20,3.500,0.200,266,85032
20,3.500,0.200,164,52283
20,3.500,0.200,87,64021
20,3.500,0.200,144,17749
20,3.500,0.200,2,888
20,3.500,0.200,152,108645
20,3.500,0.200,52,17207
20,3.500,0.200,155,59970
20,3.500,0.200,21,55467
20,3.500,0.200,36,19155
20,3.500,0.200,126,9283
20,3.500,0.200,152,66452
20,3.500,0.200,47,36530
20,3.500,0.200,38,11110
20,3.500,0.200,26,12698
20,3.500,0.200,403,7348
20,3.500,0.200,24,8520
20,3.500,0.200,184,17529
20,3.500,0.200,28,8622
20,3.500,0.200,15,35494
20,3.500,0.200,55,8580
20,3.500,0.200,85,14171
20,3.500,0.200,238,77710
20,3.500,0.200,8,23335
20,3.500,0.200,307,77572
20,3.500,0.200,105,28372
20,3.500,0.200,2,547
20,3.500,0.200,211,68798
20,3.500,0.200,261,31875
20,3.500,0.200,186,82104
20,3.500,0.200,106,26985
20,3.500,0.200,50,6390
20,3.500,0.200,81,215222
20,3.500,0.200,8,4264
20,3.500,0.200,84,95087
20,3.500,0.200,6,1867
20,3.500,0.200,111,104630
20,3.500,0.500,63,114589
20,3.500,0.500,43,16082
20,3.500,0.500,9,972
20,3.500,0.500,32,12411
20,3.500,0.500,28,1065
20,3.500,0.500,62,95629
20,3.500,0.500,66,26995
20,3.500,0.500,43,8306
20,3.500,0.500,12,2513
20,3.500,0.500,46,134656
20,3.500,0.500,20,165738
20,3.500,0.500,143,30452
20,3.500,0.500,246,19903
20,3.500,0.500,165,23821
20,3.500,0.500,15,105095
20,3.500,0.500,52,1841
20,3.500,0.500,20,1811
20,3.500,0.500,2,6030
20,3.500,0.500,283,43141
20,3.500,0.500,36,9743
20,3.500,0.500,61,2825
20,3.500,0.500,113,204873
20,3.500,0.500,52,42003
20,3.500,0.500,9,2627
20,3.500,0.500,76,93862
20,3.500,0.500,183,18893
20,3.500,0.500,52,31217
20,3.500,0.500,7,55543
20,3.500,0.500,72,2887
20,3.500,0.500,41,22171
20,3.500,0.500,114,51195
20,3.500,0.500,79,28807
20,3.500,0.500,70,6433
20,3.500,0.500,116,12326
20,3.500,0.500,43,36996
20,3.500,0.500,48,42696
20,3.500,0.500,74,10222
20,3.500,0.500,527,56084
20,3.500,0.500,113,32459
20,3.500,0.500,144,48546
20,3.500,0.500,34,131230
20,3.500,0.500,202,82591
20,3.500,0.500,430,29701
20,3.500,0.500,6,7918
20,3.500,0.500,93,2167
20,3.500,0.500,18,15921
20,3.500,0.500,24,13785
20,3.500,0.500,66,3890
20,3.500,0.500,40,18833
20,3.500,0.500,5,6533
20,3.500,0.500,126,25214
20,3.500,0.500,78,34773
20,3.500,0.500,34,9049
20,3.500,0.500,31,19606
20,3.500,0.500,150,44471
20,3.500,0.500,71,21923
20,3.500,0.500,34,13643
20,3.500,0.500,11,2661
20,3.500,0.500,156,152594
20,3.500,0.500,18,77540
20,3.500,0.500,162,35980
20,3.500,0.500,85,2096
20,3.500,0.500,218,45834
20,3.500,0.500,64,99224
20,3.500,0.500,66,14187
20,3.500,0.500,20,15785
20,3.500,0.500,2,1957
20,3.500,0.500,280,43298
20,3.500,0.500,122,42962
20,3.500,0.500,30,32513
20,3.500,0.500,96,97434
20,3.500,0.500,53,11903
20,3.500,0.500,10,1441
20,3.500,0.500,23,59544
20,3.500,0.500,84,29313
20,3.500,0.500,271,14478
20,3.500,0.500,69,14714
20,3.500,0.500,83,84543
20,3.500,0.500,13,37448
20,3.500,0.500,141,95200
20,3.500,0.500,82,14865
20,3.500,0.500,136,8999
20,3.500,0.500,147,15195
20,3.500,0.500,12,3747
20,3.500,0.500,115,28318
20,3.500,0.500,184,131613
20,3.500,0.500,16,41169
20,3.500,0.500,22,6960
20,3.500,0.500,190,23590
20,3.500,0.500,87,12236
20,3.500,0.500,76,48553
20,3.500,0.500,155,24885
20,3.500,0.500,8,4387
20,3.500,0.500,81,17650
20,3.500,0.500,35,11006
20,3.500,0.500,54,34282
20,3.500,0.500,18,5850
20,3.500,0.500,182,25467
20,3.500,0.500,147,13908
20,3.500,0.500,75,58751
20,3.500,0.500,48,15232
20,3.500,0.500,104,10913
20,3.500,0.500,51,19720
20,3.500,0.500,7,19477
20,3.500,0.500,184,12816
20,3.500,0.500,6,19741
20,3.500,0.500,145,17799
20,3.500,0.500,32,55876
20,3.500,0.500,42,2247
20,3.500,0.500,238,105784
20,3.500,0.500,160,41318
20,3.500,0.500,114,12607
20,3.500,0.500,82,9917
20,3.500,0.500,33,3107
20,3.500,0.500,26,2415
20,3.500,0.500,21,22327
20,3.500,0.500,20,14823
20,3.500,0.500,123,10606
20,3.500,0.500,3,1587
20,3.500,0.500,113,9562
20,3.500,0.500,61,82460
20,3.500,0.500,14,59219
20,3.500,0.500,71,12992
20,3.500,0.500,130,11986
20,3.500,0.500,82,1561
20,3.500,0.500,257,12832
20,3.500,0.500,367,53259
20,3.500,0.500,121,11959
20,3.500,0.500,28,24026
20,3.500,0.500,12,18782
20,3.500,0.500,134,40257
20,3.500,0.500,10,14532
20,3.500,0.500,31,7167
20,3.500,0.500,230,51301
20,3.500,0.500,62,9128
20,3.500,0.500,82,1090
20,3.500,0.500,11,47146
20,3.500,0.500,27,32879
20,3.500,0.500,83,31794
20,3.500,0.500,221,26619
20,3.500,0.500,72,8318
20,3.500,0.500,17,14632
20,3.500,0.500,32,10012
20,3.500,0.500,14,19480
20,3.500,0.500,41,3429
20,3.500,0.500,20,8173
20,3.500,0.500,24,7345
20,3.500,0.500,48,33349
20,3.500,0.500,156,7100
20,3.500,0.500,5,1077
20,3.500,0.500,152,35771
20,3.500,0.500,21,12706
20,3.500,0.500,3,33556
20,3.500,0.500,19,8133
20,3.500,0.500,44,1376
20,3.500,0.500,87,49533
20,3.500,0.500,31,5030
20,3.500,0.500,85,30708
20,3.500,0.500,191,126258
20,3.500,0.500,331,74419
20,3.500,0.500,34,139787
20,3.500,0.500,18,12202
20,3.500,0.500,78,6073
20,3.500,0.500,104,14275
20,3.500,0.500,20,10779
20,3.500,0.500,28,8908
20,3.500,0.500,36,23112
20,3.500,0.500,38,10288
20,3.500,0.500,33,33272
20,3.500,0.500,90,11668
20,3.500,0.500,28,6890
20,3.500,0.500,276,32677
20,3.500,0.500,373,73265
20,3.500,0.500,45,9702
20,3.500,0.500,138,40237
20,3.500,0.500,19,15604
20,3.500,0.500,96,24028
20,3.500,0.500,86,16069
20,3.500,0.500,3,1591
20,3.500,0.500,91,19467
20,3.500,0.500,17,10752
20,3.500,0.500,16,4977
20,3.500,0.500,111,217992
20,3.500,0.500,52,934
20,3.500,0.500,150,3015
20,3.500,0.500,35,37638
20,3.500,0.500,28,59896
20,3.500,0.500,27,56403
20,3.500,0.500,109,225888
20,3.500,0.500,58,23650
20,3.500,0.500,50,7339
20,3.500,0.500,4,4419
20,3.500,0.500,104,29661
20,3.500,0.500,46,1300
20,3.500,0.500,122,34345
20,3.500,0.500,64,25783
20,3.500,0.500,38,13062
20,3.500,0.500,5,6417
20,3.500,0.500,161,19440
20,3.500,0.500,9,75450
20,3.500,0.500,70,26179
20,3.500,0.500,63,31541
20,3.500,0.500,59,40647
20,3.500,0.500,422,40114
20,3.500,0.500,33,6885
20,3.500,0.500,29,3333
20,3.500,0.500,101,95142
20,3.500,0.500,51,8836
20,3.500,0.500,29,61608
20,3.500,0.500,13,33539
20,3.500,0.500,4,6580
20,3.500,0.500,145,7699
20,3.500,0.500,112,24535
20,3.500,0.500,86,322177
20,3.500,0.500,165,7191
20,3.500,0.500,106,23817
20,3.500,0.500,299,7468
20,3.500,0.500,31,36336
20,3.500,0.500,12,4563
20,3.500,0.500,234,13864
20,3.500,0.500,241,13477
20,3.500,0.500,195,55778
20,3.500,0.500,32,2573
20,3.500,0.500,410,127460
20,3.500,0.500,8,9257
20,3.500,0.500,186,22935
20,3.500,0.500,26,15500
20,3.500,0.500,10,4696
20,3.500,0.500,40,13961
20,3.500,0.500,115,50830
20,3.500,0.500,203,30231
20,3.500,0.500,179,78040
20,3.500,0.500,73,7066
20,3.500,0.500,35,5252
20,3.500,0.500,21,9286
20,3.500,0.500,583,76228
20,3.500,0.500,172,20846
20,3.500,0.500,6,647
20,3.500,0.500,150,63928
20,3.500,0.500,55,17678
20,3.500,0.500,24,9151
20,3.500,0.500,254,95459
20,3.500,0.500,89,27696
20,3.500,0.500,223,121956
20,3.500,0.500,15,18939
20,3.500,0.500,264,1814
20,3.500,0.500,101,17039
20,3.500,0.500,70,73497
20,3.500,0.500,19,46348
20,3.500,0.500,81,238683
20,3.500,0.500,32,23467
20,3.500,0.500,39,69105
20,3.500,0.500,51,44041
20,3.500,0.500,26,8935
20,3.500,0.500,27,19941
20,3.500,0.500,80,33176
20,3.500,0.500,5,7680
20,3.500,0.500,117,41307
20,3.500,0.500,5,2735
20,3.500,0.500,193,35317
20,3.500,0.500,21,26484
20,3.500,0.500,13,1454
20,3.500,0.500,78,35275
20,3.500,0.500,56,8605
20,3.500,0.500,29,69149
20,3.500,0.500,23,3204
20,3.500,0.500,45,31393
20,3.500,0.500,137,26627
20,3.500,0.500,24,8786
20,3.500,0.500,21,11565
20,3.500,0.500,127,51248
20,3.500,0.500,104,87379
20,3.500,0.500,29,14091
20,3.500,0.500,3,1191
20,3.500,0.500,22,3678
20,3.500,0.500,96,33459
20,3.500,0.500,46,16366
20,3.500,0.500,7,14148
20,3.500,0.500,452,23661
20,3.500,0.500,16,20958
20,3.500,0.500,107,6330
20,3.500,0.500,102,21704
20,3.500,0.500,92,23624
20,3.500,0.500,12,2754
20,3.500,0.500,20,25410
20,3.500,0.500,23,20155
20,3.500,0.500,14,9108
20,3.500,0.500,46,11720
20,3.500,0.500,38,7831
20,3.500,0.500,108,15034
20,3.500,0.500,39,8387
20,3.500,0.500,297,79228
20,3.500,0.500,28,5996
20,3.500,0.500,35,13070
20,3.500,0.500,111,36011
20,3.500,0.500,64,33862
20,3.500,0.750,24,31327
20,3.500,0.750,56,22620
20,3.500,0.750,173,6606
20,3.500,0.750,92,49607
20,3.500,0.750,139,17164
20,3.500,0.750,49,16596
20,3.500,0.750,4,533
20,3.500,0.750,103,28043
20,3.500,0.750,184,18496
20,3.500,0.750,870,30929
20,3.500,0.750,14,5292
20,3.500,0.750,57,34723
20,3.500,0.750,89,16352
20,3.500,0.750,168,49073
20,3.500,0.750,36,154583
20,3.500,0.750,45,22814
20,3.500,0.750,147,93040
20,3.500,0.750,87,157088
20,3.500,0.750,10,85504
20,3.500,0.750,233,27001
20,3.500,0.750,134,31567
20,3.500,0.750,37,15508
20,3.500,0.750,22,3323
20,3.500,0.750,10,2439
20,3.500,0.750,14,25157
20,3.500,0.750,236,5787
20,3.500,0.750,4,990
20,3.500,0.750,35,4542
20,3.500,0.750,41,28645
20,3.500,0.750,409,98108
20,3.500,0.750,47,7135
20,3.500,0.750,15,1575
20,3.500,0.750,12,1789
20,3.500,0.750,101,14015
20,3.500,0.750,31,27701
20,3.500,0.750,3,5164
20,3.500,0.750,59,5632
20,3.500,0.750,89,53440
20,3.500,0.750,74,63897
20,3.500,0.750,95,16913
20,3.500,0.750,44,11495
20,3.500,0.750,72,22792
20,3.500,0.750,67,12859
20,3.500,0.750,100,70562
20,3.500,0.750,115,23469
20,3.500,0.750,64,59569
20,3.500,0.750,135,17933
20,3.500,0.750,16,27684
20,3.500,0.750,75,32060
20,3.500,0.750,109,29440
20,3.500,0.750,6,7927
20,3.500,0.750,2,1673
20,3.500,0.750,93,35484
20,3.500,0.750,2,1736
20,3.500,0.750,69,32618
20,3.500,0.750,150,75781
20,3.500,0.750,142,39377
20,3.500,0.750,53,8348
20,3.500,0.750,21,26835
20,3.500,0.750,95,48305
20,3.500,0.750,413,17245
20,3.500,0.750,33,30709
20,3.500,0.750,46,8775
20,3.500,0.750,144,41802
20,3.500,0.750,57,179570
20,3.500,0.750,312,85390
20,3.500,0.750,138,38350
20,3.500,0.750,356,33668
20,3.500,0.750,69,48038
20,3.500,0.750,21,2769
20,3.500,0.750,159,49765
20,3.500,0.750,96,27839
20,3.500,0.750,130,5414
20,3.500,0.750,37,10117
20,3.500,0.750,120,45458
20,3.500,0.750,23,16680
20,3.500,0.750,41,49197
20,3.500,0.750,74,17447
20,3.500,0.750,29,30421
20,3.500,0.750,181,24758
20,3.500,0.750,9,4322
20,3.500,0.750,52,41539
20,3.500,0.750,172,62569
20,3.500,0.750,4,1908
20,3.500,0.750,90,24714
20,3.500,0.750,1,1479
20,3.500,0.750,46,162373
20,3.500,0.750,60,25427
20,3.500,0.750,90,62333
20,3.500,0.750,187,36929
20,3.500,0.750,76,49708
20,3.500,0.750,98,7344
20,3.500,0.750,24,5606
20,3.500,0.750,38,55559
20,3.500,0.750,26,8790
20,3.500,0.750,151,17173
20,3.500,0.750,65,87960
20,3.500,0.750,2,310
20,3.500,0.750,14,2633
20,3.500,0.750,64,67113
20,3.500,0.750,8,49683
20,3.500,0.750,10,13088
20,3.500,0.750,65,6441
20,3.500,0.750,48,44099
20,3.500,0.750,18,17406
20,3.500,0.750,22,1840
20,3.500,0.750,84,22995
20,3.500,0.750,50,32136
20,3.500,0.750,7,4413
20,3.500,0.750,201,189296
20,3.500,0.750,26,24843
20,3.500,0.750,49,11626
20,3.500,0.750,23,55879
20,3.500,0.750,146,6228
20,3.500,0.750,152,38713
20,3.500,0.750,52,15003
20,3.500,0.750,108,57826
20,3.500,0.750,199,42998
20,3.500,0.750,175,117601
20,3.500,0.750,24,3390
20,3.500,0.750,35,31412
20,3.500,0.750,70,22990
20,3.500,0.750,52,18897
20,3.500,0.750,132,5100
20,3.500,0.750,33,8088
20,3.500,0.750,162,65818
20,3.500,0.750,75,74669
20,3.500,0.750,154,10126
20,3.500,0.750,62,16341
20,3.500,0.750,48,49508
20,3.500,0.750,91,27398
20,3.500,0.750,25,17488
20,3.500,0.750,62,5723
20,3.500,0.750,38,19808
20,3.500,0.750,39,61320
20,3.500,0.750,12,18560
20,3.500,0.750,20,20517
20,3.500,0.750,158,25739
20,3.500,0.750,277,68487
20,3.500,0.750,48,13552
20,3.500,0.750,83,6678
20,3.500,0.750,69,40574
20,3.500,0.750,80,24344
20,3.500,0.750,23,7987
20,3.500,0.750,94,17820
20,3.500,0.750,18,8256
20,3.500,0.750,115,27511
20,3.500,0.750,95,55785
20,3.500,0.750,68,37821
20,3.500,0.750,256,132474
20,3.500,0.750,73,19400
20,3.500,0.750,11,3127
20,3.500,0.750,68,7169
20,3.500,0.750,74,60638
20,3.500,0.750,14,15153
20,3.500,0.750,278,23528
20,3.500,0.750,69,214444
20,3.500,0.750,87,48838
20,3.500,0.750,58,13849
20,3.500,0.750,67,25387
20,3.500,0.750,50,119200
20,3.500,0.750,6,3330
20,3.500,0.750,27,15057
20,3.500,0.750,132,10108
20,3.500,0.750,60,7198
20,3.500,0.750,56,78250
20,3.500,0.750,162,15131
20,3.500,0.750,240,35182
20,3.500,0.750,13,9743
20,3.500,0.750,3,44640
20,3.500,0.750,19,4483
20,3.500,0.750,56,4226
20,3.500,0.750,178,8706
20,3.500,0.750,123,3522
20,3.500,0.750,74,102946
20,3.500,0.750,101,17213
20,3.500,0.750,40,59897
20,3.500,0.750,314,108888
20,3.500,0.750,63,42900
20,3.500,0.750,8,66892
20,3.500,0.750,22,1824
20,3.500,0.750,96,124002
20,3.500,0.750,41,66831
20,3.500,0.750,49,22834
20,3.500,0.750,976,78823
20,3.500,0.750,71,19898
20,3.500,0.750,132,55696
20,3.500,0.750,9,3326
20,3.500,0.750,9,2658
20,3.500,0.750,201,51245
20,3.500,0.750,156,59809
20,3.500,0.750,52,13398
20,3.500,0.750,12,3524
20,3.500,0.750,90,13502
20,3.500,0.750,16,7435
20,3.500,0.750,37,24120
20,3.500,0.750,288,11886
20,3.500,0.750,29,65402
20,3.500,0.750,51,143645
20,3.500,0.750,107,40612
20,3.500,0.750,1,1801
20,3.500,0.750,32,40187
20,3.500,0.750,161,42096
20,3.500,0.750,31,56188
20,3.500,0.750,61,6372
20,3.500,0.750,48,4715
20,3.500,0.750,102,73789
20,3.500,0.750,52,12579
20,3.500,0.750,267,66927
20,3.500,0.750,25,140136
20,3.500,0.750,56,50094
20,3.500,0.750,73,17040
20,3.500,0.750,88,29808
20,3.500,0.750,129,30196
20,3.500,0.750,5,11897
20,3.500,0.750,223,111620
20,3.500,0.750,73,120783
20,3.500,0.750,17,17273
20,3.500,0.750,22,8023
20,3.500,0.750,6,1149
20,3.500,0.750,25,4066
20,3.500,0.750,65,5086
20,3.500,0.750,24,53928
20,3.500,0.750,87,62340
20,3.500,0.750,195,10614
20,3.500,0.750,28,9070
20,3.500,0.750,51,75796
20,3.500,0.750,47,60039
20,3.500,0.750,114,59237
20,3.500,0.750,209,25872
20,3.500,0.750,52,43147
20,3.500,0.750,24,33948
20,3.500,0.750,29,39117
20,3.500,0.750,27,20379
20,3.500,0.750,154,15635
20,3.500,0.750,50,27388
20,3.500,0.750,115,24200
20,3.500,0.750,456,47599
20,3.500,0.750,20,4063
20,3.500,0.750,8,3581
20,3.500,0.750,84,15927
20,3.500,0.750,11,17047
20,3.500,0.750,46,23155
20,3.500,0.750,119,15184
20,3.500,0.750,33,29520
20,3.500,0.750,14,12903
20,3.500,0.750,25,7297
20,3.500,0.750,173,26734
20,3.500,0.750,20,12962
20,3.500,0.750,82,40085
20,3.500,0.750,25,6063
20,3.500,0.750,265,175010
20,3.500,0.750,57,72115
20,3.500,0.750,167,31825
20,3.500,0.750,28,31544
20,3.500,0.750,166,18778
20,3.500,0.750,152,36483
20,3.500,0.750,145,46833
20,3.500,0.750,138,25239
20,3.500,0.750,144,28431
20,3.500,0.750,87,18347
20,3.500,0.750,144,28247
20,3.500,0.750,88,21519
20,3.500,0.750,91,23693
20,3.500,0.750,128,3640
20,3.500,0.750,22,13105
20,3.500,0.750,30,1537
20,3.500,0.750,7,34220
20,3.500,0.750,53,9134
20,3.500,0.750,109,19822
20,3.500,0.750,45,12642
20,3.500,0.750,120,105769
20,3.500,0.750,304,10894
20,3.500,0.750,9,36126
20,3.500,0.750,72,24622
20,3.500,0.750,22,4278
20,3.500,0.750,74,21888
20,3.500,0.750,169,50111
20,3.500,0.750,217,28707
20,3.500,0.750,352,40262
20,3.500,0.750,16,41934
20,3.500,0.750,282,31029
20,3.500,0.750,95,16298
20,3.500,0.750,110,43982
20,3.500,0.750,2,2414
20,3.500,0.750,103,13823
20,3.500,0.750,38,60343
20,3.500,0.750,42,8807
20,3.500,0.750,9,12133
20,3.500,0.750,8,771
20,3.500,0.750,22,1569
20,3.500,0.750,9,12320
20,3.500,0.750,13,7201
20,3.500,0.750,13,41682
20,3.500,0.900,32,7912
20,3.500,0.900,57,58561
20,3.500,0.900,7,3759
20,3.500,0.900,144,23527
20,3.500,0.900,13,3755
20,3.500,0.900,178,144847
20,3.500,0.900,45,74917
20,3.500,0.900,27,28375
20,3.500,0.900,33,10384
20,3.500,0.900,38,24796
20,3.500,0.900,7,50068
20,3.500,0.900,14,3471
20,3.500,0.900,50,19980
20,3.500,0.900,115,114687
20,3.500,0.900,105,17541
20,3.500,0.900,63,15470
20,3.500,0.900,38,42071
20,3.500,0.900,11,10022
20,3.500,0.900,256,28279
20,3.500,0.900,13,15772
20,3.500,0.900,69,5341
20,3.500,0.900,54,5813
20,3.500,0.900,9,30060
20,3.500,0.900,15,15278
20,3.500,0.900,86,19261
20,3.500,0.900,8,772
20,3.500,0.900,29,59990
20,3.500,0.900,29,14989
20,3.500,0.900,408,17934
20,3.500,0.900,24,2352
20,3.500,0.900,143,98759
20,3.500,0.900,65,25799
20,3.500,0.900,19,22944
20,3.500,0.900,54,23004
20,3.500,0.900,15,13728
20,3.500,0.900,58,5535
20,3.500,0.900,154,40964
20,3.500,0.900,39,13833
20,3.500,0.900,35,32163
20,3.500,0.900,187,92499
20,3.500,0.900,18,4344
20,3.500,0.900,140,31099
20,3.500,0.900,88,279434
20,3.500,0.900,32,21272
20,3.500,0.900,74,12587
20,3.500,0.900,1152,50545
20,3.500,0.900,116,22094
20,3.500,0.900,27,12050
20,3.500,0.900,17,1653
20,3.500,0.900,26,10473
20,3.500,0.900,12,1718
20,3.500,0.900,15,2963
20,3.500,0.900,98,8190
20,3.500,0.900,78,14120
20,3.500,0.900,96,15326
20,3.500,0.900,164,46972
20,3.500,0.900,124,7293
20,3.500,0.900,144,13120
20,3.500,0.900,14,3321
20,3.500,0.900,100,31450
20,3.500,0.900,320,26719
20,3.500,0.900,49,13170
20,3.500,0.900,148,8011
20,3.500,0.900,47,25551
20,3.500,0.900,4,5211
20,3.500,0.900,13,2191
20,3.500,0.900,167,12339
20,3.500,0.900,20,12076
20,3.500,0.900,64,9828
20,3.500,0.900,35,153634
20,3.500,0.900,23,11723
20,3.500,0.900,319,167137
20,3.500,0.900,22,80665
20,3.500,0.900,90,3672
20,3.500,0.900,74,37494
20,3.500,0.900,486,50931
20,3.500,0.900,203,38628
20,3.500,0.900,32,12678
20,3.500,0.900,143,12384
20,3.500,0.900,151,42683
20,3.500,0.900,12,74870
20,3.500,0.900,81,9081
20,3.500,0.900,69,9148
20,3.500,0.900,18,4151
20,3.500,0.900,45,46996
20,3.500,0.900,117,15183
20,3.500,0.900,336,146110
20,3.500,0.900,24,6023
20,3.500,0.900,464,172808
20,3.500,0.900,24,10034
20,3.500,0.900,215,27575
20,3.500,0.900,40,51906
20,3.500,0.900,81,14106
20,3.500,0.900,67,5043
20,3.500,0.900,67,10027
20,3.500,0.900,53,18269
20,3.500,0.900,34,37488
20,3.500,0.900,13,9033
20,3.500,0.900,45,8694
20,3.500,0.900,24,60194
20,3.500,0.900,46,2836
20,3.500,0.900,66,28759
20,3.500,0.900,91,66399
20,3.500,0.900,4,309
20,3.500,0.900,14,3055
20,3.500,0.900,18,11678
20,3.500,0.900,18,62163
20,3.500,0.900,244,30849
20,3.500,0.900,52,50835
20,3.500,0.900,321,27295
20,3.500,0.900,110,17845
20,3.500,0.900,59,29115
20,3.500,0.900,52,17631
20,3.500,0.900,7,13619
20,3.500,0.900,39,21906
20,3.500,0.900,506,50668
20,3.500,0.900,52,24430
20,3.500,0.900,105,94875
20,3.500,0.900,258,23941
20,3.500,0.900,408,21993
20,3.500,0.900,54,3970
20,3.500,0.900,71,18487
20,3.500,0.900,2,405
20,3.500,0.900,144,7414
20,3.500,0.900,29,11060
20,3.500,0.900,39,11804
20,3.500,0.900,65,23645
20,3.500,0.900,99,49891
20,3.500,0.900,22,8830
20,3.500,0.900,142,81842
20,3.500,0.900,15,3622
20,3.500,0.900,365,88584
20,3.500,0.900,72,73291
20,3.500,0.900,126,122960
20,3.500,0.900,1,1771
20,3.500,0.900,158,22399
20,3.500,0.900,99,13199
20,3.500,0.900,69,19488
20,3.500,0.900,195,6242
20,3.500,0.900,65,34437
20,3.500,0.900,53,6604
20,3.500,0.900,810,26148
20,3.500,0.900,209,21790
20,3.500,0.900,21,7649
20,3.500,0.900,8,19386
20,3.500,0.900,152,89463
20,3.500,0.900,24,8156
20,3.500,0.900,296,72370
20,3.500,0.900,178,80539
20,3.500,0.900,102,15381
20,3.500,0.900,37,20642
20,3.500,0.900,81,29024
20,3.500,0.900,51,13374
20,3.500,0.900,120,14015
20,3.500,0.900,111,11195
20,3.500,0.900,72,5361
20,3.500,0.900,66,43074
20,3.500,0.900,2,2509
20,3.500,0.900,50,13659
20,3.500,0.900,52,14364
20,3.500,0.900,392,60519
20,3.500,0.900,192,62408
20,3.500,0.900,79,9842
20,3.500,0.900,22,15403
20,3.500,0.900,733,34768
20,3.500,0.900,179,11460
20,3.500,0.900,110,36491
20,3.500,0.900,22,101427
20,3.500,0.900,145,27697
20,3.500,0.900,35,12152
20,3.500,0.900,114,34426
20,3.500,0.900,282,17214
20,3.500,0.900,14,4351
20,3.500,0.900,250,209394
20,3.500,0.900,18,19212
20,3.500,0.900,33,1492
20,3.500,0.900,6,6839
20,3.500,0.900,17,10197
20,3.500,0.900,149,35254
20,3.500,0.900,30,12012
20,3.500,0.900,85,76383
20,3.500,0.900,226,33137
20,3.500,0.900,44,19907
20,3.500,0.900,92,70514
20,3.500,0.900,9,16642
20,3.500,0.900,117,74588
20,3.500,0.900,78,64191
20,3.500,0.900,62,4317
20,3.500,0.900,12,11925
20,3.500,0.900,162,106990
20,3.500,0.900,581,11652
20,3.500,0.900,3,9644
20,3.500,0.900,3,8543
20,3.500,0.900,84,88730
20,3.500,0.900,34,123894
20,3.500,0.900,6,916
20,3.500,0.900,87,10329
20,3.500,0.900,121,21746
20,3.500,0.900,1,6197
20,3.500,0.900,20,2783
20,3.500,0.900,7,9639
20,3.500,0.900,32,7763
20,3.500,0.900,165,30838
20,3.500,0.900,5,5324
20,3.500,0.900,78,11796
20,3.500,0.900,30,4400
20,3.500,0.900,45,17082
20,3.500,0.900,22,9331
20,3.500,0.900,29,24615
20,3.500,0.900,173,47588
20,3.500,0.900,21,3361
20,3.500,0.900,87,64521
20,3.500,0.900,193,109465
20,3.500,0.900,36,26151
20,3.500,0.900,180,26934
20,3.500,0.900,135,67976
20,3.500,0.900,111,54442
20,3.500,0.900,24,90008
20,3.500,0.900,8,983
20,3.500,0.900,120,19794
20,3.500,0.900,26,25671
20,3.500,0.900,109,21839
20,3.500,0.900,29,3376
20,3.500,0.900,51,22217
20,3.500,0.900,193,11784
20,3.500,0.900,141,40460
20,3.500,0.900,88,26908
20,3.500,0.900,44,24975
20,3.500,0.900,259,2197
20,3.500,0.900,128,39089
20,3.500,0.900,56,4886
20,3.500,0.900,9,10152
20,3.500,0.900,210,39559
20,3.500,0.900,67,29182
20,3.500,0.900,94,61773
20,3.500,0.900,77,193435
20,3.500,0.900,20,2826
20,3.500,0.900,152,33209
20,3.500,0.900,37,4545
20,3.500,0.900,151,39000
20,3.500,0.900,23,20158
20,3.500,0.900,7,1101
20,3.500,0.900,14,3095
20,3.500,0.900,34,6804
20,3.500,0.900,182,13830
20,3.500,0.900,9,9443
20,3.500,0.900,1,4319
20,3.500,0.900,26,10324
20,3.500,0.900,233,90674
20,3.500,0.900,11,15452
20,3.500,0.900,53,24696
20,3.500,0.900,52,24527
20,3.500,0.900,97,30902
20,3.500,0.900,92,17975
20,3.500,0.900,40,29075
20,3.500,0.900,90,7078
20,3.500,0.900,212,35233
20,3.500,0.900,5,10931
20,3.500,0.900,60,122102
20,3.500,0.900,186,151451
20,3.500,0.900,37,113573
20,3.500,0.900,35,17722
20,3.500,0.900,207,29333
20,3.500,0.900,27,44118
20,3.500,0.900,129,63209
20,3.500,0.900,39,5879
20,3.500,0.900,39,11985
20,3.500,0.900,52,44275
20,3.500,0.900,12,4891
20,3.500,0.900,14,35522
20,3.500,0.900,25,47708
20,3.500,0.900,11,31506
20,3.500,0.900,33,7974
20,3.500,0.900,37,23902
20,3.500,0.900,287,59684
20,3.500,0.900,7,2915
20,3.500,0.900,26,6093
20,3.500,0.900,105,13166
20,3.500,0.900,174,19750
20,3.500,0.900,79,14890
20,3.500,0.900,183,103986
20,3.500,0.900,94,11239
20,3.500,0.900,82,34590
20,3.500,0.900,62,20843
20,3.500,0.900,20,14680
20,3.500,0.900,58,19901
20,3.500,0.900,18,7046
20,3.500,0.900,9,8525
20,3.500,0.900,56,8177
20,3.500,0.900,115,133345
20,3.500,0.950,260,19545
20,3.500,0.950,83,15663
20,3.500,0.950,108,29426
20,3.500,0.950,95,15400
20,3.500,0.950,30,53636
20,3.500,0.950,29,31974
20,3.500,0.950,321,53539
20,3.500,0.950,26,15264
20,3.500,0.950,7,741
20,3.500,0.950,41,54253
20,3.500,0.950,45,40717
20,3.500,0.950,18,44443
20,3.500,0.950,3,3120
20,3.500,0.950,218,53279
20,3.500,0.950,20,6848
20,3.500,0.950,212,64223
20,3.500,0.950,223,50379
20,3.500,0.950,36,42974
20,3.500,0.950,11,23372
20,3.500,0.950,219,51474
20,3.500,0.950,231,37833
20,3.500,0.950,7,7666
20,3.500,0.950,15,13885
20,3.500,0.950,4,6187
20,3.500,0.950,24,12168
20,3.500,0.950,6,1560
20,3.500,0.950,96,42992
20,3.500,0.950,76,14035
20,3.500,0.950,26,1755
20,3.500,0.950,17,20571
20,3.500,0.950,154,5831
20,3.500,0.950,56,3767
20,3.500,0.950,83,40719
20,3.500,0.950,56,6363
20,3.500,0.950,44,7042
20,3.500,0.950,184,22798
20,3.500,0.950,3,912
20,3.500,0.950,23,21549
20,3.500,0.950,81,50580
20,3.500,0.950,4,8126
20,3.500,0.950,111,29255
20,3.500,0.950,24,3020
20,3.500,0.950,36,8221
20,3.500,0.950,48,6311
20,3.500,0.950,16,8461
20,3.500,0.950,26,4480
20,3.500,0.950,17,5260
20,3.500,0.950,11,1351
20,3.500,0.950,95,16281
20,3.500,0.950,70,90656
20,3.500,0.950,12,1679
20,3.500,0.950,63,10626
20,3.500,0.950,283,27481
20,3.500,0.950,14,24072
20,3.500,0.950,201,11103
20,3.500,0.950,142,47846
20,3.500,0.950,59,17554
20,3.500,0.950,79,38296
20,3.500,0.950,6,55874
20,3.500,0.950,25,1595
20,3.500,0.950,102,34998
20,3.500,0.950,269,60226
20,3.500,0.950,59,16743
20,3.500,0.950,5,27543
20,3.500,0.950,59,39781
20,3.500,0.950,38,12834
20,3.500,0.950,110,83642
20,3.500,0.950,62,17365
20,3.500,0.950,29,20378
20,3.500,0.950,28,58906
20,3.500,0.950,4,87
20,3.500,0.950,23,4856
20,3.500,0.950,7,812
20,3.500,0.950,84,19814
20,3.500,0.950,152,316306
20,3.500,0.950,12,1595
20,3.500,0.950,31,9522
20,3.500,0.950,16,1584
20,3.500,0.950,151,22679
20,3.500,0.950,11,11739
20,3.500,0.950,12,71140
20,3.500,0.950,124,35595
20,3.500,0.950,103,42093
20,3.500,0.950,39,37811
20,3.500,0.950,23,40157
20,3.500,0.950,50,22517
20,3.500,0.950,234,80403
20,3.500,0.950,48,5351
20,3.500,0.950,37,10949
20,3.500,0.950,116,28305
20,3.500,0.950,87,66517
20,3.500,0.950,44,3805
20,3.500,0.950,181,91297
20,3.500,0.950,2,3132
20,3.500,0.950,46,18347
20,3.500,0.950,42,11941
20,3.500,0.950,16,29004
20,3.500,0.950,69,5053
20,3.500,0.950,146,102995
20,3.500,0.950,57,31271
20,3.500,0.950,38,15227
20,3.500,0.950,33,17228
20,3.500,0.950,108,9960
20,3.500,0.950,4,1316
20,3.500,0.950,6,3029
20,3.500,0.950,56,16715
20,3.500,0.950,137,105681
20,3.500,0.950,83,10457
20,3.500,0.950,14,102207
20,3.500,0.950,199,15729
20,3.500,0.950,270,122012
20,3.500,0.950,281,37922
20,3.500,0.950,712,45814
20,3.500,0.950,17,3559
20,3.500,0.950,40,3638
20,3.500,0.950,133,20362
20,3.500,0.950,38,4507
20,3.500,0.950,95,98847
20,3.500,0.950,82,14349
20,3.500,0.950,5,26793
20,3.500,0.950,61,6783
20,3.500,0.950,57,24397
20,3.500,0.950,206,31265
20,3.500,0.950,217,71421
20,3.500,0.950,7,5853
20,3.500,0.950,74,57382
20,3.500,0.950,30,19968
20,3.500,0.950,44,4655
20,3.500,0.950,116,12813
20,3.500,0.950,15,3843
20,3.500,0.950,117,9264
20,3.500,0.950,8,12877
20,3.500,0.950,17,34712
20,3.500,0.950,62,28244
20,3.500,0.950,351,33419
20,3.500,0.950,34,22823
20,3.500,0.950,125,47840
20,3.500,0.950,476,32649
20,3.500,0.950,60,22989
20,3.500,0.950,31,5698
20,3.500,0.950,69,8856
20,3.500,0.950,66,58379
20,3.500,0.950,54,26196
20,3.500,0.950,3,1152
20,3.500,0.950,9,13115
20,3.500,0.950,9,25730
20,3.500,0.950,127,15502
20,3.500,0.950,5,17942
20,3.500,0.950,34,29276
20,3.500,0.950,16,2296
20,3.500,0.950,53,29365
20,3.500,0.950,36,5807
20,3.500,0.950,52,6203
20,3.500,0.950,49,27383
20,3.500,0.950,171,38805
20,3.500,0.950,9,7707
20,3.500,0.950,28,8751
20,3.500,0.950,283,151470
20,3.500,0.950,136,66519
20,3.500,0.950,233,29857
20,3.500,0.950,44,26946
20,3.500,0.950,3,468
20,3.500,0.950,34,48571
20,3.500,0.950,43,18240
20,3.500,0.950,126,60917
20,3.500,0.950,4,30099
20,3.500,0.950,216,39669
20,3.500,0.950,70,363388
20,3.500,0.950,63,5002
20,3.500,0.950,161,49584
20,3.500,0.950,197,69385
20,3.500,0.950,156,164188
20,3.500,0.950,17,8705
20,3.500,0.950,8,2699
20,3.500,0.950,168,28906
20,3.500,0.950,23,3697
20,3.500,0.950,68,18176
20,3.500,0.950,130,37036
20,3.500,0.950,7,7854
20,3.500,0.950,127,118145
20,3.500,0.950,95,25511
20,3.500,0.950,77,19221
20,3.500,0.950,151,11597
20,3.500,0.950,21,20943
20,3.500,0.950,50,13793
20,3.500,0.950,34,32532
20,3.500,0.950,8,23192
20,3.500,0.950,36,23345
20,3.500,0.950,192,54228
20,3.500,0.950,25,5469
20,3.500,0.950,116,74596
20,3.500,0.950,34,14227
20,3.500,0.950,73,10175
20,3.500,0.950,281,33532
20,3.500,0.950,96,37154
20,3.500,0.950,157,45011
20,3.500,0.950,184,25306
20,3.500,0.950,67,56050
20,3.500,0.950,24,4726
20,3.500,0.950,76,34762
20,3.500,0.950,82,9036
20,3.500,0.950,41,4371
20,3.500,0.950,6,3415
20,3.500,0.950,217,82645
20,3.500,0.950,16,11693
20,3.500,0.950,84,86458
20,3.500,0.950,13,18052
20,3.500,0.950,9,13621
20,3.500,0.950,111,26832
20,3.500,0.950,188,7144
20,3.500,0.950,54,89008
20,3.500,0.950,8,2904
20,3.500,0.950,105,10754
20,3.500,0.950,28,9864
20,3.500,0.950,27,14121
20,3.500,0.950,77,17930
20,3.500,0.950,55,17345
20,3.500,0.950,46,63686
20,3.500,0.950,139,53128
20,3.500,0.950,91,50407
20,3.500,0.950,145,73515
20,3.500,0.950,76,15541
20,3.500,0.950,19,51023
20,3.500,0.950,38,58272
20,3.500,0.950,20,14518
20,3.500,0.950,32,8275
20,3.500,0.950,109,51043
20,3.500,0.950,78,25966
20,3.500,0.950,12,3458
20,3.500,0.950,36,23308
20,3.500,0.950,31,73368
20,3.500,0.950,76,37490
20,3.500,0.950,30,2983
20,3.500,0.950,20,50921
20,3.500,0.950,2,1687
20,3.500,0.950,129,31909
20,3.500,0.950,95,34964
20,3.500,0.950,30,2638
20,3.500,0.950,53,24627
20,3.500,0.950,134,35678
20,3.500,0.950,43,8242
20,3.500,0.950,65,42810
20,3.500,0.950,52,39810
20,3.500,0.950,25,70142
20,3.500,0.950,30,24134
20,3.500,0.950,23,66443
20,3.500,0.950,217,29125
20,3.500,0.950,92,26435
20,3.500,0.950,17,13703
20,3.500,0.950,83,23627
20,3.500,0.950,2,2136
20,3.500,0.950,29,19661
20,3.500,0.950,66,69458
20,3.500,0.950,2,485
20,3.500,0.950,79,33850
20,3.500,0.950,84,99520
20,3.500,0.950,32,25557
20,3.500,0.950,57,30126
20,3.500,0.950,44,7486
20,3.500,0.950,581,35978
20,3.500,0.950,63,20963
20,3.500,0.950,54,8486
20,3.500,0.950,57,75557
20,3.500,0.950,115,36985
20,3.500,0.950,71,48063
20,3.500,0.950,51,27801
20,3.500,0.950,48,32241
20,3.500,0.950,53,27208
20,3.500,0.950,104,14227
20,3.500,0.950,48,2493
20,3.500,0.950,112,40209
20,3.500,0.950,38,24970
20,3.500,0.950,275,89931
20,3.500,0.950,5,5949
20,3.500,0.950,3,6656
20,3.500,0.950,212,14012
20,3.500,0.950,184,19199
20,3.500,0.950,47,9640
20,3.500,0.950,14,14161
20,3.500,0.950,12,6917
20,3.500,0.950,193,23824
20,3.500,0.950,15,11413
20,3.500,0.950,136,48400
20,3.500,0.950,1,8023
20,3.500,0.950,36,66958
20,3.500,0.950,141,77554
20,3.500,0.950,38,2371
20,3.500,0.950,17,15622
20,3.500,0.950,115,122807
20,3.500,0.950,15,6194
20,3.500,0.950,14,32241
20,3.500,0.950,230,40891
20,3.500,0.950,92,36493
20,3.500,0.950,95,34299
20,3.500,0.950,28,8814
20,3.500,1.000,9,49
20,3.500,1.000,106,111
20,3.500,1.000,34,82
20,3.500,1.000,75,109
20,3.500,1.000,65,111
20,3.500,1.000,61,94
20,3.500,1.000,98,140
20,3.500,1.000,5,23
20,3.500,1.000,78,88
20,3.500,1.000,47,84
20,3.500,1.000,8,23
20,3.500,1.000,329,252
20,3.500,1.000,12,14
20,3.500,1.000,52,148
20,3.500,1.000,118,97
20,3.500,1.000,319,223
20,3.500,1.000,56,80
20,3.500,1.000,64,56
20,3.500,1.000,149,245
20,3.500,1.000,30,82
20,3.500,1.000,51,123
20,3.500,1.000,4,24
20,3.500,1.000,20,27
20,3.500,1.000,12,23
20,3.500,1.000,158,319
20,3.500,1.000,35,88
20,3.500,1.000,123,131
20,3.500,1.000,75,67
20,3.500,1.000,20,42
20,3.500,1.000,12,41
20,3.500,1.000,13,41
20,3.500,1.000,175,308
20,3.500,1.000,268,365
20,3.500,1.000,1,11
20,3.500,1.000,1,9
20,3.500,1.000,26,36
20,3.500,1.000,5,13
20,3.500,1.000,50,124
20,3.500,1.000,189,204
20,3.500,1.000,150,234
20,3.500,1.000,26,79
20,3.500,1.000,79,240
20,3.500,1.000,28,82
20,3.500,1.000,18,68
20,3.500,1.000,148,52
20,3.500,1.000,127,153
20,3.500,1.000,563,805
20,3.500,1.000,15,50
20,3.500,1.000,25,56
20,3.500,1.000,42,48
20,3.500,1.000,20,26
20,3.500,1.000,35,71
20,3.500,1.000,74,172
20,3.500,1.000,82,116
20,3.500,1.000,86,136
20,3.500,1.000,230,377
20,3.500,1.000,99,146
20,3.500,1.000,6,38
20,3.500,1.000,85,146
20,3.500,1.000,99,220
20,3.500,1.000,209,294
20,3.500,1.000,17,57
20,3.500,1.000,197,363
20,3.500,1.000,28,57
20,3.500,1.000,26,67
20,3.500,1.000,35,103
20,3.500,1.000,12,30
20,3.500,1.000,52,75
20,3.500,1.000,53,156
20,3.500,1.000,121,172
20,3.500,1.000,11,55
20,3.500,1.000,54,166
20,3.500,1.000,16,13
20,3.500,1.000,88,188
20,3.500,1.000,158,140
20,3.500,1.000,89,163
20,3.500,1.000,14,56
20,3.500,1.000,8,11
20,3.500,1.000,46,72
20,3.500,1.000,66,114
20,3.500,1.000,78,94
20,3.500,1.000,135,182
20,3.500,1.000,103,125
20,3.500,1.000,12,83
20,3.500,1.000,55,80
20,3.500,1.000,103,145
20,3.500,1.000,49,74
20,3.500,1.000,37,93
20,3.500,1.000,14,22
20,3.500,1.000,28,19
20,3.500,1.000,6,25
20,3.500,1.000,37,72
20,3.500,1.000,70,167
20,3.500,1.000,71,81
20,3.500,1.000,32,48
20,3.500,1.000,9,41
20,3.500,1.000,124,187
20,3.500,1.000,24,41
20,3.500,1.000,25,44
20,3.500,1.000,5,28
20,3.500,1.000,66,66
20,3.500,1.000,26,84
20,3.500,1.000,269,383
20,3.500,1.000,367,453
20,3.500,1.000,13,56
20,3.500,1.000,9,35
20,3.500,1.000,333,338
20,3.500,1.000,75,107
20,3.500,1.000,73,99
20,3.500,1.000,256,233
20,3.500,1.000,2,11
20,3.500,1.000,25,51
20,3.500,1.000,46,130
20,3.500,1.000,4,12
20,3.500,1.000,23,21
20,3.500,1.000,158,242
20,3.500,1.000,234,313
20,3.500,1.000,80,112
20,3.500,1.000,14,27
20,3.500,1.000,57,66
20,3.500,1.000,83,133
20,3.500,1.000,456,422
20,3.500,1.000,78,140
20,3.500,1.000,64,84
20,3.500,1.000,36,57
20,3.500,1.000,25,68
20,3.500,1.000,119,153
20,3.500,1.000,156,168
20,3.500,1.000,35,105
20,3.500,1.000,101,120
20,3.500,1.000,157,175
20,3.500,1.000,117,127
20,3.500,1.000,17,51
20,3.500,1.000,52,74
20,3.500,1.000,34,93
20,3.500,1.000,112,145
20,3.500,1.000,70,159
20,3.500,1.000,493,381
20,3.500,1.000,78,140
20,3.500,1.000,46,106
20,3.500,1.000,19,43
20,3.500,1.000,8,39
20,3.500,1.000,66,175
20,3.500,1.000,350,248
20,3.500,1.000,10,41
20,3.500,1.000,599,330
20,3.500,1.000,66,48
20,3.500,1.000,299,417
20,3.500,1.000,14,32
20,3.500,1.000,129,224
20,3.500,1.000,37,55
20,3.500,1.000,122,100
20,3.500,1.000,15,65
20,3.500,1.000,15,80
20,3.500,1.000,97,111
20,3.500,1.000,15,53
20,3.500,1.000,32,96
20,3.500,1.000,126,232
20,3.500,1.000,9,49
20,3.500,1.000,231,379
20,3.500,1.000,2,11
20,3.500,1.000,11,43
20,3.500,1.000,36,57
20,3.500,1.000,383,658
20,3.500,1.000,144,229
20,3.500,1.000,45,111
20,3.500,1.000,102,164
20,3.500,1.000,223,160
20,3.500,1.000,133,252
20,3.500,1.000,76,134
20,3.500,1.000,6,12
20,3.500,1.000,78,83
20,3.500,1.000,44,99
20,3.500,1.000,6,26
20,3.500,1.000,96,164
20,3.500,1.000,12,16
20,3.500,1.000,46,117
20,3.500,1.000,10,48
20,3.500,1.000,21,47
20,3.500,1.000,226,172
20,3.500,1.000,32,62
20,3.500,1.000,47,84
20,3.500,1.000,189,267
20,3.500,1.000,28,71
20,3.500,1.000,154,303
20,3.500,1.000,8,20
20,3.500,1.000,112,123
20,3.500,1.000,2,12
20,3.500,1.000,14,36
20,3.500,1.000,116,257
20,3.500,1.000,28,89
20,3.500,1.000,6,18
20,3.500,1.000,63,100
20,3.500,1.000,84,173
20,3.500,1.000,30,82
20,3.500,1.000,9,12
20,3.500,1.000,73,164
20,3.500,1.000,22,47
20,3.500,1.000,290,280
20,3.500,1.000,67,66
20,3.500,1.000,13,47
20,3.500,1.000,2,9
20,3.500,1.000,10,43
20,3.500,1.000,14,43
20,3.500,1.000,51,122
20,3.500,1.000,2,7
20,3.500,1.000,33,31
20,3.500,1.000,42,80
20,3.500,1.000,155,221
20,3.500,1.000,47,69
20,3.500,1.000,142,78
20,3.500,1.000,36,62
20,3.500,1.000,170,194
20,3.500,1.000,101,73
20,3.500,1.000,44,58
20,3.500,1.000,117,193
20,3.500,1.000,2,13
20,3.500,1.000,8,38
20,3.500,1.000,75,96
20,3.500,1.000,135,180
20,3.500,1.000,339,544
20,3.500,1.000,6,12
20,3.500,1.000,178,329
20,3.500,1.000,6,12
20,3.500,1.000,46,63
20,3.500,1.000,65,83
20,3.500,1.000,42,157
20,3.500,1.000,14,17
20,3.500,1.000,119,163
20,3.500,1.000,133,313
20,3.500,1.000,251,332
20,3.500,1.000,47,100
20,3.500,1.000,9,30
20,3.500,1.000,220,337
20,3.500,1.000,122,160
20,3.500,1.000,36,88
20,3.500,1.000,88,113
20,3.500,1.000,92,104
20,3.500,1.000,23,42
20,3.500,1.000,44,57
20,3.500,1.000,105,195
20,3.500,1.000,162,217
20,3.500,1.000,339,460
20,3.500,1.000,188,149
20,3.500,1.000,51,121
20,3.500,1.000,75,84
20,3.500,1.000,30,66
20,3.500,1.000,165,264
20,3.500,1.000,58,120
20,3.500,1.000,9,27
20,3.500,1.000,123,229
20,3.500,1.000,19,57
20,3.500,1.000,89,105
20,3.500,1.000,24,72
20,3.500,1.000,22,67
20,3.500,1.000,66,86
20,3.500,1.000,75,74
20,3.500,1.000,49,72
20,3.500,1.000,63,178
20,3.500,1.000,27,54
20,3.500,1.000,34,56
20,3.500,1.000,165,183
20,3.500,1.000,11,17
20,3.500,1.000,50,49
20,3.500,1.000,38,52
20,3.500,1.000,213,410
20,3.500,1.000,13,51
20,3.500,1.000,12,14
20,3.500,1.000,101,160
20,3.500,1.000,208,245
20,3.500,1.000,2,9
20,3.500,1.000,93,223
20,3.500,1.000,5,12
20,3.500,1.000,27,36
20,3.500,1.000,35,56
20,3.500,1.000,237,172
20,3.500,1.000,68,89
20,3.500,1.000,48,72
20,3.500,1.000,75,234
20,3.500,1.000,62,114
20,3.500,1.000,17,47
20,3.500,1.000,58,150
20,3.500,1.000,25,42
20,3.500,1.000,73,138
20,3.500,1.000,56,48
20,3.500,1.000,47,83
20,3.500,1.000,16,67
20,3.500,1.000,37,57
20,3.500,1.000,14,20
20,3.500,1.000,47,93
20,3.500,1.000,141,279
20,3.500,1.000,16,53
20,3.500,1.000,52,39
21,3.500,0.200,42,86658
21,3.500,0.200,62,11764
21,3.500,0.200,19,1627
21,3.500,0.200,267,37388
21,3.500,0.200,29,87692
21,3.500,0.200,337,126333
21,3.500,0.200,68,102051
21,3.500,0.200,5,11548
21,3.500,0.200,3,9266
21,3.500,0.200,36,38145
21,3.500,0.200,126,123280
21,3.500,0.200,29,126736
21,3.500,0.200,16,19276
21,3.500,0.200,227,50907
21,3.500,0.200,80,26116
21,3.500,0.200,16,8821
21,3.500,0.200,9,48011
21,3.500,0.200,368,64702
21,3.500,0.200,52,70607
21,3.500,0.200,19,18596
21,3.500,0.200,51,26013
21,3.500,0.200,2,628
21,3.500,0.200,46,22243
21,3.500,0.200,55,116875
21,3.500,0.200,4,5476
21,3.500,0.200,47,4790
21,3.500,0.200,265,81081
21,3.500,0.200,139,49292
21,3.500,0.200,429,122761
21,3.500,0.200,195,77609
21,3.500,0.200,79,112403
21,3.500,0.200,25,8706
21,3.500,0.200,58,11514
21,3.500,0.200,184,106374
21,3.500,0.200,69,261576
21,3.500,0.200,10,3872
21,3.500,0.200,101,30792
21,3.500,0.200,288,19148
21,3.500,0.200,45,38692
21,3.500,0.200,2,1060
21,3.500,0.200,84,18116
21,3.500,0.200,109,96648
21,3.500,0.200,160,70202
21,3.500,0.200,64,13345
21,3.500,0.200,6,634
21,3.500,0.200,148,32587
21,3.500,0.200,144,145930
21,3.500,0.200,37,47197
21,3.500,0.200,370,40803
21,3.500,0.200,140,55034
21,3.500,0.200,24,42946
21,3.500,0.200,14,14622
21,3.500,0.200,244,15763
21,3.500,0.200,320,280243
21,3.500,0.200,4,14412
21,3.500,0.200,185,85770
21,3.500,0.200,32,22200
21,3.500,0.200,10,21410
21,3.500,0.200,18,26950
21,3.500,0.200,27,25075
21,3.500,0.200,21,39220
21,3.500,0.200,75,27921
21,3.500,0.200,33,12641
21,3.500,0.200,11,5976
21,3.500,0.200,2,512
21,3.500,0.200,194,120458
21,3.500,0.200,35,50920
21,3.500,0.200,43,92334
21,3.500,0.200,29,15221
21,3.500,0.200,244,844
21,3.500,0.200,97,31730
21,3.500,0.200,24,21883
21,3.500,0.200,31,14222
21,3.500,0.200,199,55257
21,3.500,0.200,135,34769
21,3.500,0.200,42,191539
21,3.500,0.200,46,91637
21,3.500,0.200,41,11202
21,3.500,0.200,25,2660
21,3.500,0.200,32,11356
21,3.500,0.200,2,6828
21,3.500,0.200,362,55945
21,3.500,0.200,442,33419
21,3.500,0.200,9,16134
21,3.500,0.200,2,815
21,3.500,0.200,16,8114
21,3.500,0.200,27,74683
21,3.500,0.200,45,18312
21,3.500,0.200,5,22853
21,3.500,0.200,11,15679
21,3.500,0.200,6,9858
21,3.500,0.200,239,81036
21,3.500,0.200,49,30637
21,3.500,0.200,95,59975
21,3.500,0.200,10,11766
21,3.500,0.200,191,62781
21,3.500,0.200,78,20439
21,3.500,0.200,11,21465
21,3.500,0.200,41,15457
21,3.500,0.200,492,162232
21,3.500,0.200,13,8054
21,3.500,0.200,161,14026
21,3.500,0.200,8,21022
21,3.500,0.200,71,90468
21,3.500,0.200,149,35307
21,3.500,0.200,76,33212
21,3.500,0.200,85,65343
21,3.500,0.200,49,42069
21,3.500,0.200,11,10416
21,3.500,0.200,191,40406
21,3.500,0.200,291,44272
21,3.500,0.200,314,52490
21,3.500,0.200,22,32212
21,3.500,0.200,5,8804
21,3.500,0.200,2,4828
21,3.500,0.200,61,25758
21,3.500,0.200,67,12467
21,3.500,0.200,48,7735
21,3.500,0.200,89,16855
21,3.500,0.200,401,174966
21,3.500,0.200,727,215163
21,3.500,0.200,231,31819
21,3.500,0.200,224,82740
21,3.500,0.200,291,245909
21,3.500,0.200,49,12573
21,3.500,0.200,6,18787
21,3.500,0.200,15,7515
21,3.500,0.200,281,190073
21,3.500,0.200,101,41316
21,3.500,0.200,98,89603
21,3.500,0.200,108,146335
21,3.500,0.200,1,6301
21,3.500,0.200,1,16488
21,3.500,0.200,79,45726
21,3.500,0.200,22,55893
21,3.500,0.200,132,45186
21,3.500,0.200,220,251654
21,3.500,0.200,81,79611
21,3.500,0.200,107,94162
21,3.500,0.200,6,14680
21,3.500,0.200,59,5708
21,3.500,0.200,50,107585
21,3.500,0.200,124,10674
21,3.500,0.200,47,17452
21,3.500,0.200,6,9416
21,3.500,0.200,104,42626
21,3.500,0.200,103,12930
21,3.500,0.200,178,101535
21,3.500,0.200,279,57326
21,3.500,0.200,40,23708
21,3.500,0.200,59,13366
21,3.500,0.200,80,13142
21,3.500,0.200,52,81371
21,3.500,0.200,33,4166
21,3.500,0.200,98,252155
21,3.500,0.200,395,61709
21,3.500,0.200,75,22479
21,3.500,0.200,50,10486
21,3.500,0.200,490,42341
21,3.500,0.200,131,62480
21,3.500,0.200,8,3958
21,3.500,0.200,293,26310
21,3.500,0.200,25,20338
21,3.500,0.200,28,9104
21,3.500,0.200,29,28685
21,3.500,0.200,50,43540
21,3.500,0.200,2,2913
21,3.500,0.200,222,199020
21,3.500,0.200,11,3737
21,3.500,0.200,201,240745
21,3.500,0.200,20,82999
21,3.500,0.200,315,205205
21,3.500,0.200,6,3410
21,3.500,0.200,15,20562
21,3.500,0.200,81,89113
21,3.500,0.200,673,201570
21,3.500,0.200,103,51935
21,3.500,0.200,59,68260
21,3.500,0.200,6,1706
21,3.500,0.200,28,20589
21,3.500,0.200,4,413
21,3.500,0.200,61,22894
21,3.500,0.200,21,1495
21,3.500,0.200,61,24186
21,3.500,0.200,4,301
21,3.500,0.200,46,84747
21,3.500,0.200,21,17327
21,3.500,0.200,73,12003
21,3.500,0.200,5,3599
21,3.500,0.200,9,3624
21,3.500,0.200,13,6718
21,3.500,0.200,276,132232
21,3.500,0.200,499,117763
21,3.500,0.200,76,49149
21,3.500,0.200,8,20959
21,3.500,0.200,89,66013
21,3.500,0.200,114,7387
21,3.500,0.200,18,70216
21,3.500,0.200,11,11748
21,3.500,0.200,10,9552
21,3.500,0.200,70,53257
21,3.500,0.200,48,35229
21,3.500,0.200,177,29255
21,3.500,0.200,272,68519
21,3.500,0.200,100,201791
21,3.500,0.200,24,14824
21,3.500,0.200,103,127704
21,3.500,0.200,192,44378
21,3.500,0.200,4,2040
21,3.500,0.200,56,15296
21,3.500,0.200,4,16884
21,3.500,0.200,22,26171
21,3.500,0.200,160,38807
21,3.500,0.200,43,211645
21,3.500,0.200,225,35618
21,3.500,0.200,156,18894
21,3.500,0.200,321,31659
21,3.500,0.200,60,7057
21,3.500,0.200,10,4588
21,3.500,0.200,60,20423
21,3.500,0.200,92,36508
21,3.500,0.200,31,31933
21,3.500,0.200,135,8225
21,3.500,0.200,179,59740
21,3.500,0.200,57,18701
21,3.500,0.200,364,177576
21,3.500,0.200,68,10052
21,3.500,0.200,2,10358
21,3.500,0.200,136,283910
21,3.500,0.200,23,29777
21,3.500,0.200,36,18471
21,3.500,0.200,3,1935
21,3.500,0.200,90,14680
21,3.500,0.200,38,3411
21,3.500,0.200,221,100622
21,3.500,0.200,263,118324
21,3.500,0.200,111,27358
21,3.500,0.200,219,39078
21,3.500,0.200,1,686
21,3.500,0.200,22,30933
21,3.500,0.200,321,50972
21,3.500,0.200,128,20856
21,3.500,0.200,13,5088
21,3.500,0.200,92,125285
21,3.500,0.200,424,62761
21,3.500,0.200,56,15162
21,3.500,0.200,58,66959
21,3.500,0.200,5,5896
21,3.500,0.200,75,98571
21,3.500,0.200,23,16178
21,3.500,0.200,221,148228
21,3.500,0.200,13,4124
21,3.500,0.200,14,1607
21,3.500,0.200,92,27860
21,3.500,0.200,78,30744
21,3.500,0.200,11,119818
21,3.500,0.200,28,1830
21,3.500,0.200,319,113168
21,3.500,0.200,32,11759
21,3.500,0.200,236,88157
21,3.500,0.200,50,57031
21,3.500,0.200,6,28895
21,3.500,0.200,221,179141
21,3.500,0.200,6,28103
21,3.500,0.200,35,4876
21,3.500,0.200,492,64841
21,3.500,0.200,79,41378
21,3.500,0.200,59,2873
21,3.500,0.200,14,6700
21,3.500,0.200,35,55409
21,3.500,0.200,3,1202
21,3.500,0.200,61,72755
21,3.500,0.200,70,6383
21,3.500,0.200,17,6859
21,3.500,0.200,118,16712
21,3.500,0.200,99,4434
21,3.500,0.200,111,92584
21,3.500,0.200,271,32643
21,3.500,0.200,10,9917
21,3.500,0.200,32,264204
21,3.500,0.200,49,46907
21,3.500,0.200,202,24950
21,3.500,0.200,22,5998
21,3.500,0.200,17,130768
21,3.500,0.200,78,18895
21,3.500,0.200,221,67387
21,3.500,0.200,39,61178
21,3.500,0.200,44,22705
21,3.500,0.200,68,49400
21,3.500,0.200,11,6915
21,3.500,0.200,44,68083
21,3.500,0.200,2,69688
21,3.500,0.200,61,82202
21,3.500,0.200,66,49760
21,3.500,0.500,10,2307
21,3.500,0.500,5,1296
21,3.500,0.500,62,12621
21,3.500,0.500,41,30896
21,3.500,0.500,51,25707
21,3.500,0.500,78,10403
21,3.500,0.500,120,58924
21,3.500,0.500,396,66997
21,3.500,0.500,209,87470
21,3.500,0.500,25,15151
21,3.500,0.500,48,22726
21,3.500,0.500,121,6604
21,3.500,0.500,23,21600
21,3.500,0.500,98,17384
21,3.500,0.500,1202,64844
21,3.500,0.500,30,150822
21,3.500,0.500,100,27842
21,3.500,0.500,136,98497
21,3.500,0.500,98,55143
21,3.500,0.500,133,33500
21,3.500,0.500,186,382659
21,3.500,0.500,212,45967
21,3.500,0.500,195,52401
21,3.500,0.500,5,2667
21,3.500,0.500,33,23368
21,3.500,0.500,89,6025
21,3.500,0.500,15,5060
21,3.500,0.500,37,39063
21,3.500,0.500,18,16128
21,3.500,0.500,64,55259
21,3.500,0.500,149,152601
21,3.500,0.500,35,23257
21,3.500,0.500,140,64611
21,3.500,0.500,42,11639
21,3.500,0.500,26,3708
21,3.500,0.500,74,29843
21,3.500,0.500,23,7152
21,3.500,0.500,137,5317
21,3.500,0.500,576,236492
21,3.500,0.500,120,38374
21,3.500,0.500,44,43676
21,3.500,0.500,21,7632
21,3.500,0.500,61,64457
21,3.500,0.500,213,45500
21,3.500,0.500,2,7448
21,3.500,0.500,30,11734
21,3.500,0.500,14,3558
21,3.500,0.500,217,29226
21,3.500,0.500,113,192916
21,3.500,0.500,67,28135
21,3.500,0.500,26,129350
21,3.500,0.500,50,39604
21,3.500,0.500,335,119535
21,3.500,0.500,20,28577
21,3.500,0.500,35,96878
21,3.500,0.500,17,2233
21,3.500,0.500,47,60558
21,3.500,0.500,234,66541
21,3.500,0.500,44,22837
21,3.500,0.500,66,54532
21,3.500,0.500,198,73258
21,3.500,0.500,26,172044
21,3.500,0.500,66,232695
21,3.500,0.500,49,33380
21,3.500,0.500,152,25385
21,3.500,0.500,35,22201
21,3.500,0.500,33,34139
21,3.500,0.500,118,13995
21,3.500,0.500,86,4250
21,3.500,0.500,33,37928
21,3.500,0.500,36,14455
21,3.500,0.500,31,39032
21,3.500,0.500,383,32105
21,3.500,0.500,70,365830
21,3.500,0.500,56,16016
21,3.500,0.500,91,14627
21,3.500,0.500,12,13844
21,3.500,0.500,65,21791
21,3.500,0.500,29,37726
21,3.500,0.500,16,19511
21,3.500,0.500,36,4208
21,3.500,0.500,19,30628
21,3.500,0.500,78,34398
21,3.500,0.500,118,133895
21,3.500,0.500,155,29837
21,3.500,0.500,145,141507
21,3.500,0.500,108,61158
21,3.500,0.500,94,77219
21,3.500,0.500,31,10888
21,3.500,0.500,184,80265
21,3.500,0.500,92,43504
21,3.500,0.500,199,164748
21,3.500,0.500,147,35209
21,3.500,0.500,62,40112
21,3.500,0.500,2,18080
21,3.500,0.500,54,2611
21,3.500,0.500,37,13194
21,3.500,0.500,16,4415
21,3.500,0.500,210,139419
21,3.500,0.500,40,35192
21,3.500,0.500,65,37818
21,3.500,0.500,96,30083
21,3.500,0.500,508,231556
21,3.500,0.500,15,4816
21,3.500,0.500,208,45180
21,3.500,0.500,58,30337
21,3.500,0.500,121,28326
21,3.500,0.500,134,60503
21,3.500,0.500,16,13517
21,3.500,0.500,36,14040
21,3.500,0.500,103,5231
21,3.500,0.500,159,23834
21,3.500,0.500,255,32656
21,3.500,0.500,33,9650
21,3.500,0.500,104,67679
21,3.500,0.500,173,21595
21,3.500,0.500,23,9466
21,3.500,0.500,266,79381
21,3.500,0.500,189,42972
21,3.500,0.500,37,116986
21,3.500,0.500,55,147771
21,3.500,0.500,57,48710
21,3.500,0.500,270,16700
21,3.500,0.500,2,858
21,3.500,0.500,128,29984
21,3.500,0.500,22,41769
21,3.500,0.500,66,32497
21,3.500,0.500,158,143929
21,3.500,0.500,24,33544
21,3.500,0.500,71,32099
21,3.500,0.500,30,14135
21,3.500,0.500,10,579
21,3.500,0.500,139,30448
21,3.500,0.500,159,47661
21,3.500,0.500,2,12836
21,3.500,0.500,156,14513
21,3.500,0.500,95,128404
21,3.500,0.500,184,40427
21,3.500,0.500,17,3181
21,3.500,0.500,24,27840
21,3.500,0.500,177,68645
21,3.500,0.500,65,28795
21,3.500,0.500,12,1768
21,3.500,0.500,36,38132
21,3.500,0.500,42,17639
21,3.500,0.500,301,239207
21,3.500,0.500,18,198210
21,3.500,0.500,21,6820
21,3.500,0.500,80,29754
21,3.500,0.500,119,13718
21,3.500,0.500,58,11538
21,3.500,0.500,88,237143
21,3.500,0.500,55,139393
21,3.500,0.500,115,40122
21,3.500,0.500,18,13388
21,3.500,0.500,290,539818
21,3.500,0.500,174,19068
21,3.500,0.500,69,10988
21,3.500,0.500,159,29570
21,3.500,0.500,13,72581
21,3.500,0.500,27,32864
21,3.500,0.500,1,1692
21,3.500,0.500,264,23847
21,3.500,0.500,305,31431
21,3.500,0.500,90,21655
21,3.500,0.500,50,41192
21,3.500,0.500,99,95799
21,3.500,0.500,28,26770
21,3.500,0.500,29,26769
21,3.500,0.500,8,14671
21,3.500,0.500,244,37079
21,3.500,0.500,66,16412
21,3.500,0.500,93,91346
21,3.500,0.500,35,27949
21,3.500,0.500,37,45968
21,3.500,0.500,29,106317
21,3.500,0.500,67,5348
21,3.500,0.500,70,14450
21,3.500,0.500,23,5862
21,3.500,0.500,57,5405
21,3.500,0.500,13,6064
21,3.500,0.500,41,24095
21,3.500,0.500,2,8493
21,3.500,0.500,51,47395
21,3.500,0.500,9,16663
21,3.500,0.500,110,37400
21,3.500,0.500,199,33132
21,3.500,0.500,31,12834
21,3.500,0.500,64,22275
21,3.500,0.500,53,27618
21,3.500,0.500,37,105059
21,3.500,0.500,36,34915
21,3.500,0.500,59,17981
21,3.500,0.500,115,37064
21,3.500,0.500,372,148306
21,3.500,0.500,227,25673
21,3.500,0.500,79,97919
21,3.500,0.500,134,36658
21,3.500,0.500,142,97469
21,3.500,0.500,72,26854
21,3.500,0.500,12,6000
21,3.500,0.500,123,64220
21,3.500,0.500,6,2340
21,3.500,0.500,372,128693
21,3.500,0.500,33,24641
21,3.500,0.500,29,4724
21,3.500,0.500,36,4839
21,3.500,0.500,162,82821
21,3.500,0.500,3,20706
21,3.500,0.500,238,84771
21,3.500,0.500,165,37467
21,3.500,0.500,358,608991
21,3.500,0.500,34,8363
21,3.500,0.500,22,4891
21,3.500,0.500,43,18503
21,3.500,0.500,167,25171
21,3.500,0.500,79,26947
21,3.500,0.500,83,27934
21,3.500,0.500,9,31335
21,3.500,0.500,676,148372
21,3.500,0.500,49,35204
21,3.500,0.500,300,33918
21,3.500,0.500,50,10007
21,3.500,0.500,42,9788
21,3.500,0.500,15,4916
21,3.500,0.500,23,9446
21,3.500,0.500,164,121525
21,3.500,0.500,34,7671
21,3.500,0.500,26,40314
21,3.500,0.500,212,12971
21,3.500,0.500,263,46576
21,3.500,0.500,13,19697
21,3.500,0.500,106,33655
21,3.500,0.500,362,21466
21,3.500,0.500,251,35413
21,3.500,0.500,142,19319
21,3.500,0.500,35,145011
21,3.500,0.500,16,164
21,3.500,0.500,365,27307
21,3.500,0.500,18,15318
21,3.500,0.500,18,10865
21,3.500,0.500,1070,153584
21,3.500,0.500,74,9260
21,3.500,0.500,37,7132
21,3.500,0.500,68,26319
21,3.500,0.500,39,12383
21,3.500,0.500,177,178467
21,3.500,0.500,528,61290
21,3.500,0.500,104,13017
21,3.500,0.500,287,184517
21,3.500,0.500,14,11158
21,3.500,0.500,22,24503
21,3.500,0.500,63,29696
21,3.500,0.500,77,22898
21,3.500,0.500,36,33120
21,3.500,0.500,46,24942
21,3.500,0.500,156,42947
21,3.500,0.500,53,29022
21,3.500,0.500,117,12994
21,3.500,0.500,1,1690
21,3.500,0.500,50,52538
21,3.500,0.500,24,4833
21,3.500,0.500,254,33398
21,3.500,0.500,55,163076
21,3.500,0.500,2,1177
21,3.500,0.500,9,25144
21,3.500,0.500,44,176333
21,3.500,0.500,28,70979
21,3.500,0.500,162,96201
21,3.500,0.500,41,65484
21,3.500,0.500,80,28121
21,3.500,0.500,36,11723
21,3.500,0.500,106,19435
21,3.500,0.500,48,101005
21,3.500,0.500,40,23962
21,3.500,0.500,91,102837
21,3.500,0.500,14,31228
21,3.500,0.500,146,14428
21,3.500,0.500,26,26515
21,3.500,0.500,59,33911
21,3.500,0.500,125,79907
21,3.500,0.500,21,67148
21,3.500,0.500,209,37631
21,3.500,0.500,70,33427
21,3.500,0.500,12,8582
21,3.500,0.500,94,9730
21,3.500,0.500,18,3333
21,3.500,0.500,12,6568
21,3.500,0.500,695,21981
21,3.500,0.500,228,47335
21,3.500,0.500,15,3561
21,3.500,0.750,415,359899
21,3.500,0.750,221,45279
21,3.500,0.750,91,46030
21,3.500,0.750,36,11669
21,3.500,0.750,208,46290
21,3.500,0.750,33,59847
21,3.500,0.750,36,7024
21,3.500,0.750,21,32882
21,3.500,0.750,51,22990
21,3.500,0.750,30,23814
21,3.500,0.750,81,12196
21,3.500,0.750,122,30271
21,3.500,0.750,60,46689
21,3.500,0.750,357,23801
21,3.500,0.750,31,37952
21,3.500,0.750,115,57380
21,3.500,0.750,3,1124
21,3.500,0.750,57,11474
21,3.500,0.750,286,61532
21,3.500,0.750,11,98753
21,3.500,0.750,67,25306
21,3.500,0.750,20,121353
21,3.500,0.750,28,4624
21,3.500,0.750,79,10673
21,3.500,0.750,177,50018
21,3.500,0.750,468,134510
21,3.500,0.750,506,23058
21,3.500,0.750,27,13390
21,3.500,0.750,349,96967
21,3.500,0.750,47,15702
21,3.500,0.750,75,30839
21,3.500,0.750,25,21018
21,3.500,0.750,20,2543
21,3.500,0.750,9,4640
21,3.500,0.750,86,18936
21,3.500,0.750,122,19124
21,3.500,0.750,85,22322
21,3.500,0.750,89,56197
21,3.500,0.750,63,9233
21,3.500,0.750,214,29492
21,3.500,0.750,753,72977
21,3.500,0.750,16,13736
21,3.500,0.750,24,86046
21,3.500,0.750,57,39550
21,3.500,0.750,187,71417
21,3.500,0.750,148,20836
21,3.500,0.750,197,49033
21,3.500,0.750,25,16086
21,3.500,0.750,100,67193
21,3.500,0.750,142,43922
21,3.500,0.750,111,41290
21,3.500,0.750,25,11382
21,3.500,0.750,299,153680
21,3.500,0.750,3,8012
21,3.500,0.750,89,104915
21,3.500,0.750,15,55702
21,3.500,0.750,155,29721
21,3.500,0.750,55,15209
21,3.500,0.750,81,114742
21,3.500,0.750,814,130492
21,3.500,0.750,105,87484
21,3.500,0.750,27,89638
21,3.500,0.750,61,28133
21,3.500,0.750,53,55800
21,3.500,0.750,92,14942
21,3.500,0.750,116,15964
21,3.500,0.750,88,80681
21,3.500,0.750,15,40628
21,3.500,0.750,140,341438
21,3.500,0.750,38,84889
21,3.500,0.750,347,72962
21,3.500,0.750,12,46307
21,3.500,0.750,20,17223
21,3.500,0.750,34,19828
21,3.500,0.750,273,215777
21,3.500,0.750,26,13020
21,3.500,0.750,85,27974
21,3.500,0.750,60,24938
21,3.500,0.750,36,19155
21,3.500,0.750,396,69662
21,3.500,0.750,31,87441
21,3.500,0.750,126,11241
21,3.500,0.750,6,266
21,3.500,0.750,57,187596
21,3.500,0.750,23,8432
21,3.500,0.750,14,15775
21,3.500,0.750,5,4081
21,3.500,0.750,10,67372
21,3.500,0.750,16,8636
21,3.500,0.750,81,55001
21,3.500,0.750,177,122963
21,3.500,0.750,20,23023
21,3.500,0.750,61,6418
21,3.500,0.750,40,13488
21,3.500,0.750,125,32414
21,3.500,0.750,43,21308
21,3.500,0.750,73,53963
21,3.500,0.750,22,60672
21,3.500,0.750,92,132451
21,3.500,0.750,5,1152
21,3.500,0.750,57,10162
21,3.500,0.750,533,35705
21,3.500,0.750,341,42569
21,3.500,0.750,36,14781
21,3.500,0.750,50,33739
21,3.500,0.750,210,58757
21,3.500,0.750,121,21842
21,3.500,0.750,35,114685
21,3.500,0.750,91,27798
21,3.500,0.750,39,24711
21,3.500,0.750,62,4653
21,3.500,0.750,91,41682
21,3.500,0.750,283,62970
21,3.500,0.750,19,24339
21,3.500,0.750,45,5272
21,3.500,0.750,39,18310
21,3.500,0.750,49,32838
21,3.500,0.750,168,162591
21,3.500,0.750,29,222028
21,3.500,0.750,244,37661
21,3.500,0.750,39,26501
21,3.500,0.750,19,58793
21,3.500,0.750,33,12557
21,3.500,0.750,90,95372
21,3.500,0.750,66,30582
21,3.500,0.750,24,35929
21,3.500,0.750,52,14979
21,3.500,0.750,206,91277
21,3.500,0.750,138,25712
21,3.500,0.750,4,52418
21,3.500,0.750,128,179219
21,3.500,0.750,20,6129
21,3.500,0.750,137,40679
21,3.500,0.750,57,32913
21,3.500,0.750,150,42148
21,3.500,0.750,60,28591
21,3.500,0.750,62,69562
21,3.500,0.750,1,1602
21,3.500,0.750,33,17570
21,3.500,0.750,96,45958
21,3.500,0.750,151,43341
21,3.500,0.750,361,149975
21,3.500,0.750,2,3454
21,3.500,0.750,134,30891
21,3.500,0.750,96,205493
21,3.500,0.750,314,148166
21,3.500,0.750,24,5469
21,3.500,0.750,61,32894
21,3.500,0.750,149,82520
21,3.500,0.750,90,127463
21,3.500,0.750,157,94303
21,3.500,0.750,53,32981
21,3.500,0.750,207,9267
21,3.500,0.750,90,18467
21,3.500,0.750,24,2925
21,3.500,0.750,59,30573
21,3.500,0.750,308,23040
21,3.500,0.750,141,27755
21,3.500,0.750,28,64999
21,3.500,0.750,7,4768
21,3.500,0.750,183,38976
21,3.500,0.750,149,34874
21,3.500,0.750,1,7581
21,3.500,0.750,587,114886
21,3.500,0.750,158,67457
21,3.500,0.750,308,106560
21,3.500,0.750,106,51141
21,3.500,0.750,47,41892
21,3.500,0.750,26,44157
21,3.500,0.750,188,118608
21,3.500,0.750,42,33317
21,3.500,0.750,162,23261
21,3.500,0.750,31,10591
21,3.500,0.750,84,25905
21,3.500,0.750,79,23699
21,3.500,0.750,16,25086
21,3.500,0.750,74,36929
21,3.500,0.750,103,109305
21,3.500,0.750,2,73887
21,3.500,0.750,100,17556
21,3.500,0.750,26,19645
21,3.500,0.750,127,38550
21,3.500,0.750,30,80320
21,3.500,0.750,142,30137
21,3.500,0.750,40,19702
21,3.500,0.750,69,73541
21,3.500,0.750,10,3834
21,3.500,0.750,5,1715
21,3.500,0.750,91,20367
21,3.500,0.750,21,58134
21,3.500,0.750,129,288145
21,3.500,0.750,178,127600
21,3.500,0.750,194,33590
21,3.500,0.750,19,18018
21,3.500,0.750,116,279372
21,3.500,0.750,153,230489
21,3.500,0.750,30,40023
21,3.500,0.750,61,72469
21,3.500,0.750,234,150513
21,3.500,0.750,120,9846
21,3.500,0.750,53,43396
21,3.500,0.750,111,518244
21,3.500,0.750,116,21251
21,3.500,0.750,20,25287
21,3.500,0.750,94,43788
21,3.500,0.750,50,7801
21,3.500,0.750,33,17127
21,3.500,0.750,84,129658
21,3.500,0.750,89,15546
21,3.500,0.750,36,11793
21,3.500,0.750,33,155397
21,3.500,0.750,112,29430
21,3.500,0.750,389,57818
21,3.500,0.750,90,10972
21,3.500,0.750,130,32993
21,3.500,0.750,301,61100
21,3.500,0.750,9,38524
21,3.500,0.750,3,5237
21,3.500,0.750,635,87814
21,3.500,0.750,66,22027
21,3.500,0.750,12,703
21,3.500,0.750,13,5399
21,3.500,0.750,10,39461
21,3.500,0.750,9,14922
21,3.500,0.750,297,26323
21,3.500,0.750,91,93043
21,3.500,0.750,215,38651
21,3.500,0.750,49,6243
21,3.500,0.750,113,18418
21,3.500,0.750,250,46177
21,3.500,0.750,55,6912
21,3.500,0.750,558,64814
21,3.500,0.750,25,116909
21,3.500,0.750,9,10246
21,3.500,0.750,53,15583
21,3.500,0.750,152,744
21,3.500,0.750,87,19309
21,3.500,0.750,132,63938
21,3.500,0.750,164,25228
21,3.500,0.750,281,88702
21,3.500,0.750,289,93644
21,3.500,0.750,49,42014
21,3.500,0.750,41,47119
21,3.500,0.750,116,17289
21,3.500,0.750,29,16070
21,3.500,0.750,294,260716
21,3.500,0.750,126,77018
21,3.500,0.750,32,20592
21,3.500,0.750,47,27043
21,3.500,0.750,2,7769
21,3.500,0.750,99,20789
21,3.500,0.750,69,96026
21,3.500,0.750,120,21581
21,3.500,0.750,9,17034
21,3.500,0.750,35,31921
21,3.500,0.750,12,4679
21,3.500,0.750,126,3876
21,3.500,0.750,180,106530
21,3.500,0.750,62,11699
21,3.500,0.750,125,6724
21,3.500,0.750,25,32727
21,3.500,0.750,64,5146
21,3.500,0.750,16,74802
21,3.500,0.750,215,28662
21,3.500,0.750,38,13093
21,3.500,0.750,20,4860
21,3.500,0.750,74,19722
21,3.500,0.750,137,21787
21,3.500,0.750,208,89885
21,3.500,0.750,237,31167
21,3.500,0.750,77,13533
21,3.500,0.750,212,48002
21,3.500,0.750,85,40709
21,3.500,0.750,27,26051
21,3.500,0.750,54,3712
21,3.500,0.750,31,8342
21,3.500,0.750,8,9742
21,3.500,0.750,3,2042
21,3.500,0.750,37,19441
21,3.500,0.750,18,2008
21,3.500,0.750,169,109963
21,3.500,0.750,21,13510
21,3.500,0.750,36,48432
21,3.500,0.750,201,76855
21,3.500,0.750,161,52237
21,3.500,0.750,87,340127
21,3.500,0.750,263,146402
21,3.500,0.750,54,4530
21,3.500,0.750,12,14699
21,3.500,0.750,312,164138
21,3.500,0.750,6,42133
21,3.500,0.750,61,28604
21,3.500,0.750,110,13532
21,3.500,0.750,43,60076
21,3.500,0.750,177,26445
21,3.500,0.900,4,5405
21,3.500,0.900,32,13352
21,3.500,0.900,23,50814
21,3.500,0.900,1,8360
21,3.500,0.900,754,49478
21,3.500,0.900,68,91383
21,3.500,0.900,252,26904
21,3.500,0.900,12,4348
21,3.500,0.900,72,34622
21,3.500,0.900,1,3725
21,3.500,0.900,44,97974
21,3.500,0.900,24,106928
21,3.500,0.900,241,32183
21,3.500,0.900,53,48196
21,3.500,0.900,53,12111
21,3.500,0.900,349,75496
21,3.500,0.900,159,90861
21,3.500,0.900,34,18420
21,3.500,0.900,53,30962
21,3.500,0.900,223,36115
21,3.500,0.900,9,60348
21,3.500,0.900,107,41869
21,3.500,0.900,66,91487
21,3.500,0.900,47,7121
21,3.500,0.900,68,7268
21,3.500,0.900,39,114436
21,3.500,0.900,24,27790
21,3.500,0.900,153,51560
21,3.500,0.900,215,50884
21,3.500,0.900,110,63287
21,3.500,0.900,25,8987
21,3.500,0.900,133,22131
21,3.500,0.900,280,150721
21,3.500,0.900,136,19020
21,3.500,0.900,42,31197
21,3.500,0.900,373,194676
21,3.500,0.900,458,37361
21,3.500,0.900,181,74463
21,3.500,0.900,385,109222
21,3.500,0.900,261,65119
21,3.500,0.900,132,43047
21,3.500,0.900,7,6285
21,3.500,0.900,6,13201
21,3.500,0.900,105,64861
21,3.500,0.900,58,26938
21,3.500,0.900,42,10934
21,3.500,0.900,38,23097
21,3.500,0.900,45,105811
21,3.500,0.900,75,58139
21,3.500,0.900,84,50304
21,3.500,0.900,24,80973
21,3.500,0.900,36,74917
21,3.500,0.900,6,9260
21,3.500,0.900,50,42824
21,3.500,0.900,2,9264
21,3.500,0.900,83,13685
21,3.500,0.900,34,36483
21,3.500,0.900,8,3432
21,3.500,0.900,4,856
21,3.500,0.900,54,97127
21,3.500,0.900,148,15726
21,3.500,0.900,601,151666
21,3.500,0.900,213,15172
21,3.500,0.900,303,64073
21,3.500,0.900,168,22683
21,3.500,0.900,74,35903
21,3.500,0.900,229,189839
21,3.500,0.900,23,29039
21,3.500,0.900,227,31303
21,3.500,0.900,22,9736
21,3.500,0.900,162,156091
21,3.500,0.900,42,7941
21,3.500,0.900,119,21440
21,3.500,0.900,193,121453
21,3.500,0.900,79,35368
21,3.500,0.900,30,18823
21,3.500,0.900,166,34900
21,3.500,0.900,376,84613
21,3.500,0.900,95,181884
21,3.500,0.900,65,39879
21,3.500,0.900,99,25982
21,3.500,0.900,42,54559
21,3.500,0.900,70,287229
21,3.500,0.900,60,86665
21,3.500,0.900,170,127638
21,3.500,0.900,299,30826
21,3.500,0.900,82,27228
21,3.500,0.900,224,124941
21,3.500,0.900,81,17315
21,3.500,0.900,28,28974
21,3.500,0.900,50,14297
21,3.500,0.900,212,20207
21,3.500,0.900,33,40548
21,3.500,0.900,73,14219
21,3.500,0.900,82,12455
21,3.500,0.900,89,43562
21,3.500,0.900,231,54292
21,3.500,0.900,76,53162
21,3.500,0.900,25,12922
21,3.500,0.900,28,16609
21,3.500,0.900,222,117127
21,3.500,0.900,97,19706
21,3.500,0.900,9,11599
21,3.500,0.900,94,52610
21,3.500,0.900,252,44449
21,3.500,0.900,31,18228
21,3.500,0.900,95,186617
21,3.500,0.900,24,25852
21,3.500,0.900,191,45228
21,3.500,0.900,280,36519
21,3.500,0.900,5,4549
21,3.500,0.900,10,2582
21,3.500,0.900,64,36752
21,3.500,0.900,136,47250
21,3.500,0.900,291,17109
21,3.500,0.900,225,53975
21,3.500,0.900,99,73722
21,3.500,0.900,20,30086
21,3.500,0.900,24,19228
21,3.500,0.900,256,72457
21,3.500,0.900,128,25316
21,3.500,0.900,124,15990
21,3.500,0.900,6,9768
21,3.500,0.900,4,672
21,3.500,0.900,51,18875
21,3.500,0.900,27,6082
21,3.500,0.900,246,12653
21,3.500,0.900,63,19493
21,3.500,0.900,34,8798
21,3.500,0.900,47,83717
21,3.500,0.900,117,62046
21,3.500,0.900,498,500370
21,3.500,0.900,162,46565
21,3.500,0.900,38,35693
21,3.500,0.900,488,63692
21,3.500,0.900,229,95238
21,3.500,0.900,71,48858
21,3.500,0.900,80,147085
21,3.500,0.900,163,71928
21,3.500,0.900,26,40023
21,3.500,0.900,36,9868
21,3.500,0.900,28,15927
21,3.500,0.900,56,19741
21,3.500,0.900,14,8126
21,3.500,0.900,4,913
21,3.500,0.900,33,12545
21,3.500,0.900,7,11289
21,3.500,0.900,82,62878
21,3.500,0.900,27,260577
21,3.500,0.900,110,57420
21,3.500,0.900,60,77887
21,3.500,0.900,33,11935
21,3.500,0.900,63,12760
21,3.500,0.900,15,34737
21,3.500,0.900,91,23758
21,3.500,0.900,136,50295
21,3.500,0.900,47,28918
21,3.500,0.900,120,29030
21,3.500,0.900,18,24637
21,3.500,0.900,114,44577
21,3.500,0.900,40,10613
21,3.500,0.900,56,34806
21,3.500,0.900,426,61795
21,3.500,0.900,24,9275
21,3.500,0.900,154,85064
21,3.500,0.900,86,50176
21,3.500,0.900,73,42946
21,3.500,0.900,346,75707
21,3.500,0.900,97,33907
21,3.500,0.900,20,187
21,3.500,0.900,12,22923
21,3.500,0.900,53,14359
21,3.500,0.900,12,39564
21,3.500,0.900,85,12504
21,3.500,0.900,79,55629
21,3.500,0.900,35,33345
21,3.500,0.900,6,1833
21,3.500,0.900,17,8038
21,3.500,0.900,4,14556
21,3.500,0.900,128,100154
21,3.500,0.900,287,34754
21,3.500,0.900,97,106208
21,3.500,0.900,135,22002
21,3.500,0.900,433,46440
21,3.500,0.900,17,153371
21,3.500,0.900,108,111313
21,3.500,0.900,169,67438
21,3.500,0.900,44,169496
21,3.500,0.900,132,104163
21,3.500,0.900,42,30660
21,3.500,0.900,133,32475
21,3.500,0.900,74,38049
21,3.500,0.900,70,34107
21,3.500,0.900,32,7947
21,3.500,0.900,36,27669
21,3.500,0.900,47,7765
21,3.500,0.900,16,1390
21,3.500,0.900,91,27821
21,3.500,0.900,73,65688
21,3.500,0.900,236,21444
21,3.500,0.900,47,22770
21,3.500,0.900,114,41864
21,3.500,0.900,94,35997
21,3.500,0.900,219,60830
21,3.500,0.900,41,37716
21,3.500,0.900,130,284257
21,3.500,0.900,62,4520
21,3.500,0.900,47,55687
21,3.500,0.900,263,51373
21,3.500,0.900,55,42494
21,3.500,0.900,79,26826
21,3.500,0.900,55,26164
21,3.500,0.900,10,10933
21,3.500,0.900,67,20699
21,3.500,0.900,46,2787
21,3.500,0.900,182,66047
21,3.500,0.900,101,74567
21,3.500,0.900,126,42575
21,3.500,0.900,23,18246
21,3.500,0.900,64,7202
21,3.500,0.900,57,125018
21,3.500,0.900,25,54660
21,3.500,0.900,16,2353
21,3.500,0.900,155,7914
21,3.500,0.900,36,46728
21,3.500,0.900,14,40221
21,3.500,0.900,12,1266
21,3.500,0.900,14,8107
21,3.500,0.900,34,48336
21,3.500,0.900,70,15499
21,3.500,0.900,116,141241
21,3.500,0.900,181,224212
21,3.500,0.900,55,8779
21,3.500,0.900,19,76358
21,3.500,0.900,33,2575
21,3.500,0.900,68,46040
21,3.500,0.900,75,77606
21,3.500,0.900,221,112182
21,3.500,0.900,51,47738
21,3.500,0.900,155,100273
21,3.500,0.900,62,67967
21,3.500,0.900,100,52534
21,3.500,0.900,516,185154
21,3.500,0.900,62,36731
21,3.500,0.900,10,19832
21,3.500,0.900,6,2856
21,3.500,0.900,12,98656
21,3.500,0.900,33,52257
21,3.500,0.900,455,72507
21,3.500,0.900,349,54440
21,3.500,0.900,39,26898
21,3.500,0.900,93,58229
21,3.500,0.900,126,101559
21,3.500,0.900,79,31194
21,3.500,0.900,122,72255
21,3.500,0.900,41,57935
21,3.500,0.900,52,15352
21,3.500,0.900,44,26078
21,3.500,0.900,23,5891
21,3.500,0.900,254,49198
21,3.500,0.900,142,40837
21,3.500,0.900,34,42125
21,3.500,0.900,33,13489
21,3.500,0.900,50,40933
21,3.500,0.900,55,70795
21,3.500,0.900,23,1361
21,3.500,0.900,101,102981
21,3.500,0.900,8,99113
21,3.500,0.900,66,29404
21,3.500,0.900,18,25524
21,3.500,0.900,133,44863
21,3.500,0.900,22,63552
21,3.500,0.900,73,27089
21,3.500,0.900,138,23175
21,3.500,0.900,27,28618
21,3.500,0.900,308,27928
21,3.500,0.900,68,29721
21,3.500,0.900,268,92720
21,3.500,0.900,3,10395
21,3.500,0.900,90,15731
21,3.500,0.900,91,27911
21,3.500,0.900,491,33659
21,3.500,0.900,2,326
21,3.500,0.900,47,54608
21,3.500,0.900,19,9589
21,3.500,0.900,7,47557
21,3.500,0.900,19,18334
21,3.500,0.900,137,12008
21,3.500,0.900,20,6695
21,3.500,0.900,24,94542
21,3.500,0.900,51,2491
21,3.500,0.900,38,49578
21,3.500,0.900,192,16527
21,3.500,0.900,39,30055
21,3.500,0.900,2,488
21,3.500,0.950,441,179399
21,3.500,0.950,31,3069
21,3.500,0.950,184,29593
21,3.500,0.950,117,17588
21,3.500,0.950,2,656
21,3.500,0.950,45,8514
21,3.500,0.950,39,20628
21,3.500,0.950,56,6718
21,3.500,0.950,26,6958
21,3.500,0.950,4,51360
21,3.500,0.950,26,18520
21,3.500,0.950,227,30590
21,3.500,0.950,259,20656
21,3.500,0.950,191,37847
21,3.500,0.950,8,982
21,3.500,0.950,2,12390
21,3.500,0.950,8,5370
21,3.500,0.950,37,12723
21,3.500,0.950,25,5537
21,3.500,0.950,114,63233
21,3.500,0.950,91,13867
21,3.500,0.950,181,15413
21,3.500,0.950,9,6569
21,3.500,0.950,10,9361
21,3.500,0.950,113,30108
21,3.500,0.950,40,31139
21,3.500,0.950,32,1908
21,3.500,0.950,12,13978
21,3.500,0.950,406,49485
21,3.500,0.950,57,75582
21,3.500,0.950,6,27873
21,3.500,0.950,127,161839
21,3.500,0.950,12,145002
21,3.500,0.950,23,31584
21,3.500,0.950,49,34174
21,3.500,0.950,124,139515
21,3.500,0.950,23,22562
21,3.500,0.950,5,5185
21,3.500,0.950,25,15704
21,3.500,0.950,161,68017
21,3.500,0.950,67,71110
21,3.500,0.950,107,15174
21,3.500,0.950,130,40909
21,3.500,0.950,68,10060
21,3.500,0.950,183,83446
21,3.500,0.950,268,149690
21,3.500,0.950,428,46870
21,3.500,0.950,76,32375
21,3.500,0.950,123,29441
21,3.500,0.950,73,28864
21,3.500,0.950,347,32732
21,3.500,0.950,8,1332
21,3.500,0.950,113,17640
21,3.500,0.950,226,31988
21,3.500,0.950,361,24537
21,3.500,0.950,50,79832
21,3.500,0.950,350,106425
21,3.500,0.950,25,11779
21,3.500,0.950,20,2270
21,3.500,0.950,25,13719
21,3.500,0.950,23,96551
21,3.500,0.950,34,16466
21,3.500,0.950,215,31237
21,3.500,0.950,18,42446
21,3.500,0.950,1,1541
21,3.500,0.950,44,707
21,3.500,0.950,292,329832
21,3.500,0.950,224,49134
21,3.500,0.950,70,10776
21,3.500,0.950,201,21416
21,3.500,0.950,11,10940
21,3.500,0.950,62,59395
21,3.500,0.950,24,7702
21,3.500,0.950,50,12431
21,3.500,0.950,97,45426
21,3.500,0.950,77,5328
21,3.500,0.950,55,135650
21,3.500,0.950,98,11661
21,3.500,0.950,27,8552
21,3.500,0.950,28,7453
21,3.500,0.950,103,202444
21,3.500,0.950,16,8995
21,3.500,0.950,575,72064
21,3.500,0.950,424,63195
21,3.500,0.950,31,118475
21,3.500,0.950,169,16354
21,3.500,0.950,45,44972
21,3.500,0.950,109,39782
21,3.500,0.950,89,59106
21,3.500,0.950,52,58839
21,3.500,0.950,48,25283
21,3.500,0.950,201,75040
21,3.500,0.950,45,31628
21,3.500,0.950,125,80594
21,3.500,0.950,60,15506
21,3.500,0.950,65,48840
21,3.500,0.950,113,15202
21,3.500,0.950,294,146618
21,3.500,0.950,19,37521
21,3.500,0.950,26,29670
21,3.500,0.950,15,70589
21,3.500,0.950,130,97700
21,3.500,0.950,302,95970
21,3.500,0.950,2,3004
21,3.500,0.950,79,11040
21,3.500,0.950,171,62735
21,3.500,0.950,115,41244
21,3.500,0.950,163,20784
21,3.500,0.950,32,72797
21,3.500,0.950,151,36032
21,3.500,0.950,30,98970
21,3.500,0.950,8,6111
21,3.500,0.950,10,3977
21,3.500,0.950,35,51949
21,3.500,0.950,149,18504
21,3.500,0.950,112,16141
21,3.500,0.950,61,40982
21,3.500,0.950,254,157443
21,3.500,0.950,151,41578
21,3.500,0.950,45,34625
21,3.500,0.950,408,115517
21,3.500,0.950,106,22819
21,3.500,0.950,63,80450
21,3.500,0.950,21,7542
21,3.500,0.950,1217,53081
21,3.500,0.950,80,46398
21,3.500,0.950,118,295773
21,3.500,0.950,1,2204
21,3.500,0.950,85,8702
21,3.500,0.950,22,6060
21,3.500,0.950,36,18275
21,3.500,0.950,45,213052
21,3.500,0.950,74,5746
21,3.500,0.950,15,30306
21,3.500,0.950,215,50197
21,3.500,0.950,54,49118
21,3.500,0.950,33,47783
21,3.500,0.950,15,6392
21,3.500,0.950,12,15322
21,3.500,0.950,163,74768
21,3.500,0.950,121,54507
21,3.500,0.950,33,79333
21,3.500,0.950,326,138122
21,3.500,0.950,31,13566
21,3.500,0.950,76,75404
21,3.500,0.950,72,98234
21,3.500,0.950,51,33240
21,3.500,0.950,188,23264
21,3.500,0.950,16,6521
21,3.500,0.950,14,8657
21,3.500,0.950,296,138662
21,3.500,0.950,187,14001
21,3.500,0.950,123,8023
21,3.500,0.950,146,37568
21,3.500,0.950,6,16146
21,3.500,0.950,68,27725
21,3.500,0.950,24,6052
21,3.500,0.950,86,124565
21,3.500,0.950,97,68196
21,3.500,0.950,24,9503
21,3.500,0.950,106,68950
21,3.500,0.950,35,73211
21,3.500,0.950,108,28217
21,3.500,0.950,180,36080
21,3.500,0.950,44,28927
21,3.500,0.950,40,39046
21,3.500,0.950,67,48273
21,3.500,0.950,65,63435
21,3.500,0.950,53,37653
21,3.500,0.950,141,137952
21,3.500,0.950,16,6899
21,3.500,0.950,416,44980
21,3.500,0.950,20,32212
21,3.500,0.950,45,42821
21,3.500,0.950,105,44245
21,3.500,0.950,12,956
21,3.500,0.950,32,67093
21,3.500,0.950,219,77414
21,3.500,0.950,12,36358
21,3.500,0.950,79,19740
21,3.500,0.950,83,36756
21,3.500,0.950,86,17044
21,3.500,0.950,43,13560
21,3.500,0.950,55,9209
21,3.500,0.950,77,24833
21,3.500,0.950,420,26348
21,3.500,0.950,12,6523
21,3.500,0.950,15,76356
21,3.500,0.950,293,107199
21,3.500,0.950,106,26972
21,3.500,0.950,237,73750
21,3.500,0.950,58,62899
21,3.500,0.950,1,2077
21,3.500,0.950,30,13727
21,3.500,0.950,59,99290
21,3.500,0.950,404,33140
21,3.500,0.950,106,31036
21,3.500,0.950,28,6758
21,3.500,0.950,126,57201
21,3.500,0.950,15,12967
21,3.500,0.950,74,56836
21,3.500,0.950,80,24159
21,3.500,0.950,3,6129
21,3.500,0.950,3,2098
21,3.500,0.950,36,252207
21,3.500,0.950,11,16291
21,3.500,0.950,4,2874
21,3.500,0.950,128,48879
21,3.500,0.950,19,28758
21,3.500,0.950,294,20283
21,3.500,0.950,20,4908
21,3.500,0.950,60,9694
21,3.500,0.950,274,7474
21,3.500,0.950,59,186663
21,3.500,0.950,42,5622
21,3.500,0.950,336,15471
21,3.500,0.950,160,5394
21,3.500,0.950,804,28370
21,3.500,0.950,72,60521
21,3.500,0.950,4,16607
21,3.500,0.950,42,25851
21,3.500,0.950,98,17991
21,3.500,0.950,24,5328
21,3.500,0.950,461,64188
21,3.500,0.950,33,20721
21,3.500,0.950,95,379427
21,3.500,0.950,101,5990
21,3.500,0.950,31,124729
21,3.500,0.950,31,62351
21,3.500,0.950,56,45569
21,3.500,0.950,2,2949
21,3.500,0.950,2,1105
21,3.500,0.950,257,17924
21,3.500,0.950,736,33164
21,3.500,0.950,188,82750
21,3.500,0.950,52,20456
21,3.500,0.950,76,47519
21,3.500,0.950,1,17357
21,3.500,0.950,348,65227
21,3.500,0.950,12,45770
21,3.500,0.950,64,13516
21,3.500,0.950,2,1652
21,3.500,0.950,109,13655
21,3.500,0.950,16,109532
21,3.500,0.950,39,16577
21,3.500,0.950,96,14334
21,3.500,0.950,190,37086
21,3.500,0.950,132,54560
21,3.500,0.950,243,64645
21,3.500,0.950,174,76159
21,3.500,0.950,114,26692
21,3.500,0.950,141,382323
21,3.500,0.950,23,102955
21,3.500,0.950,162,43911
21,3.500,0.950,11,12499
21,3.500,0.950,238,73963
21,3.500,0.950,6,13808
21,3.500,0.950,24,10757
21,3.500,0.950,274,200782
21,3.500,0.950,41,44726
21,3.500,0.950,74,34132
21,3.500,0.950,4,5493
21,3.500,0.950,34,7021
21,3.500,0.950,22,21889
21,3.500,0.950,105,16089
21,3.500,0.950,6,34424
21,3.500,0.950,117,29157
21,3.500,0.950,113,13810
21,3.500,0.950,11,13491
21,3.500,0.950,15,3519
21,3.500,0.950,62,69337
21,3.500,0.950,105,13649
21,3.500,0.950,26,15571
21,3.500,0.950,384,82522
21,3.500,0.950,82,18720
21,3.500,0.950,54,80126
21,3.500,0.950,21,6048
21,3.500,0.950,479,42697
21,3.500,0.950,28,75466
21,3.500,0.950,66,6438
21,3.500,0.950,103,92083
21,3.500,0.950,44,104419
21,3.500,0.950,14,33627
21,3.500,0.950,61,27978
21,3.500,0.950,98,41022
21,3.500,0.950,45,53800
21,3.500,0.950,141,18489
21,3.500,0.950,442,19245
21,3.500,0.950,7,11807
21,3.500,1.000,25,60
21,3.500,1.000,93,113
21,3.500,1.000,6,17
21,3.500,1.000,34,69
21,3.500,1.000,17,43
21,3.500,1.000,19,46
21,3.500,1.000,116,356
21,3.500,1.000,36,59
21,3.500,1.000,36,101
21,3.500,1.000,2,4
21,3.500,1.000,58,97
21,3.500,1.000,83,107
21,3.500,1.000,32,113
21,3.500,1.000,86,119
21,3.500,1.000,73,120
21,3.500,1.000,2,11
21,3.500,1.000,113,224
21,3.500,1.000,12,38
21,3.500,1.000,48,128
21,3.500,1.000,93,212
21,3.500,1.000,4,12
21,3.500,1.000,3,19
21,3.500,1.000,39,133
21,3.500,1.000,19,72
21,3.500,1.000,82,61
21,3.500,1.000,14,64
21,3.500,1.000,26,33
21,3.500,1.000,38,77
21,3.500,1.000,7,28
21,3.500,1.000,105,163
21,3.500,1.000,63,130
21,3.500,1.000,19,62
21,3.500,1.000,31,45
21,3.500,1.000,483,515
21,3.500,1.000,30,74
21,3.500,1.000,130,271
21,3.500,1.000,110,221
21,3.500,1.000,133,219
21,3.500,1.000,66,103
21,3.500,1.000,43,106
21,3.500,1.000,159,297
21,3.500,1.000,7,15
21,3.500,1.000,134,245
21,3.500,1.000,23,63
21,3.500,1.000,159,173
21,3.500,1.000,201,333
21,3.500,1.000,14,23
21,3.500,1.000,46,69
21,3.500,1.000,68,163
21,3.500,1.000,237,355
21,3.500,1.000,45,96
21,3.500,1.000,66,168
21,3.500,1.000,76,161
21,3.500,1.000,36,58
21,3.500,1.000,47,74
21,3.500,1.000,262,302
21,3.500,1.000,5,13
21,3.500,1.000,14,33
21,3.500,1.000,303,266
21,3.500,1.000,42,98
21,3.500,1.000,23,46
21,3.500,1.000,182,137
21,3.500,1.000,101,149
21,3.500,1.000,107,283
21,3.500,1.000,270,123
21,3.500,1.000,31,29
21,3.500,1.000,126,185
21,3.500,1.000,91,102
21,3.500,1.000,81,104
21,3.500,1.000,54,51
21,3.500,1.000,206,323
21,3.500,1.000,105,124
21,3.500,1.000,43,104
21,3.500,1.000,175,233
21,3.500,1.000,99,123
21,3.500,1.000,17,79
21,3.500,1.000,337,277
21,3.500,1.000,98,118
21,3.500,1.000,64,124
21,3.500,1.000,28,70
21,3.500,1.000,63,84
21,3.500,1.000,206,514
21,3.500,1.000,18,49
21,3.500,1.000,55,125
21,3.500,1.000,67,74
21,3.500,1.000,20,25
21,3.500,1.000,288,477
21,3.500,1.000,88,145
21,3.500,1.000,13,41
21,3.500,1.000,71,84
21,3.500,1.000,8,10
21,3.500,1.000,79,108
21,3.500,1.000,85,118
21,3.500,1.000,88,44
21,3.500,1.000,9,40
21,3.500,1.000,8,17
21,3.500,1.000,93,118
21,3.500,1.000,105,231
21,3.500,1.000,29,59
21,3.500,1.000,3,24
21,3.500,1.000,33,73
21,3.500,1.000,385,500
21,3.500,1.000,304,75
21,3.500,1.000,4,14
21,3.500,1.000,7,24
21,3.500,1.000,172,178
21,3.500,1.000,76,165
21,3.500,1.000,256,471
21,3.500,1.000,160,150
21,3.500,1.000,4,14
21,3.500,1.000,11,22
21,3.500,1.000,88,159
21,3.500,1.000,120,206
21,3.500,1.000,7,19
21,3.500,1.000,58,98
21,3.500,1.000,48,136
21,3.500,1.000,56,120
21,3.500,1.000,169,261
21,3.500,1.000,97,141
21,3.500,1.000,32,62
21,3.500,1.000,220,300
21,3.500,1.000,42,92
21,3.500,1.000,33,54
21,3.500,1.000,32,89
21,3.500,1.000,59,111
21,3.500,1.000,400,356
21,3.500,1.000,121,98
21,3.500,1.000,130,270
21,3.500,1.000,21,107
21,3.500,1.000,130,141
21,3.500,1.000,13,44
21,3.500,1.000,584,449
21,3.500,1.000,35,48
21,3.500,1.000,289,348
21,3.500,1.000,50,95
21,3.500,1.000,47,116
21,3.500,1.000,295,332
21,3.500,1.000,224,223
21,3.500,1.000,77,91
21,3.500,1.000,20,78
21,3.500,1.000,8,26
21,3.500,1.000,94,72
21,3.500,1.000,19,31
21,3.500,1.000,85,101
21,3.500,1.000,4,11
21,3.500,1.000,72,93
21,3.500,1.000,143,153
21,3.500,1.000,211,272
21,3.500,1.000,6,20
21,3.500,1.000,103,166
21,3.500,1.000,78,253
21,3.500,1.000,8,52
21,3.500,1.000,10,19
21,3.500,1.000,185,207
21,3.500,1.000,17,71
21,3.500,1.000,606,530
21,3.500,1.000,247,265
21,3.500,1.000,36,142
21,3.500,1.000,224,160
21,3.500,1.000,239,276
21,3.500,1.000,33,89
21,3.500,1.000,25,57
21,3.500,1.000,233,333
21,3.500,1.000,24,63
21,3.500,1.000,63,144
21,3.500,1.000,9,22
21,3.500,1.000,41,80
21,3.500,1.000,179,256
21,3.500,1.000,261,294
21,3.500,1.000,274,250
21,3.500,1.000,269,248
21,3.500,1.000,17,31
21,3.500,1.000,48,106
21,3.500,1.000,31,36
21,3.500,1.000,8,37
21,3.500,1.000,103,120
21,3.500,1.000,27,32
21,3.500,1.000,153,235
21,3.500,1.000,20,36
21,3.500,1.000,93,101
21,3.500,1.000,45,79
21,3.500,1.000,17,29
21,3.500,1.000,191,241
21,3.500,1.000,80,183
21,3.500,1.000,46,58
21,3.500,1.000,47,101
21,3.500,1.000,99,174
21,3.500,1.000,457,362
21,3.500,1.000,22,37
21,3.500,1.000,227,260
21,3.500,1.000,25,74
21,3.500,1.000,174,178
21,3.500,1.000,52,91
21,3.500,1.000,63,107
21,3.500,1.000,5,31
21,3.500,1.000,19,36
21,3.500,1.000,39,40
21,3.500,1.000,105,153
21,3.500,1.000,349,356
21,3.500,1.000,3,12
21,3.500,1.000,24,17
21,3.500,1.000,265,355
21,3.500,1.000,129,191
21,3.500,1.000,84,227
21,3.500,1.000,437,332
21,3.500,1.000,181,301
21,3.500,1.000,14,22
21,3.500,1.000,224,343
21,3.500,1.000,51,83
21,3.500,1.000,248,211
21,3.500,1.000,2594,1704
21,3.500,1.000,264,227
21,3.500,1.000,152,142
21,3.500,1.000,285,181
21,3.500,1.000,6,14
21,3.500,1.000,29,60
21,3.500,1.000,50,33
21,3.500,1.000,27,79
21,3.500,1.000,100,96
21,3.500,1.000,6,13
21,3.500,1.000,66,199
21,3.500,1.000,782,362
21,3.500,1.000,180,122
21,3.500,1.000,38,119
21,3.500,1.000,124,138
21,3.500,1.000,4,13
21,3.500,1.000,78,85
21,3.500,1.000,52,102
21,3.500,1.000,73,139
21,3.500,1.000,22,39
21,3.500,1.000,4,21
21,3.500,1.000,78,203
21,3.500,1.000,253,292
21,3.500,1.000,19,41
21,3.500,1.000,27,58
21,3.500,1.000,40,67
21,3.500,1.000,118,201
21,3.500,1.000,49,76
21,3.500,1.000,20,42
21,3.500,1.000,51,125
21,3.500,1.000,68,103
21,3.500,1.000,119,148
21,3.500,1.000,311,543
21,3.500,1.000,47,102
21,3.500,1.000,39,78
21,3.500,1.000,30,88
21,3.500,1.000,327,405
21,3.500,1.000,23,80
21,3.500,1.000,41,93
21,3.500,1.000,71,80
21,3.500,1.000,196,368
21,3.500,1.000,144,244
21,3.500,1.000,101,194
21,3.500,1.000,95,92
21,3.500,1.000,84,142
21,3.500,1.000,333,308
21,3.500,1.000,146,272
21,3.500,1.000,8,27
21,3.500,1.000,108,270
21,3.500,1.000,114,243
21,3.500,1.000,43,109
21,3.500,1.000,471,481
21,3.500,1.000,14,52
21,3.500,1.000,97,220
21,3.500,1.000,17,60
21,3.500,1.000,104,122
21,3.500,1.000,72,175
21,3.500,1.000,8,20
21,3.500,1.000,381,230
21,3.500,1.000,78,169
21,3.500,1.000,43,75
21,3.500,1.000,130,81
21,3.500,1.000,207,322
21,3.500,1.000,28,72
21,3.500,1.000,32,100
21,3.500,1.000,86,107
21,3.500,1.000,66,87
21,3.500,1.000,18,46
21,3.500,1.000,103,123
21,3.500,1.000,227,270
21,3.500,1.000,27,30
21,3.500,1.000,394,237
21,3.500,1.000,433,416
21,3.500,1.000,8,11
21,3.500,1.000,200,193
21,3.500,1.000,59,186
21,3.500,1.000,66,94
21,3.500,1.000,261,312
21,3.500,1.000,1118,908
21,3.500,1.000,214,186
21,3.500,1.000,50,101
22,3.500,0.200,8,3565
22,3.500,0.200,202,530982
22,3.500,0.200,82,29532
22,3.500,0.200,269,50411
22,3.500,0.200,676,349457
22,3.500,0.200,128,41396
22,3.500,0.200,132,108320
22,3.500,0.200,48,25170
22,3.500,0.200,69,13296
22,3.500,0.200,157,176604
22,3.500,0.200,78,57499
22,3.500,0.200,53,6858
22,3.500,0.200,28,13241
22,3.500,0.200,83,107570
22,3.500,0.200,23,94333
22,3.500,0.200,97,45201
22,3.500,0.200,27,34527
22,3.500,0.200,127,230190
22,3.500,0.200,12,216488
22,3.500,0.200,173,286199
22,3.500,0.200,45,42652
22,3.500,0.200,236,436425
22,3.500,0.200,82,42129
22,3.500,0.200,134,22571
22,3.500,0.200,3,53354
22,3.500,0.200,101,22620
22,3.500,0.200,11,24846
22,3.500,0.200,44,16014
22,3.500,0.200,33,22232
22,3.500,0.200,113,433603
22,3.500,0.200,55,115985
22,3.500,0.200,79,65127
22,3.500,0.200,102,202283
22,3.500,0.200,368,222891
22,3.500,0.200,172,39260
22,3.500,0.200,362,723593
22,3.500,0.200,47,6024
22,3.500,0.200,41,71431
22,3.500,0.200,100,51846
22,3.500,0.200,47,38605
22,3.500,0.200,175,12754
22,3.500,0.200,16,26717
22,3.500,0.200,38,25657
22,3.500,0.200,64,41357
22,3.500,0.200,178,81030
22,3.500,0.200,69,44869
22,3.500,0.200,193,110901
22,3.500,0.200,705,143913
22,3.500,0.200,152,133034
22,3.500,0.200,54,24413
22,3.500,0.200,72,255543
22,3.500,0.200,14,9624
22,3.500,0.200,307,74532
22,3.500,0.200,243,119827
22,3.500,0.200,97,38130
22,3.500,0.200,76,15399
22,3.500,0.200,142,106885
22,3.500,0.200,41,6156
22,3.500,0.200,169,90814
22,3.500,0.200,180,192043
22,3.500,0.200,62,29518
22,3.500,0.200,77,127919
22,3.500,0.200,26,17117
22,3.500,0.200,5,27253
22,3.500,0.200,21,178693
22,3.500,0.200,102,76195
22,3.500,0.200,155,102017
22,3.500,0.200,519,232420
22,3.500,0.200,44,2219
22,3.500,0.200,256,117142
22,3.500,0.200,258,34115
22,3.500,0.200,76,201148
22,3.500,0.200,190,930636
22,3.500,0.200,57,75815
22,3.500,0.200,19,91959
22,3.500,0.200,200,116015
22,3.500,0.200,9,12125
22,3.500,0.200,113,197260
22,3.500,0.200,6,5563
22,3.500,0.200,60,20674
22,3.500,0.200,365,28942
22,3.500,0.200,231,114800
22,3.500,0.200,52,33241
22,3.500,0.200,132,96158
22,3.500,0.200,34,64569
22,3.500,0.200,155,133356
22,3.500,0.200,27,34715
22,3.500,0.200,128,38442
22,3.500,0.200,125,54189
22,3.500,0.200,200,97825
22,3.500,0.200,40,8965
22,3.500,0.200,141,57527
22,3.500,0.200,247,176107
22,3.500,0.200,66,18315
22,3.500,0.200,177,65423
22,3.500,0.200,251,105413
22,3.500,0.200,115,56134
22,3.500,0.200,84,180947
22,3.500,0.200,121,38476
22,3.500,0.200,4,30647
22,3.500,0.200,122,62120
22,3.500,0.200,28,5366
22,3.500,0.200,31,16633
22,3.500,0.200,130,101234
22,3.500,0.200,23,6592
22,3.500,0.200,68,23900
22,3.500,0.200,59,43017
22,3.500,0.200,333,72021
22,3.500,0.200,43,15066
22,3.500,0.200,88,60249
22,3.500,0.200,37,46114
22,3.500,0.200,216,107271
22,3.500,0.200,100,47579
22,3.500,0.200,723,226045
22,3.500,0.200,52,48913
22,3.500,0.200,57,37452
22,3.500,0.200,52,107766
22,3.500,0.200,36,17189
22,3.500,0.200,93,16758
22,3.500,0.200,60,86622
22,3.500,0.200,57,272976
22,3.500,0.200,265,71143
22,3.500,0.200,249,41100
22,3.500,0.200,304,45067
22,3.500,0.200,305,115796
22,3.500,0.200,143,59250
22,3.500,0.200,7,5642
22,3.500,0.200,77,33845
22,3.500,0.200,86,24899
22,3.500,0.200,39,19859
22,3.500,0.200,86,151172
22,3.500,0.200,73,131047
22,3.500,0.200,134,82358
22,3.500,0.200,211,169575
22,3.500,0.200,160,17885
22,3.500,0.200,134,81649
22,3.500,0.200,321,370576
22,3.500,0.200,24,35763
22,3.500,0.200,128,105281
22,3.500,0.200,146,68966
22,3.500,0.200,375,65551
22,3.500,0.200,74,18318
22,3.500,0.200,157,277359
22,3.500,0.200,21,11828
22,3.500,0.200,231,25592
22,3.500,0.200,55,46281
22,3.500,0.200,33,9833
22,3.500,0.200,37,55769
22,3.500,0.200,2,41294
22,3.500,0.200,90,9856
22,3.500,0.200,51,21684
22,3.500,0.200,14,24802
22,3.500,0.200,181,20093
22,3.500,0.200,115,18034
22,3.500,0.200,85,61197
22,3.500,0.200,48,205229
22,3.500,0.200,616,71652
22,3.500,0.200,377,130738
22,3.500,0.200,96,28156
22,3.500,0.200,43,25449
22,3.500,0.200,22,2015
22,3.500,0.200,140,14045
22,3.500,0.200,729,78075
22,3.500,0.200,34,29736
22,3.500,0.200,67,46048
22,3.500,0.200,41,2160
22,3.500,0.200,85,115285
22,3.500,0.200,178,149782
22,3.500,0.200,170,144690
22,3.500,0.200,288,52134
22,3.500,0.200,162,61941
22,3.500,0.200,228,52714
22,3.500,0.200,58,39929
22,3.500,0.200,734,34863
22,3.500,0.200,37,78104
22,3.500,0.200,94,87983
22,3.500,0.200,36,30379
22,3.500,0.200,178,34117
22,3.500,0.200,137,82085
22,3.500,0.200,36,18438
22,3.500,0.200,55,47267
22,3.500,0.200,45,226930
22,3.500,0.200,37,91720
22,3.500,0.200,79,135098
22,3.500,0.200,331,53216
22,3.500,0.200,44,36192
22,3.500,0.200,15,191733
22,3.500,0.200,4,26794
22,3.500,0.200,53,66572
22,3.500,0.200,4,8735
22,3.500,0.200,112,249987
22,3.500,0.200,75,222884
22,3.500,0.200,98,37770
22,3.500,0.200,36,28904
22,3.500,0.200,7,4157
22,3.500,0.200,245,136449
22,3.500,0.200,75,44158
22,3.500,0.200,136,102769
22,3.500,0.200,84,26284
22,3.500,0.200,240,68032
22,3.500,0.200,15,37068
22,3.500,0.200,60,32469
22,3.500,0.200,93,89578
22,3.500,0.200,41,52200
22,3.500,0.200,26,5264
22,3.500,0.200,8,169722
22,3.500,0.200,937,273148
22,3.500,0.200,107,11978
22,3.500,0.200,152,563706
22,3.500,0.200,252,85432
22,3.500,0.200,17,234817
22,3.500,0.200,38,1853
22,3.500,0.200,16,9667
22,3.500,0.200,31,164212
22,3.500,0.200,201,293303
22,3.500,0.200,138,71066
22,3.500,0.200,18,45853
22,3.500,0.200,39,4451
22,3.500,0.200,289,82527
22,3.500,0.200,71,119471
22,3.500,0.200,820,105691
22,3.500,0.200,258,42797
22,3.500,0.200,38,82592
22,3.500,0.200,125,282659
22,3.500,0.200,24,32768
22,3.500,0.200,44,43430
22,3.500,0.200,4,1845
22,3.500,0.200,271,78097
22,3.500,0.200,108,56437
22,3.500,0.200,63,61677
22,3.500,0.200,20,9001
22,3.500,0.200,124,53212
22,3.500,0.200,137,39762
22,3.500,0.200,309,239551
22,3.500,0.200,225,54035
22,3.500,0.200,2,627
22,3.500,0.200,184,93919
22,3.500,0.200,38,35099
22,3.500,0.200,336,101100
22,3.500,0.200,130,206110
22,3.500,0.200,26,172880
22,3.500,0.200,9,2710
22,3.500,0.200,62,22415
22,3.500,0.200,400,43047
22,3.500,0.200,16,4116
22,3.500,0.200,131,119175
22,3.500,0.200,234,108331
22,3.500,0.200,144,22826
22,3.500,0.200,201,221602
22,3.500,0.200,34,80741
22,3.500,0.200,78,184010
22,3.500,0.200,20,76488
22,3.500,0.200,137,15702
22,3.500,0.200,38,38485
22,3.500,0.200,171,17998
22,3.500,0.200,130,133912
22,3.500,0.200,81,31090
22,3.500,0.200,74,180493
22,3.500,0.200,14,27126
22,3.500,0.200,346,505907
22,3.500,0.200,196,56925
22,3.500,0.200,351,67845
22,3.500,0.200,140,54040
22,3.500,0.200,33,10363
22,3.500,0.200,7,1855
22,3.500,0.200,179,225738
22,3.500,0.200,192,80246
22,3.500,0.200,45,197868
22,3.500,0.200,21,47595
22,3.500,0.200,41,467678
22,3.500,0.200,40,14595
22,3.500,0.200,68,8637
22,3.500,0.200,62,50511
22,3.500,0.200,78,41903
22,3.500,0.200,39,171615
22,3.500,0.200,366,418757
22,3.500,0.200,159,28125
22,3.500,0.200,5,62369
22,3.500,0.200,150,188921
22,3.500,0.200,98,72190
22,3.500,0.200,90,312245
22,3.500,0.200,28,189984
22,3.500,0.200,129,124852
22,3.500,0.200,190,107483
22,3.500,0.200,332,23713
22,3.500,0.200,28,127195
22,3.500,0.200,36,208006
22,3.500,0.200,42,31030
22,3.500,0.200,11,5630
22,3.500,0.200,305,54937
22,3.500,0.200,77,43812
22,3.500,0.500,40,20563
22,3.500,0.500,291,156936
22,3.500,0.500,17,56917
22,3.500,0.500,196,591085
22,3.500,0.500,32,5067
22,3.500,0.500,964,238424
22,3.500,0.500,1,6045
22,3.500,0.500,58,49776
22,3.500,0.500,178,89981
22,3.500,0.500,70,56519
22,3.500,0.500,348,91549
22,3.500,0.500,20,13219
22,3.500,0.500,68,27387
22,3.500,0.500,19,34016
22,3.500,0.500,45,102183
22,3.500,0.500,134,11332
22,3.500,0.500,4,2414
22,3.500,0.500,81,29110
22,3.500,0.500,220,53341
22,3.500,0.500,5,5985
22,3.500,0.500,269,22260
22,3.500,0.500,84,71260
22,3.500,0.500,250,98959
22,3.500,0.500,89,31508
22,3.500,0.500,84,42585
22,3.500,0.500,36,102619
22,3.500,0.500,31,9031
22,3.500,0.500,5,4591
22,3.500,0.500,140,48757
22,3.500,0.500,13,28531
22,3.500,0.500,227,142724
22,3.500,0.500,23,143381
22,3.500,0.500,161,13316
22,3.500,0.500,322,102728
22,3.500,0.500,80,18344
22,3.500,0.500,6,880
22,3.500,0.500,136,145572
22,3.500,0.500,112,24558
22,3.500,0.500,132,37229
22,3.500,0.500,309,63125
22,3.500,0.500,34,31492
22,3.500,0.500,75,39830
22,3.500,0.500,22,32944
22,3.500,0.500,60,24168
22,3.500,0.500,23,36499
22,3.500,0.500,55,37496
22,3.500,0.500,98,25572
22,3.500,0.500,60,12854
22,3.500,0.500,384,100035
22,3.500,0.500,134,107114
22,3.500,0.500,48,8559
22,3.500,0.500,94,93349
22,3.500,0.500,71,54732
22,3.500,0.500,122,85864
22,3.500,0.500,167,264536
22,3.500,0.500,939,1121850
22,3.500,0.500,6,6868
22,3.500,0.500,44,15059
22,3.500,0.500,109,188915
22,3.500,0.500,148,10814
22,3.500,0.500,150,493441
22,3.500,0.500,111,61983
22,3.500,0.500,543,136847
22,3.500,0.500,208,76409
22,3.500,0.500,273,61657
22,3.500,0.500,158,28990
22,3.500,0.500,220,75277
22,3.500,0.500,107,41766
22,3.500,0.500,313,28242
22,3.500,0.500,7,11620
22,3.500,0.500,301,46030
22,3.500,0.500,13,2997
22,3.500,0.500,454,210532
22,3.500,0.500,3,62249
22,3.500,0.500,89,81305
22,3.500,0.500,17,4574
22,3.500,0.500,153,83777
22,3.500,0.500,23,10272
22,3.500,0.500,38,91962
22,3.500,0.500,707,117813
22,3.500,0.500,8,3150
22,3.500,0.500,127,130918
22,3.500,0.500,93,80061
22,3.500,0.500,22,235753
22,3.500,0.500,11,22737
22,3.500,0.500,121,77128
22,3.500,0.500,225,74574
22,3.500,0.500,21,20000
22,3.500,0.500,127,28688
22,3.500,0.500,46,20033
22,3.500,0.500,188,156112
22,3.500,0.500,85,33222
22,3.500,0.500,469,238102
22,3.500,0.500,135,84716
22,3.500,0.500,9,8887
22,3.500,0.500,90,122324
22,3.500,0.500,21,12576
22,3.500,0.500,91,8981
22,3.500,0.500,9,4663
22,3.500,0.500,66,22663
22,3.500,0.500,93,98242
22,3.500,0.500,137,109790
22,3.500,0.500,48,35131
22,3.500,0.500,130,111309
22,3.500,0.500,54,75031
22,3.500,0.500,7,7794
22,3.500,0.500,61,112264
22,3.500,0.500,29,98476
22,3.500,0.500,40,34520
22,3.500,0.500,242,68216
22,3.500,0.500,16,22876
22,3.500,0.500,87,63396
22,3.500,0.500,45,1151
22,3.500,0.500,57,51760
22,3.500,0.500,19,5373
22,3.500,0.500,56,26529
22,3.500,0.500,138,201087
22,3.500,0.500,307,35727
22,3.500,0.500,141,46765
22,3.500,0.500,84,43224
22,3.500,0.500,35,187746
22,3.500,0.500,14,123725
22,3.500,0.500,473,261927
22,3.500,0.500,467,109758
22,3.500,0.500,20,13224
22,3.500,0.500,63,31810
22,3.500,0.500,97,157544
22,3.500,0.500,61,117580
22,3.500,0.500,32,7751
22,3.500,0.500,5,7382
22,3.500,0.500,134,160644
22,3.500,0.500,362,50778
22,3.500,0.500,453,60485
22,3.500,0.500,67,39318
22,3.500,0.500,113,237907
22,3.500,0.500,142,58816
22,3.500,0.500,299,138944
22,3.500,0.500,42,99022
22,3.500,0.500,556,199240
22,3.500,0.500,2,6744
22,3.500,0.500,16,11903
22,3.500,0.500,100,86833
22,3.500,0.500,81,113295
22,3.500,0.500,2,56231
22,3.500,0.500,125,22318
22,3.500,0.500,435,197486
22,3.500,0.500,122,327213
22,3.500,0.500,38,85336
22,3.500,0.500,75,151382
22,3.500,0.500,94,145823
22,3.500,0.500,17,28226
22,3.500,0.500,89,57775
22,3.500,0.500,79,120449
22,3.500,0.500,5,4784
22,3.500,0.500,123,14375
22,3.500,0.500,128,103640
22,3.500,0.500,194,109037
22,3.500,0.500,250,214713
22,3.500,0.500,38,22480
22,3.500,0.500,658,66595
22,3.500,0.500,14,14832
22,3.500,0.500,166,128225
22,3.500,0.500,850,74935
22,3.500,0.500,64,11747
22,3.500,0.500,224,48213
22,3.500,0.500,39,35393
22,3.500,0.500,119,196257
22,3.500,0.500,30,13386
22,3.500,0.500,129,159508
22,3.500,0.500,194,50955
22,3.500,0.500,17,11417
22,3.500,0.500,91,84317
22,3.500,0.500,109,39990
22,3.500,0.500,152,45518
22,3.500,0.500,6,2216
22,3.500,0.500,295,145844
22,3.500,0.500,59,2876
22,3.500,0.500,363,135859
22,3.500,0.500,115,106627
22,3.500,0.500,340,120307
22,3.500,0.500,258,73953
22,3.500,0.500,39,9276
22,3.500,0.500,99,173790
22,3.500,0.500,147,9755
22,3.500,0.500,61,141666
22,3.500,0.500,58,4500
22,3.500,0.500,233,35655
22,3.500,0.500,196,71773
22,3.500,0.500,11,84261
22,3.500,0.500,79,96146
22,3.500,0.500,134,106191
22,3.500,0.500,130,28999
22,3.500,0.500,275,335904
22,3.500,0.500,425,98493
22,3.500,0.500,568,42664
22,3.500,0.500,194,375594
22,3.500,0.500,56,88116
22,3.500,0.500,17,93911
22,3.500,0.500,29,125740
22,3.500,0.500,115,71066
22,3.500,0.500,61,21227
22,3.500,0.500,23,44974
22,3.500,0.500,129,41962
22,3.500,0.500,4,310
22,3.500,0.500,46,16817
22,3.500,0.500,17,17717
22,3.500,0.500,26,3179
22,3.500,0.500,228,30033
22,3.500,0.500,1,297
22,3.500,0.500,315,46646
22,3.500,0.500,44,47743
22,3.500,0.500,100,78673
22,3.500,0.500,176,101835
22,3.500,0.500,71,26663
22,3.500,0.500,25,13198
22,3.500,0.500,59,45948
22,3.500,0.500,169,10812
22,3.500,0.500,218,113180
22,3.500,0.500,222,744301
22,3.500,0.500,216,51877
22,3.500,0.500,33,32217
22,3.500,0.500,100,407431
22,3.500,0.500,253,48915
22,3.500,0.500,46,26308
22,3.500,0.500,26,5562
22,3.500,0.500,50,26036
22,3.500,0.500,174,8990
22,3.500,0.500,8,83806
22,3.500,0.500,35,12013
22,3.500,0.500,19,152023
22,3.500,0.500,58,686477
22,3.500,0.500,112,17698
22,3.500,0.500,58,12194
22,3.500,0.500,68,14489
22,3.500,0.500,39,13140
22,3.500,0.500,34,22501
22,3.500,0.500,44,59021
22,3.500,0.500,16,32466
22,3.500,0.500,94,48771
22,3.500,0.500,166,183265
22,3.500,0.500,141,83112
22,3.500,0.500,84,113528
22,3.500,0.500,72,30962
22,3.500,0.500,153,428961
22,3.500,0.500,231,252328
22,3.500,0.500,381,115013
22,3.500,0.500,125,241545
22,3.500,0.500,185,21804
22,3.500,0.500,57,56435
22,3.500,0.500,15,94400
22,3.500,0.500,136,115252
22,3.500,0.500,76,119422
22,3.500,0.500,81,54340
22,3.500,0.500,95,37788
22,3.500,0.500,292,113425
22,3.500,0.500,80,96497
22,3.500,0.500,25,29373
22,3.500,0.500,68,25750
22,3.500,0.500,224,65603
22,3.500,0.500,187,45542
22,3.500,0.500,26,36841
22,3.500,0.500,304,33920
22,3.500,0.500,221,169423
22,3.500,0.500,78,14337
22,3.500,0.500,64,10867
22,3.500,0.500,2,1586
22,3.500,0.500,68,63312
22,3.500,0.500,158,112963
22,3.500,0.500,275,55482
22,3.500,0.500,23,13890
22,3.500,0.500,22,6756
22,3.500,0.500,16,3867
22,3.500,0.500,156,71654
22,3.500,0.500,75,84358
22,3.500,0.500,77,76702
22,3.500,0.500,883,23004
22,3.500,0.500,18,7750
22,3.500,0.500,196,63379
22,3.500,0.500,106,67544
22,3.500,0.500,135,331850
22,3.500,0.500,981,75616
22,3.500,0.500,11,89390
22,3.500,0.500,16,24120
22,3.500,0.500,68,36060
22,3.500,0.500,82,39979
22,3.500,0.500,79,30964
22,3.500,0.500,9,7443
22,3.500,0.500,105,110624
22,3.500,0.500,598,125355
22,3.500,0.500,108,230739
22,3.500,0.500,5,10810
22,3.500,0.750,4,13948
22,3.500,0.750,56,59688
22,3.500,0.750,62,195131
22,3.500,0.750,173,35536
22,3.500,0.750,197,188102
22,3.500,0.750,41,14156
22,3.500,0.750,133,308882
22,3.500,0.750,575,28827
22,3.500,0.750,37,26349
22,3.500,0.750,31,119002
22,3.500,0.750,230,13269
22,3.500,0.750,12,13422
22,3.500,0.750,113,164540
22,3.500,0.750,421,706723
22,3.500,0.750,18,12528
22,3.500,0.750,116,29739
22,3.500,0.750,527,128838
22,3.500,0.750,7,13036
22,3.500,0.750,78,342389
22,3.500,0.750,109,346567
22,3.500,0.750,146,87447
22,3.500,0.750,46,106831
22,3.500,0.750,608,135797
22,3.500,0.750,143,33965
22,3.500,0.750,244,220433
22,3.500,0.750,73,25923
22,3.500,0.750,168,32532
22,3.500,0.750,366,102096
22,3.500,0.750,87,36346
22,3.500,0.750,256,414296
22,3.500,0.750,12,12851
22,3.500,0.750,140,50414
22,3.500,0.750,97,465136
22,3.500,0.750,456,358681
22,3.500,0.750,342,55001
22,3.500,0.750,34,11750
22,3.500,0.750,117,15862
22,3.500,0.750,127,31779
22,3.500,0.750,191,83567
22,3.500,0.750,76,48300
22,3.500,0.750,176,22487
22,3.500,0.750,7,5507
22,3.500,0.750,16,37190
22,3.500,0.750,86,9707
22,3.500,0.750,71,29229
22,3.500,0.750,65,19534
22,3.500,0.750,12,51781
22,3.500,0.750,162,319306
22,3.500,0.750,523,124016
22,3.500,0.750,166,350249
22,3.500,0.750,48,71979
22,3.500,0.750,10,105635
22,3.500,0.750,39,105059
22,3.500,0.750,20,6906
22,3.500,0.750,107,130227
22,3.500,0.750,334,448740
22,3.500,0.750,66,72154
22,3.500,0.750,63,64626
22,3.500,0.750,8,9766
22,3.500,0.750,15,69005
22,3.500,0.750,114,429335
22,3.500,0.750,19,10102
22,3.500,0.750,296,116091
22,3.500,0.750,21,14889
22,3.500,0.750,110,18753
22,3.500,0.750,677,152631
22,3.500,0.750,79,117181
22,3.500,0.750,180,211852
22,3.500,0.750,40,2500
22,3.500,0.750,74,82814
22,3.500,0.750,4,11325
22,3.500,0.750,56,15449
22,3.500,0.750,48,164078
22,3.500,0.750,117,71138
22,3.500,0.750,62,19640
22,3.500,0.750,128,84286
22,3.500,0.750,340,79976
22,3.500,0.750,136,34730
22,3.500,0.750,91,53228
22,3.500,0.750,241,50472
22,3.500,0.750,230,13624
22,3.500,0.750,211,98944
22,3.500,0.750,29,91027
22,3.500,0.750,89,124670
22,3.500,0.750,65,48246
22,3.500,0.750,120,65152
22,3.500,0.750,151,28686
22,3.500,0.750,57,31341
22,3.500,0.750,252,196802
22,3.500,0.750,131,18148
22,3.500,0.750,20,15630
22,3.500,0.750,572,124174
22,3.500,0.750,326,179764
22,3.500,0.750,19,43365
22,3.500,0.750,387,144642
22,3.500,0.750,239,163223
22,3.500,0.750,16,53063
22,3.500,0.750,13,24111
22,3.500,0.750,58,51150
22,3.500,0.750,89,103900
22,3.500,0.750,31,21300
22,3.500,0.750,826,222755
22,3.500,0.750,54,113796
22,3.500,0.750,224,121528
22,3.500,0.750,74,107663
22,3.500,0.750,201,137159
22,3.500,0.750,883,131778
22,3.500,0.750,155,102184
22,3.500,0.750,175,225367
22,3.500,0.750,49,108383
22,3.500,0.750,115,43190
22,3.500,0.750,192,28477
22,3.500,0.750,245,114678
22,3.500,0.750,29,28471
22,3.500,0.750,34,5001
22,3.500,0.750,35,26890
22,3.500,0.750,43,33191
22,3.500,0.750,379,54232
22,3.500,0.750,199,182557
22,3.500,0.750,101,85779
22,3.500,0.750,334,15656
22,3.500,0.750,50,107950
22,3.500,0.750,268,775646
22,3.500,0.750,7,9137
22,3.500,0.750,102,17807
22,3.500,0.750,4,1683
22,3.500,0.750,27,24499
22,3.500,0.750,98,21437
22,3.500,0.750,168,98438
22,3.500,0.750,19,9047
22,3.500,0.750,117,107306
22,3.500,0.750,423,199776
22,3.500,0.750,250,87864
22,3.500,0.750,6,2967
22,3.500,0.750,275,54412
22,3.500,0.750,268,62868
22,3.500,0.750,574,75699
22,3.500,0.750,21,13470
22,3.500,0.750,97,57972
22,3.500,0.750,187,31326
22,3.500,0.750,470,191392
22,3.500,0.750,61,8478
22,3.500,0.750,62,71510
22,3.500,0.750,108,82798
22,3.500,0.750,51,21881
22,3.500,0.750,98,42229
22,3.500,0.750,16,12145
22,3.500,0.750,89,28883
22,3.500,0.750,61,64410
22,3.500,0.750,54,106987
22,3.500,0.750,249,42880
22,3.500,0.750,145,83201
22,3.500,0.750,192,36526
22,3.500,0.750,42,102433
22,3.500,0.750,42,192212
22,3.500,0.750,12,754
22,3.500,0.750,40,31531
22,3.500,0.750,57,32533
22,3.500,0.750,237,211827
22,3.500,0.750,147,141720
22,3.500,0.750,646,353695
22,3.500,0.750,36,58439
22,3.500,0.750,31,16786
22,3.500,0.750,15,91595
22,3.500,0.750,4,67550
22,3.500,0.750,148,18347
22,3.500,0.750,121,335272
22,3.500,0.750,26,34468
22,3.500,0.750,87,118593
22,3.500,0.750,28,18711
22,3.500,0.750,855,857140
22,3.500,0.750,37,70686
22,3.500,0.750,87,35834
22,3.500,0.750,17,4729
22,3.500,0.750,110,152536
22,3.500,0.750,37,15113
22,3.500,0.750,215,106765
22,3.500,0.750,101,11894
22,3.500,0.750,94,26677
22,3.500,0.750,198,122859
22,3.500,0.750,41,5409
22,3.500,0.750,44,9872
22,3.500,0.750,74,42077
22,3.500,0.750,83,44368
22,3.500,0.750,60,43689
22,3.500,0.750,115,141359
22,3.500,0.750,74,27225
22,3.500,0.750,20,59055
22,3.500,0.750,21,43420
22,3.500,0.750,34,21633
22,3.500,0.750,285,16635
22,3.500,0.750,14,28506
22,3.500,0.750,137,377383
22,3.500,0.750,18,3166
22,3.500,0.750,1075,92600
22,3.500,0.750,62,66758
22,3.500,0.750,51,12036
22,3.500,0.750,5,16936
22,3.500,0.750,143,40820
22,3.500,0.750,149,183729
22,3.500,0.750,39,21704
22,3.500,0.750,127,192861
22,3.500,0.750,221,149927
22,3.500,0.750,43,94101
22,3.500,0.750,202,84649
22,3.500,0.750,166,27616
22,3.500,0.750,14,41378
22,3.500,0.750,49,60958
22,3.500,0.750,14,1096
22,3.500,0.750,105,87238
22,3.500,0.750,99,43115
22,3.500,0.750,42,169241
22,3.500,0.750,10,54230
22,3.500,0.750,224,72382
22,3.500,0.750,43,65541
22,3.500,0.750,50,212831
22,3.500,0.750,55,53056
22,3.500,0.750,50,59892
22,3.500,0.750,146,63806
22,3.500,0.750,17,79899
22,3.500,0.750,8,801
22,3.500,0.750,35,42525
22,3.500,0.750,333,571242
22,3.500,0.750,164,204651
22,3.500,0.750,128,32353
22,3.500,0.750,22,85636
22,3.500,0.750,604,167500
22,3.500,0.750,59,61116
22,3.500,0.750,8,54522
22,3.500,0.750,191,26883
22,3.500,0.750,349,40816
22,3.500,0.750,32,34253
22,3.500,0.750,272,146334
22,3.500,0.750,125,53911
22,3.500,0.750,15,180080
22,3.500,0.750,273,82074
22,3.500,0.750,32,11543
22,3.500,0.750,52,38585
22,3.500,0.750,537,174848
22,3.500,0.750,197,64785
22,3.500,0.750,4,17479
22,3.500,0.750,42,2317
22,3.500,0.750,27,13025
22,3.500,0.750,28,104206
22,3.500,0.750,8,76506
22,3.500,0.750,20,13926
22,3.500,0.750,203,130577
22,3.500,0.750,581,97492
22,3.500,0.750,7,4220
22,3.500,0.750,16,16368
22,3.500,0.750,77,33615
22,3.500,0.750,212,157549
22,3.500,0.750,6,6421
22,3.500,0.750,77,83621
22,3.500,0.750,497,150926
22,3.500,0.750,74,14814
22,3.500,0.750,290,203450
22,3.500,0.750,80,49315
22,3.500,0.750,265,352508
22,3.500,0.750,164,9778
22,3.500,0.750,64,138372
22,3.500,0.750,67,56643
22,3.500,0.750,19,27360
22,3.500,0.750,6,769
22,3.500,0.750,35,77797
22,3.500,0.750,362,267887
22,3.500,0.750,124,295545
22,3.500,0.750,37,41188
22,3.500,0.750,279,7723
22,3.500,0.750,66,46704
22,3.500,0.750,69,40102
22,3.500,0.750,283,163718
22,3.500,0.750,112,58142
22,3.500,0.750,290,163945
22,3.500,0.750,142,46046
22,3.500,0.750,430,28198
22,3.500,0.750,37,67517
22,3.500,0.750,73,1090178
22,3.500,0.750,11,5307
22,3.500,0.750,161,1275104
22,3.500,0.750,29,91006
22,3.500,0.750,42,56856
22,3.500,0.750,101,89723
22,3.500,0.750,127,27812
22,3.500,0.750,324,65303
22,3.500,0.750,339,605999
22,3.500,0.750,49,62082
22,3.500,0.750,554,631346
22,3.500,0.750,7,23487
22,3.500,0.750,458,58842
22,3.500,0.750,92,8569
22,3.500,0.750,2,2177
22,3.500,0.750,38,18476
22,3.500,0.750,1,194
22,3.500,0.750,609,603509
22,3.500,0.750,34,36709
22,3.500,0.900,507,133167
22,3.500,0.900,13,5073
22,3.500,0.900,38,154608
22,3.500,0.900,63,197687
22,3.500,0.900,94,105903
22,3.500,0.900,40,2876
22,3.500,0.900,522,82194
22,3.500,0.900,50,9407
22,3.500,0.900,52,8400
22,3.500,0.900,255,10670
22,3.500,0.900,51,17669
22,3.500,0.900,1,1753
22,3.500,0.900,14,36392
22,3.500,0.900,79,15336
22,3.500,0.900,123,26459
22,3.500,0.900,340,14324
22,3.500,0.900,87,110894
22,3.500,0.900,60,27875
22,3.500,0.900,21,2349
22,3.500,0.900,239,51923
22,3.500,0.900,82,34789
22,3.500,0.900,207,83363
22,3.500,0.900,110,374557
22,3.500,0.900,195,9369
22,3.500,0.900,22,9996
22,3.500,0.900,73,38330
22,3.500,0.900,78,41166
22,3.500,0.900,87,29104
22,3.500,0.900,134,158373
22,3.500,0.900,23,135826
22,3.500,0.900,48,71415
22,3.500,0.900,51,7305
22,3.500,0.900,550,52587
22,3.500,0.900,5,128093
22,3.500,0.900,139,91476
22,3.500,0.900,51,258948
22,3.500,0.900,73,78611
22,3.500,0.900,242,62743
22,3.500,0.900,174,215021
22,3.500,0.900,82,15033
22,3.500,0.900,196,192023
22,3.500,0.900,44,51171
22,3.500,0.900,2,67866
22,3.500,0.900,154,287220
22,3.500,0.900,145,66539
22,3.500,0.900,51,21453
22,3.500,0.900,56,64813
22,3.500,0.900,56,21455
22,3.500,0.900,91,220142
22,3.500,0.900,208,138321
22,3.500,0.900,58,90290
22,3.500,0.900,610,40144
22,3.500,0.900,1167,435142
22,3.500,0.900,131,35555
22,3.500,0.900,39,25197
22,3.500,0.900,56,224605
22,3.500,0.900,67,303814
22,3.500,0.900,66,25127
22,3.500,0.900,15,38674
22,3.500,0.900,100,8815
22,3.500,0.900,149,48228
22,3.500,0.900,12,10555
22,3.500,0.900,3,7983
22,3.500,0.900,174,220157
22,3.500,0.900,108,22485
22,3.500,0.900,81,57040
22,3.500,0.900,179,104781
22,3.500,0.900,1189,426471
22,3.500,0.900,61,82637
22,3.500,0.900,40,12570
22,3.500,0.900,72,174841
22,3.500,0.900,49,74065
22,3.500,0.900,232,33209
22,3.500,0.900,243,76431
22,3.500,0.900,246,386269
22,3.500,0.900,199,117461
22,3.500,0.900,231,3705
22,3.500,0.900,57,85022
22,3.500,0.900,135,40281
22,3.500,0.900,69,26959
22,3.500,0.900,27,17144
22,3.500,0.900,808,117282
22,3.500,0.900,175,84236
22,3.500,0.900,40,14276
22,3.500,0.900,3,6429
22,3.500,0.900,127,469544
22,3.500,0.900,60,74148
22,3.500,0.900,9,5383
22,3.500,0.900,134,148179
22,3.500,0.900,225,33452
22,3.500,0.900,16,14042
22,3.500,0.900,79,314204
22,3.500,0.900,251,173600
22,3.500,0.900,244,71458
22,3.500,0.900,279,18920
22,3.500,0.900,235,38243
22,3.500,0.900,706,173723
22,3.500,0.900,3,7285
22,3.500,0.900,166,256601
22,3.500,0.900,502,14089
22,3.500,0.900,36,25479
22,3.500,0.900,1,30502
22,3.500,0.900,115,56479
22,3.500,0.900,6,2952
22,3.500,0.900,9,12281
22,3.500,0.900,20,42966
22,3.500,0.900,200,20120
22,3.500,0.900,12,4182
22,3.500,0.900,84,16229
22,3.500,0.900,280,123181
22,3.500,0.900,3,7788
22,3.500,0.900,46,322456
22,3.500,0.900,119,22421
22,3.500,0.900,209,31553
22,3.500,0.900,111,465432
22,3.500,0.900,10,2588
22,3.500,0.900,66,15410
22,3.500,0.900,136,37586
22,3.500,0.900,86,60203
22,3.500,0.900,497,41487
22,3.500,0.900,119,41534
22,3.500,0.900,51,74976
22,3.500,0.900,245,137166
22,3.500,0.900,95,244783
22,3.500,0.900,427,88834
22,3.500,0.900,114,36152
22,3.500,0.900,39,48809
22,3.500,0.900,149,105125
22,3.500,0.900,82,36872
22,3.500,0.900,111,28554
22,3.500,0.900,852,113026
22,3.500,0.900,24,82532
22,3.500,0.900,83,43828
22,3.500,0.900,84,29142
22,3.500,0.900,14,24142
22,3.500,0.900,187,94310
22,3.500,0.900,361,231805
22,3.500,0.900,54,67047
22,3.500,0.900,36,44579
22,3.500,0.900,261,55623
22,3.500,0.900,27,408384
22,3.500,0.900,84,75774
22,3.500,0.900,115,130350
22,3.500,0.900,20,20724
22,3.500,0.900,245,48983
22,3.500,0.900,45,25418
22,3.500,0.900,344,64469
22,3.500,0.900,16,2593
22,3.500,0.900,13,24743
22,3.500,0.900,723,395257
22,3.500,0.900,472,127745
22,3.500,0.900,100,50429
22,3.500,0.900,164,30538
22,3.500,0.900,121,62752
22,3.500,0.900,337,42063
22,3.500,0.900,351,127802
22,3.500,0.900,2,4206
22,3.500,0.900,41,24795
22,3.500,0.900,124,24382
22,3.500,0.900,444,53911
22,3.500,0.900,4,367
22,3.500,0.900,324,51918
22,3.500,0.900,4,1735
22,3.500,0.900,64,46697
22,3.500,0.900,78,30749
22,3.500,0.900,196,192658
22,3.500,0.900,71,14060
22,3.500,0.900,165,94044
22,3.500,0.900,8,71712
22,3.500,0.900,32,13114
22,3.500,0.900,40,12590
22,3.500,0.900,200,74995
22,3.500,0.900,126,1099
22,3.500,0.900,262,32090
22,3.500,0.900,5,266345
22,3.500,0.900,46,48136
22,3.500,0.900,5,14518
22,3.500,0.900,169,90619
22,3.500,0.900,480,43317
22,3.500,0.900,54,19733
22,3.500,0.900,578,194133
22,3.500,0.900,27,28339
22,3.500,0.900,87,79504
22,3.500,0.900,30,41339
22,3.500,0.900,59,68503
22,3.500,0.900,161,68999
22,3.500,0.900,53,3908
22,3.500,0.900,146,37263
22,3.500,0.900,3,18881
22,3.500,0.900,15,14383
22,3.500,0.900,10,14741
22,3.500,0.900,132,60518
22,3.500,0.900,125,50840
22,3.500,0.900,34,43142
22,3.500,0.900,78,59389
22,3.500,0.900,49,145226
22,3.500,0.900,4,8078
22,3.500,0.900,114,118143
22,3.500,0.900,87,94644
22,3.500,0.900,44,1104
22,3.500,0.900,1826,89086
22,3.500,0.900,422,41357
22,3.500,0.900,90,157642
22,3.500,0.900,16,71504
22,3.500,0.900,10,1081
22,3.500,0.900,57,80410
22,3.500,0.900,414,146917
22,3.500,0.900,203,24116
22,3.500,0.900,8,51205
22,3.500,0.900,18,21729
22,3.500,0.900,7,29908
22,3.500,0.900,222,12579
22,3.500,0.900,63,24637
22,3.500,0.900,48,72204
22,3.500,0.900,15,21626
22,3.500,0.900,186,64417
22,3.500,0.900,42,41669
22,3.500,0.900,131,446300
22,3.500,0.900,205,134511
22,3.500,0.900,86,79984
22,3.500,0.900,48,44457
22,3.500,0.900,148,149999
22,3.500,0.900,73,36594
22,3.500,0.900,148,79010
22,3.500,0.900,714,89318
22,3.500,0.900,158,81290
22,3.500,0.900,248,41646
22,3.500,0.900,52,14798
22,3.500,0.900,10,128537
22,3.500,0.900,1,3381
22,3.500,0.900,351,97586
22,3.500,0.900,271,323326
22,3.500,0.900,54,122115
22,3.500,0.900,230,171766
22,3.500,0.900,34,22461
22,3.500,0.900,48,5391
22,3.500,0.900,445,360668
22,3.500,0.900,269,54243
22,3.500,0.900,66,44744
22,3.500,0.900,368,1125478
22,3.500,0.900,3,9482
22,3.500,0.900,165,213456
22,3.500,0.900,130,107553
22,3.500,0.900,147,165551
22,3.500,0.900,26,8055
22,3.500,0.900,90,36062
22,3.500,0.900,8,7471
22,3.500,0.900,85,14373
22,3.500,0.900,294,74291
22,3.500,0.900,24,11010
22,3.500,0.900,215,79809
22,3.500,0.900,189,104329
22,3.500,0.900,38,18504
22,3.500,0.900,42,36551
22,3.500,0.900,127,39026
22,3.500,0.900,37,94329
22,3.500,0.900,158,139187
22,3.500,0.900,52,16699
22,3.500,0.900,19,29074
22,3.500,0.900,156,89567
22,3.500,0.900,57,33265
22,3.500,0.900,64,15337
22,3.500,0.900,76,299787
22,3.500,0.900,82,17236
22,3.500,0.900,80,43009
22,3.500,0.900,88,152203
22,3.500,0.900,72,12054
22,3.500,0.900,17,14559
22,3.500,0.900,40,71685
22,3.500,0.900,264,88646
22,3.500,0.900,83,32925
22,3.500,0.900,73,86240
22,3.500,0.900,69,50910
22,3.500,0.900,15,51143
22,3.500,0.900,22,6631
22,3.500,0.900,8,4206
22,3.500,0.900,177,43239
22,3.500,0.900,4,24410
22,3.500,0.900,182,89555
22,3.500,0.900,160,4181
22,3.500,0.900,19,1473
22,3.500,0.900,10,8039
22,3.500,0.900,33,18907
22,3.500,0.900,30,118595
22,3.500,0.900,257,19718
22,3.500,0.900,45,60664
22,3.500,0.900,118,105501
22,3.500,0.900,372,52200
22,3.500,0.900,246,89074
22,3.500,0.900,13,112870
22,3.500,0.900,39,116890
22,3.500,0.900,136,101603
22,3.500,0.900,106,232540
22,3.500,0.900,41,23815
22,3.500,0.950,34,5518
22,3.500,0.950,152,121084
22,3.500,0.950,45,87611
22,3.500,0.950,97,103935
22,3.500,0.950,40,25066
22,3.500,0.950,51,58770
22,3.500,0.950,27,32599
22,3.500,0.950,376,28249
22,3.500,0.950,5,22549
22,3.500,0.950,9,45156
22,3.500,0.950,136,74210
22,3.500,0.950,201,163099
22,3.500,0.950,262,238038
22,3.500,0.950,34,4713
22,3.500,0.950,10,88416
22,3.500,0.950,65,28117
22,3.500,0.950,75,25621
22,3.500,0.950,251,24835
22,3.500,0.950,3,2855
22,3.500,0.950,66,72402
22,3.500,0.950,441,245635
22,3.500,0.950,14,58935
22,3.500,0.950,57,35271
22,3.500,0.950,709,31376
22,3.500,0.950,114,72296
22,3.500,0.950,129,258096
22,3.500,0.950,7,27600
22,3.500,0.950,58,177795
22,3.500,0.950,51,7296
22,3.500,0.950,221,324493
22,3.500,0.950,259,165156
22,3.500,0.950,67,94890
22,3.500,0.950,128,98142
22,3.500,0.950,192,174967
22,3.500,0.950,242,13916
22,3.500,0.950,28,15104
22,3.500,0.950,86,31877
22,3.500,0.950,265,121237
22,3.500,0.950,230,209880
22,3.500,0.950,156,84309
22,3.500,0.950,247,41632
22,3.500,0.950,15,25253
22,3.500,0.950,8,1527
22,3.500,0.950,6,18204
22,3.500,0.950,86,235621
22,3.500,0.950,82,23879
22,3.500,0.950,260,31400
22,3.500,0.950,169,113596
22,3.500,0.950,10,21817
22,3.500,0.950,80,156809
22,3.500,0.950,194,270215
22,3.500,0.950,51,24804
22,3.500,0.950,96,734672
22,3.500,0.950,20,6101
22,3.500,0.950,20,26882
22,3.500,0.950,29,37039
22,3.500,0.950,399,61795
22,3.500,0.950,158,220826
22,3.500,0.950,23,31693
22,3.500,0.950,271,159936
22,3.500,0.950,229,52695
22,3.500,0.950,83,67879
22,3.500,0.950,77,77565
22,3.500,0.950,2,544
22,3.500,0.950,167,121083
22,3.500,0.950,169,200485
22,3.500,0.950,131,252345
22,3.500,0.950,169,68734
22,3.500,0.950,174,131607
22,3.500,0.950,1,2783
22,3.500,0.950,151,39396
22,3.500,0.950,367,153744
22,3.500,0.950,71,145190
22,3.500,0.950,262,40528
22,3.500,0.950,109,57563
22,3.500,0.950,148,80247
22,3.500,0.950,284,66284
22,3.500,0.950,87,72712
22,3.500,0.950,58,185146
22,3.500,0.950,17,72231
22,3.500,0.950,18,11694
22,3.500,0.950,404,50325
22,3.500,0.950,38,17533
22,3.500,0.950,18,7149
22,3.500,0.950,316,110892
22,3.500,0.950,62,130573
22,3.500,0.950,51,106066
22,3.500,0.950,119,169178
22,3.500,0.950,40,2081
22,3.500,0.950,298,59921
22,3.500,0.950,818,100265
22,3.500,0.950,28,168619
22,3.500,0.950,24,32003
22,3.500,0.950,52,43338
22,3.500,0.950,120,33310
22,3.500,0.950,115,63654
22,3.500,0.950,6,8346
22,3.500,0.950,2,24942
22,3.500,0.950,19,12246
22,3.500,0.950,106,13300
22,3.500,0.950,646,712530
22,3.500,0.950,23,27678
22,3.500,0.950,50,52191
22,3.500,0.950,45,98201
22,3.500,0.950,48,51357
22,3.500,0.950,35,39621
22,3.500,0.950,25,25478
22,3.500,0.950,98,63964
22,3.500,0.950,498,79713
22,3.500,0.950,20,36622
22,3.500,0.950,540,76775
22,3.500,0.950,91,199477
22,3.500,0.950,32,40479
22,3.500,0.950,405,175146
22,3.500,0.950,13,5676
22,3.500,0.950,54,217607
22,3.500,0.950,62,51912
22,3.500,0.950,10,8717
22,3.500,0.950,25,10778
22,3.500,0.950,65,15526
22,3.500,0.950,97,8041
22,3.500,0.950,58,12013
22,3.500,0.950,12,14539
22,3.500,0.950,305,54733
22,3.500,0.950,23,36977
22,3.500,0.950,258,40114
22,3.500,0.950,79,42220
22,3.500,0.950,85,62014
22,3.500,0.950,10,10497
22,3.500,0.950,115,37799
22,3.500,0.950,250,176403
22,3.500,0.950,203,25080
22,3.500,0.950,80,312117
22,3.500,0.950,12,21279
22,3.500,0.950,39,74825
22,3.500,0.950,226,71144
22,3.500,0.950,121,100286
22,3.500,0.950,25,11880
22,3.500,0.950,17,3381
22,3.500,0.950,53,667563
22,3.500,0.950,76,38532
22,3.500,0.950,277,88171
22,3.500,0.950,222,151414
22,3.500,0.950,81,127647
22,3.500,0.950,15,8345
22,3.500,0.950,22,54132
22,3.500,0.950,479,389209
22,3.500,0.950,261,22840
22,3.500,0.950,35,14334
22,3.500,0.950,103,7465
22,3.500,0.950,92,10497
22,3.500,0.950,245,76688
22,3.500,0.950,101,46348
22,3.500,0.950,46,74735
22,3.500,0.950,35,162058
22,3.500,0.950,72,24414
22,3.500,0.950,21,24525
22,3.500,0.950,277,36505
22,3.500,0.950,109,223342
22,3.500,0.950,84,49684
22,3.500,0.950,143,185443
22,3.500,0.950,291,59414
22,3.500,0.950,219,52565
22,3.500,0.950,104,20724
22,3.500,0.950,7,28177
22,3.500,0.950,1,8483
22,3.500,0.950,238,40794
22,3.500,0.950,39,32756
22,3.500,0.950,128,179638
22,3.500,0.950,32,20327
22,3.500,0.950,80,65325
22,3.500,0.950,138,65044
22,3.500,0.950,295,78206
22,3.500,0.950,55,59247
22,3.500,0.950,651,362728
22,3.500,0.950,168,106657
22,3.500,0.950,41,24939
22,3.500,0.950,379,98259
22,3.500,0.950,130,39161
22,3.500,0.950,56,92685
22,3.500,0.950,50,27883
22,3.500,0.950,94,18441
22,3.500,0.950,54,111676
22,3.500,0.950,103,217176
22,3.500,0.950,746,209748
22,3.500,0.950,6,4916
22,3.500,0.950,138,34740
22,3.500,0.950,107,74428
22,3.500,0.950,85,88670
22,3.500,0.950,28,5993
22,3.500,0.950,5,4709
22,3.500,0.950,621,399398
22,3.500,0.950,43,38928
22,3.500,0.950,49,35759
22,3.500,0.950,141,65141
22,3.500,0.950,5,435747
22,3.500,0.950,434,49562
22,3.500,0.950,63,64083
22,3.500,0.950,15,49240
22,3.500,0.950,4,1849
22,3.500,0.950,57,12174
22,3.500,0.950,117,408556
22,3.500,0.950,34,90863
22,3.500,0.950,34,13011
22,3.500,0.950,24,44648
22,3.500,0.950,26,49896
22,3.500,0.950,229,198567
22,3.500,0.950,51,14262
22,3.500,0.950,102,101765
22,3.500,0.950,15,5166
22,3.500,0.950,63,14695
22,3.500,0.950,96,266994
22,3.500,0.950,143,28438
22,3.500,0.950,167,37125
22,3.500,0.950,39,33850
22,3.500,0.950,68,57771
22,3.500,0.950,29,93277
22,3.500,0.950,246,94187
22,3.500,0.950,73,16694
22,3.500,0.950,185,91842
22,3.500,0.950,199,153300
22,3.500,0.950,16,6875
22,3.500,0.950,338,83287
22,3.500,0.950,137,32737
22,3.500,0.950,24,61248
22,3.500,0.950,192,124924
22,3.500,0.950,234,56675
22,3.500,0.950,134,31639
22,3.500,0.950,49,35241
22,3.500,0.950,30,17727
22,3.500,0.950,40,9805
22,3.500,0.950,82,24867
22,3.500,0.950,76,9651
22,3.500,0.950,271,182045
22,3.500,0.950,20,59127
22,3.500,0.950,109,142157
22,3.500,0.950,185,115043
22,3.500,0.950,128,239034
22,3.500,0.950,48,30436
22,3.500,0.950,169,79844
22,3.500,0.950,188,21901
22,3.500,0.950,29,41343
22,3.500,0.950,114,155511
22,3.500,0.950,255,113739
22,3.500,0.950,9,42853
22,3.500,0.950,36,4459
22,3.500,0.950,70,310564
22,3.500,0.950,14,81214
22,3.500,0.950,165,81624
22,3.500,0.950,129,61818
22,3.500,0.950,114,177663
22,3.500,0.950,159,79276
22,3.500,0.950,14,9408
22,3.500,0.950,192,157000
22,3.500,0.950,30,210735
22,3.500,0.950,114,56668
22,3.500,0.950,200,57824
22,3.500,0.950,30,26657
22,3.500,0.950,28,160856
22,3.500,0.950,139,24859
22,3.500,0.950,48,181561
22,3.500,0.950,360,66553
22,3.500,0.950,56,50485
22,3.500,0.950,9,22970
22,3.500,0.950,400,38201
22,3.500,0.950,38,35347
22,3.500,0.950,5,3594
22,3.500,0.950,66,24672
22,3.500,0.950,58,14705
22,3.500,0.950,546,121688
22,3.500,0.950,134,28594
22,3.500,0.950,8,6909
22,3.500,0.950,49,21743
22,3.500,0.950,383,34284
22,3.500,0.950,154,31215
22,3.500,0.950,56,43849
22,3.500,0.950,28,85632
22,3.500,0.950,298,155133
22,3.500,0.950,103,97880
22,3.500,0.950,32,65088
22,3.500,0.950,48,78292
22,3.500,0.950,76,18767
22,3.500,0.950,77,12143
22,3.500,0.950,384,161292
22,3.500,0.950,106,10057
22,3.500,0.950,22,20646
22,3.500,0.950,129,30541
22,3.500,0.950,22,2958
22,3.500,0.950,47,23444
22,3.500,0.950,75,28178
22,3.500,0.950,89,66760
22,3.500,0.950,45,92332
22,3.500,0.950,63,72701
22,3.500,0.950,33,15840
22,3.500,0.950,21,14112
22,3.500,1.000,99,160
22,3.500,1.000,58,112
22,3.500,1.000,52,52
22,3.500,1.000,241,218
22,3.500,1.000,105,148
22,3.500,1.000,260,234
22,3.500,1.000,76,200
22,3.500,1.000,70,160
22,3.500,1.000,420,245
22,3.500,1.000,103,141
22,3.500,1.000,14,30
22,3.500,1.000,276,222
22,3.500,1.000,247,315
22,3.500,1.000,53,80
22,3.500,1.000,10,29
22,3.500,1.000,204,259
22,3.500,1.000,162,130
22,3.500,1.000,34,142
22,3.500,1.000,73,149
22,3.500,1.000,152,152
22,3.500,1.000,21,51
22,3.500,1.000,649,781
22,3.500,1.000,592,669
22,3.500,1.000,65,162
22,3.500,1.000,72,116
22,3.500,1.000,106,194
22,3.500,1.000,18,25
22,3.500,1.000,18,33
22,3.500,1.000,21,71
22,3.500,1.000,252,157
22,3.500,1.000,22,37
22,3.500,1.000,85,131
22,3.500,1.000,36,39
22,3.500,1.000,197,254
22,3.500,1.000,135,235
22,3.500,1.000,22,53
22,3.500,1.000,14,20
22,3.500,1.000,12,35
22,3.500,1.000,272,185
22,3.500,1.000,128,355
22,3.500,1.000,52,92
22,3.500,1.000,126,250
22,3.500,1.000,18,24
22,3.500,1.000,54,100
22,3.500,1.000,671,727
22,3.500,1.000,46,83
22,3.500,1.000,120,182
22,3.500,1.000,380,362
22,3.500,1.000,38,80
22,3.500,1.000,55,127
22,3.500,1.000,15,63
22,3.500,1.000,59,126
22,3.500,1.000,336,370
22,3.500,1.000,335,591
22,3.500,1.000,99,136
22,3.500,1.000,454,411
22,3.500,1.000,20,47
22,3.500,1.000,35,88
22,3.500,1.000,73,106
22,3.500,1.000,29,37
22,3.500,1.000,55,69
22,3.500,1.000,179,311
22,3.500,1.000,88,180
22,3.500,1.000,166,261
22,3.500,1.000,10,22
22,3.500,1.000,28,61
22,3.500,1.000,11,31
22,3.500,1.000,2,12
22,3.500,1.000,18,55
22,3.500,1.000,9,31
22,3.500,1.000,71,92
22,3.500,1.000,18,49
22,3.500,1.000,85,161
22,3.500,1.000,6,26
22,3.500,1.000,392,692
22,3.500,1.000,82,132
22,3.500,1.000,162,207
22,3.500,1.000,31,46
22,3.500,1.000,109,215
22,3.500,1.000,58,85
22,3.500,1.000,135,260
22,3.500,1.000,38,87
22,3.500,1.000,120,154
22,3.500,1.000,146,195
22,3.500,1.000,168,202
22,3.500,1.000,38,46
22,3.500,1.000,289,438
22,3.500,1.000,28,101
22,3.500,1.000,21,28
22,3.500,1.000,226,291
22,3.500,1.000,9,19
22,3.500,1.000,47,47
22,3.500,1.000,168,216
22,3.500,1.000,58,150
22,3.500,1.000,144,151
22,3.500,1.000,220,269
22,3.500,1.000,77,188
22,3.500,1.000,65,98
22,3.500,1.000,127,276
22,3.500,1.000,163,232
22,3.500,1.000,85,134
22,3.500,1.000,18,48
22,3.500,1.000,42,96
22,3.500,1.000,28,42
22,3.500,1.000,260,399
22,3.500,1.000,1,10
22,3.500,1.000,143,168
22,3.500,1.000,37,73
22,3.500,1.000,76,196
22,3.500,1.000,310,347
22,3.500,1.000,53,98
22,3.500,1.000,62,93
22,3.500,1.000,66,174
22,3.500,1.000,17,65
22,3.500,1.000,128,254
22,3.500,1.000,201,379
22,3.500,1.000,46,130
22,3.500,1.000,30,23
22,3.500,1.000,137,192
22,3.500,1.000,127,253
22,3.500,1.000,50,114
22,3.500,1.000,114,144
22,3.500,1.000,104,84
22,3.500,1.000,8,21
22,3.500,1.000,20,45
22,3.500,1.000,700,875
22,3.500,1.000,56,94
22,3.500,1.000,35,43
22,3.500,1.000,89,192
22,3.500,1.000,178,167
22,3.500,1.000,90,208
22,3.500,1.000,32,54
22,3.500,1.000,155,283
22,3.500,1.000,185,284
22,3.500,1.000,2,12
22,3.500,1.000,104,125
22,3.500,1.000,18,47
22,3.500,1.000,5,17
22,3.500,1.000,139,295
22,3.500,1.000,43,83
22,3.500,1.000,68,113
22,3.500,1.000,203,366
22,3.500,1.000,75,79
22,3.500,1.000,12,26
22,3.500,1.000,133,212
22,3.500,1.000,244,356
22,3.500,1.000,30,37
22,3.500,1.000,59,105
22,3.500,1.000,251,327
22,3.500,1.000,105,186
22,3.500,1.000,208,243
22,3.500,1.000,110,118
22,3.500,1.000,42,46
22,3.500,1.000,211,224
22,3.500,1.000,78,88
22,3.500,1.000,214,304
22,3.500,1.000,30,48
22,3.500,1.000,22,46
22,3.500,1.000,1,15
22,3.500,1.000,502,187
22,3.500,1.000,38,115
22,3.500,1.000,107,119
22,3.500,1.000,48,75
22,3.500,1.000,20,54
22,3.500,1.000,169,395
22,3.500,1.000,391,144
22,3.500,1.000,110,263
22,3.500,1.000,9,30
22,3.500,1.000,30,56
22,3.500,1.000,31,113
22,3.500,1.000,163,199
22,3.500,1.000,82,162
22,3.500,1.000,215,306
22,3.500,1.000,23,54
22,3.500,1.000,68,159
22,3.500,1.000,183,310
22,3.500,1.000,317,551
22,3.500,1.000,269,351
22,3.500,1.000,89,178
22,3.500,1.000,351,293
22,3.500,1.000,18,43
22,3.500,1.000,19,37
22,3.500,1.000,283,195
22,3.500,1.000,293,312
22,3.500,1.000,343,440
22,3.500,1.000,90,193
22,3.500,1.000,29,90
22,3.500,1.000,128,123
22,3.500,1.000,72,231
22,3.500,1.000,56,151
22,3.500,1.000,301,369
22,3.500,1.000,68,141
22,3.500,1.000,178,151
22,3.500,1.000,111,220
22,3.500,1.000,56,68
22,3.500,1.000,20,53
22,3.500,1.000,259,237
22,3.500,1.000,100,210
22,3.500,1.000,154,187
22,3.500,1.000,192,348
22,3.500,1.000,122,236
22,3.500,1.000,17,42
22,3.500,1.000,133,95
22,3.500,1.000,164,141
22,3.500,1.000,26,71
22,3.500,1.000,4422,1565
22,3.500,1.000,113,247
22,3.500,1.000,173,283
22,3.500,1.000,18,42
22,3.500,1.000,201,284
22,3.500,1.000,135,126
22,3.500,1.000,218,281
22,3.500,1.000,87,150
22,3.500,1.000,70,81
22,3.500,1.000,51,100
22,3.500,1.000,18,26
22,3.500,1.000,347,358
22,3.500,1.000,39,99
22,3.500,1.000,58,86
22,3.500,1.000,5,15
22,3.500,1.000,172,445
22,3.500,1.000,345,416
22,3.500,1.000,798,829
22,3.500,1.000,112,103
22,3.500,1.000,30,112
22,3.500,1.000,487,294
22,3.500,1.000,116,161
22,3.500,1.000,383,577
22,3.500,1.000,879,894
22,3.500,1.000,137,175
22,3.500,1.000,10,41
22,3.500,1.000,437,760
22,3.500,1.000,109,121
22,3.500,1.000,190,189
22,3.500,1.000,48,118
22,3.500,1.000,18,55
22,3.500,1.000,262,293
22,3.500,1.000,154,202
22,3.500,1.000,87,131
22,3.500,1.000,68,97
22,3.500,1.000,326,479
22,3.500,1.000,62,92
22,3.500,1.000,165,174
22,3.500,1.000,682,647
22,3.500,1.000,39,99
22,3.500,1.000,29,49
22,3.500,1.000,811,733
22,3.500,1.000,54,103
22,3.500,1.000,5,29
22,3.500,1.000,9,15
22,3.500,1.000,24,35
22,3.500,1.000,17,58
22,3.500,1.000,152,157
22,3.500,1.000,218,216
22,3.500,1.000,219,278
22,3.500,1.000,232,367
22,3.500,1.000,21,55
22,3.500,1.000,141,226
22,3.500,1.000,18,50
22,3.500,1.000,43,124
22,3.500,1.000,147,280
22,3.500,1.000,46,135
22,3.500,1.000,26,124
22,3.500,1.000,1,10
22,3.500,1.000,234,335
22,3.500,1.000,137,181
22,3.500,1.000,664,571
22,3.500,1.000,139,184
22,3.500,1.000,53,103
22,3.500,1.000,117,250
22,3.500,1.000,58,116
22,3.500,1.000,83,98
22,3.500,1.000,118,93
22,3.500,1.000,130,213
22,3.500,1.000,201,263
22,3.500,1.000,90,51
22,3.500,1.000,195,245
22,3.500,1.000,123,167
22,3.500,1.000,53,93
22,3.500,1.000,28,107
22,3.500,1.000,59,97
22,3.500,1.000,18,25
22,3.500,1.000,58,109
22,3.500,1.000,80,160
22,3.500,1.000,41,98
22,3.500,1.000,12,17
22,3.500,1.000,238,367
22,3.500,1.000,280,374
22,3.500,1.000,72,175
22,3.500,1.000,98,235
22,3.500,1.000,113,160
22,3.500,1.000,2,14
